0 verbose cli /data/data/com.termux/files/usr/bin/node /data/data/com.termux/files/usr/bin/npm
1 info using npm@11.18.0
2 info using node@v26.4.0
3 silly config load:file:/data/data/com.termux/files/usr/lib/node_modules/npm/npmrc
4 silly config load:file:/data/data/com.termux/files/home/markzinmaanow-main/.npmrc
5 silly config load:file:/data/data/com.termux/files/home/.npmrc
6 silly config load:file:/data/data/com.termux/files/usr/etc/npmrc
7 verbose title npm install
8 verbose argv "install" "--ignore-scripts"
9 verbose logfile logs-max:10 dir:/data/data/com.termux/files/home/.npm/_logs/2026-07-27T20_31_31_297Z-
10 verbose logfile /data/data/com.termux/files/home/.npm/_logs/2026-07-27T20_31_31_297Z-debug-0.log
11 silly logfile done cleaning log files
12 silly packumentCache heap:996409344 maxSize:249102336 maxEntrySize:124551168
13 silly idealTree buildDeps
14 silly fetch manifest @supabase/supabase-js@^2.105.0
15 silly packumentCache full:https://registry.npmjs.org/@supabase%2fsupabase-js cache-miss
16 http cache https://registry.npmjs.org/@supabase%2fsupabase-js 174ms (cache hit)
17 silly packumentCache full:https://registry.npmjs.org/@supabase%2fsupabase-js set size:3794225 disposed:false
18 silly fetch manifest nitro@3.0.260603-beta
19 silly packumentCache full:https://registry.npmjs.org/nitro cache-miss
20 http cache https://registry.npmjs.org/nitro 44ms (cache hit)
21 silly packumentCache full:https://registry.npmjs.org/nitro set size:695081 disposed:false
22 silly fetch manifest @vercel/queue@^0.2.0
23 silly packumentCache full:https://registry.npmjs.org/@vercel%2fqueue cache-miss
24 http cache https://registry.npmjs.org/@vercel%2fqueue 36ms (cache hit)
25 silly packumentCache full:https://registry.npmjs.org/@vercel%2fqueue set size:182129 disposed:false
26 silly fetch manifest dotenv@*
27 silly packumentCache full:https://registry.npmjs.org/dotenv cache-miss
28 http cache https://registry.npmjs.org/dotenv 27ms (cache hit)
29 silly packumentCache full:https://registry.npmjs.org/dotenv set size:277802 disposed:false
30 silly fetch manifest giget@*
31 silly packumentCache full:https://registry.npmjs.org/giget cache-miss
32 http cache https://registry.npmjs.org/giget 31ms (cache hit)
33 silly packumentCache full:https://registry.npmjs.org/giget set size:102437 disposed:false
34 silly fetch manifest jiti@^2.7.0
35 silly packumentCache full:https://registry.npmjs.org/jiti cache-miss
36 http cache https://registry.npmjs.org/jiti 31ms (cache hit)
37 silly packumentCache full:https://registry.npmjs.org/jiti set size:387989 disposed:false
38 silly fetch manifest rollup@^4.60.4
39 silly packumentCache full:https://registry.npmjs.org/rollup cache-miss
40 http cache https://registry.npmjs.org/rollup 93ms (cache hit)
41 silly packumentCache full:https://registry.npmjs.org/rollup set size:6266245 disposed:false
42 silly fetch manifest vite@^7.3.1
43 silly packumentCache full:https://registry.npmjs.org/vite cache-miss
44 http cache https://registry.npmjs.org/vite 412ms (cache hit)
45 silly packumentCache full:https://registry.npmjs.org/vite set size:38911891 disposed:false
46 silly fetch manifest @types/node@^22.16.5
47 silly packumentCache full:https://registry.npmjs.org/@types%2fnode cache-miss
48 http cache https://registry.npmjs.org/@types%2fnode 151ms (cache hit)
49 silly packumentCache full:https://registry.npmjs.org/@types%2fnode set size:11084776 disposed:false
50 silly fetch manifest less@^4.0.0
51 silly packumentCache full:https://registry.npmjs.org/less cache-miss
52 http cache https://registry.npmjs.org/less 90ms (cache hit)
53 silly packumentCache full:https://registry.npmjs.org/less set size:492138 disposed:false
54 silly fetch manifest lightningcss@^1.21.0
55 silly packumentCache full:https://registry.npmjs.org/lightningcss cache-miss
56 http cache https://registry.npmjs.org/lightningcss 43ms (cache hit)
57 silly packumentCache full:https://registry.npmjs.org/lightningcss set size:191065 disposed:false
58 silly fetch manifest sass@^1.70.0
59 silly packumentCache full:https://registry.npmjs.org/sass cache-miss
60 http cache https://registry.npmjs.org/sass 54ms (cache hit)
61 silly packumentCache full:https://registry.npmjs.org/sass set size:743214 disposed:false
62 silly fetch manifest sass-embedded@^1.70.0
63 silly packumentCache full:https://registry.npmjs.org/sass-embedded cache-miss
64 http cache https://registry.npmjs.org/sass-embedded 47ms (cache hit)
65 silly packumentCache full:https://registry.npmjs.org/sass-embedded set size:419718 disposed:false
66 silly fetch manifest stylus@>=0.54.8
67 silly packumentCache full:https://registry.npmjs.org/stylus cache-miss
68 http cache https://registry.npmjs.org/stylus 41ms (cache hit)
69 silly packumentCache full:https://registry.npmjs.org/stylus set size:286766 disposed:false
70 silly fetch manifest sugarss@^5.0.0
71 silly packumentCache full:https://registry.npmjs.org/sugarss cache-miss
72 http cache https://registry.npmjs.org/sugarss 44ms (cache hit)
73 silly packumentCache full:https://registry.npmjs.org/sugarss set size:44975 disposed:false
74 silly fetch manifest postcss@^8.3.3
75 silly packumentCache full:https://registry.npmjs.org/postcss cache-miss
76 http cache https://registry.npmjs.org/postcss 60ms (cache hit)
77 silly packumentCache full:https://registry.npmjs.org/postcss set size:749954 disposed:false
78 silly fetch manifest terser@^5.16.0
79 silly packumentCache full:https://registry.npmjs.org/terser cache-miss
80 http cache https://registry.npmjs.org/terser 37ms (cache hit)
81 silly packumentCache full:https://registry.npmjs.org/terser set size:806866 disposed:false
82 silly fetch manifest tsx@^4.8.1
83 silly packumentCache full:https://registry.npmjs.org/tsx cache-miss
84 http cache https://registry.npmjs.org/tsx 20ms (cache hit)
85 silly packumentCache full:https://registry.npmjs.org/tsx set size:312195 disposed:false
86 silly fetch manifest yaml@^2.4.2
87 silly packumentCache full:https://registry.npmjs.org/yaml cache-miss
88 http cache https://registry.npmjs.org/yaml 22ms (cache hit)
89 silly packumentCache full:https://registry.npmjs.org/yaml set size:385754 disposed:false
90 silly fetch manifest xml2js@^0.6.2
91 silly packumentCache full:https://registry.npmjs.org/xml2js cache-miss
92 http cache https://registry.npmjs.org/xml2js 18ms (cache hit)
93 silly packumentCache full:https://registry.npmjs.org/xml2js set size:198018 disposed:false
94 silly fetch manifest zephyr-agent@^0.2.0
95 silly packumentCache full:https://registry.npmjs.org/zephyr-agent cache-miss
96 http cache https://registry.npmjs.org/zephyr-agent 28ms (cache hit)
97 silly packumentCache full:https://registry.npmjs.org/zephyr-agent set size:815340 disposed:false
98 silly fetch manifest https-proxy-agent@^7.0.6
99 silly packumentCache full:https://registry.npmjs.org/https-proxy-agent cache-miss
100 http cache https://registry.npmjs.org/https-proxy-agent 20ms (cache hit)
101 silly packumentCache full:https://registry.npmjs.org/https-proxy-agent set size:83792 disposed:false
102 silly fetch manifest xlsx@^0.18.5
103 silly packumentCache full:https://registry.npmjs.org/xlsx cache-miss
104 http cache https://registry.npmjs.org/xlsx 23ms (cache hit)
105 silly packumentCache full:https://registry.npmjs.org/xlsx set size:332265 disposed:false
106 silly fetch manifest @lovable.dev/vite-tanstack-config@2.7.7
107 silly packumentCache full:https://registry.npmjs.org/@lovable.dev%2fvite-tanstack-config cache-miss
108 http cache https://registry.npmjs.org/@lovable.dev%2fvite-tanstack-config 24ms (cache hit)
109 silly packumentCache full:https://registry.npmjs.org/@lovable.dev%2fvite-tanstack-config set size:315628 disposed:false
110 silly fetch manifest @tailwindcss/vite@^4.2.1
111 silly packumentCache full:https://registry.npmjs.org/@tailwindcss%2fvite cache-miss
112 http cache https://registry.npmjs.org/@tailwindcss%2fvite 62ms (cache hit)
113 silly packumentCache full:https://registry.npmjs.org/@tailwindcss%2fvite set size:2247930 disposed:false
114 silly fetch manifest jiti@>=1.21.0
115 silly packumentCache full:https://registry.npmjs.org/jiti cache-hit
116 silly fetch manifest @tanstack/react-start@^1.167.14
117 silly packumentCache full:https://registry.npmjs.org/@tanstack%2freact-start cache-miss
118 http cache https://registry.npmjs.org/@tanstack%2freact-start 79ms (cache hit)
119 silly packumentCache full:https://registry.npmjs.org/@tanstack%2freact-start set size:3174683 disposed:false
120 silly fetch manifest @rsbuild/core@^2.0.0
121 silly packumentCache full:https://registry.npmjs.org/@rsbuild%2fcore cache-miss
122 http cache https://registry.npmjs.org/@rsbuild%2fcore 41ms (cache hit)
123 silly packumentCache full:https://registry.npmjs.org/@rsbuild%2fcore set size:1433697 disposed:false
124 silly fetch manifest core-js@>= 3.0.0
125 silly packumentCache full:https://registry.npmjs.org/core-js cache-miss
126 http cache https://registry.npmjs.org/core-js 39ms (cache hit)
127 silly packumentCache full:https://registry.npmjs.org/core-js set size:814557 disposed:false
128 silly fetch manifest react@^19.2.0
129 silly packumentCache full:https://registry.npmjs.org/react cache-miss
130 http cache https://registry.npmjs.org/react 111ms (cache hit)
131 silly packumentCache full:https://registry.npmjs.org/react set size:6834859 disposed:false
132 silly fetch manifest react-dom@^19.2.0
133 silly packumentCache full:https://registry.npmjs.org/react-dom cache-miss
134 http cache https://registry.npmjs.org/react-dom 134ms (cache hit)
135 silly packumentCache full:https://registry.npmjs.org/react-dom set size:9168012 disposed:false
136 silly fetch manifest @vitejs/plugin-react@^5.0.4
137 silly packumentCache full:https://registry.npmjs.org/@vitejs%2fplugin-react cache-miss
138 http cache https://registry.npmjs.org/@vitejs%2fplugin-react 46ms (cache hit)
139 silly packumentCache full:https://registry.npmjs.org/@vitejs%2fplugin-react set size:273554 disposed:false
140 silly fetch manifest vite-tsconfig-paths@^6.0.2
141 silly packumentCache full:https://registry.npmjs.org/vite-tsconfig-paths cache-miss
142 http cache https://registry.npmjs.org/vite-tsconfig-paths 27ms (cache hit)
143 silly packumentCache full:https://registry.npmjs.org/vite-tsconfig-paths set size:244093 disposed:false
144 silly placeDep ROOT @lovable.dev/vite-tanstack-config@2.7.7 REPLACE for:  want: 2.7.7
145 silly placeDep ROOT @supabase/supabase-js@2.110.9 OK for:  want: ^2.105.0
146 silly placeDep ROOT nitro@3.0.260603-beta OK for:  want: 3.0.260603-beta
147 silly placeDep ROOT jiti@2.7.0 REPLACE for: nitro@3.0.260603-beta want: ^2.7.0
148 silly placeDep ROOT rollup@4.62.3 REPLACE for: nitro@3.0.260603-beta want: ^4.60.4
149 silly placeDep ROOT xlsx@0.18.5 OK for:  want: ^0.18.5
150 silly fetch manifest @lovable.dev/vite-plugin-dev-server-bridge@^1.2.1
151 silly packumentCache full:https://registry.npmjs.org/@lovable.dev%2fvite-plugin-dev-server-bridge cache-miss
152 silly fetch manifest @lovable.dev/vite-plugin-hmr-gate@^1.1.3
153 silly packumentCache full:https://registry.npmjs.org/@lovable.dev%2fvite-plugin-hmr-gate cache-miss
154 silly fetch manifest @tanstack/devtools-vite@^0.8.1
155 silly packumentCache full:https://registry.npmjs.org/@tanstack%2fdevtools-vite cache-miss
156 silly fetch manifest @supabase/auth-js@2.110.9
157 silly packumentCache full:https://registry.npmjs.org/@supabase%2fauth-js cache-miss
158 silly fetch manifest @supabase/storage-js@2.110.9
159 silly packumentCache full:https://registry.npmjs.org/@supabase%2fstorage-js cache-miss
160 silly fetch manifest @supabase/realtime-js@2.110.9
161 silly packumentCache full:https://registry.npmjs.org/@supabase%2frealtime-js cache-miss
162 silly fetch manifest @supabase/functions-js@2.110.9
163 silly packumentCache full:https://registry.npmjs.org/@supabase%2ffunctions-js cache-miss
164 http cache https://registry.npmjs.org/@lovable.dev%2fvite-plugin-hmr-gate 95ms (cache hit)
165 silly packumentCache full:https://registry.npmjs.org/@lovable.dev%2fvite-plugin-hmr-gate set size:106494 disposed:false
166 silly fetch manifest @supabase/postgrest-js@2.110.9
167 silly packumentCache full:https://registry.npmjs.org/@supabase%2fpostgrest-js cache-miss
168 http cache https://registry.npmjs.org/@lovable.dev%2fvite-plugin-dev-server-bridge 107ms (cache hit)
169 silly packumentCache full:https://registry.npmjs.org/@lovable.dev%2fvite-plugin-dev-server-bridge set size:134439 disposed:false
170 silly fetch manifest h3@^2.0.1-rc.22
171 silly packumentCache full:https://registry.npmjs.org/h3 cache-miss
172 http cache https://registry.npmjs.org/@tanstack%2fdevtools-vite 118ms (cache hit)
173 silly packumentCache full:https://registry.npmjs.org/@tanstack%2fdevtools-vite set size:118947 disposed:false
174 silly fetch manifest db0@^0.3.4
175 silly packumentCache full:https://registry.npmjs.org/db0 cache-miss
176 http cache https://registry.npmjs.org/@supabase%2fstorage-js 131ms (cache hit)
177 silly packumentCache full:https://registry.npmjs.org/@supabase%2fstorage-js set size:1544982 disposed:false
178 silly fetch manifest nf3@^0.3.17
179 silly packumentCache full:https://registry.npmjs.org/nf3 cache-miss
180 http cache https://registry.npmjs.org/@supabase%2ffunctions-js 183ms (cache hit)
181 silly packumentCache full:https://registry.npmjs.org/@supabase%2ffunctions-js set size:1273410 disposed:false
182 silly fetch manifest srvx@^0.11.16
183 silly packumentCache full:https://registry.npmjs.org/srvx cache-miss
184 http cache https://registry.npmjs.org/@supabase%2fauth-js 269ms (cache hit)
185 silly packumentCache full:https://registry.npmjs.org/@supabase%2fauth-js set size:1554388 disposed:false
186 silly fetch manifest ohash@^2.0.11
187 silly packumentCache full:https://registry.npmjs.org/ohash cache-miss
188 http cache https://registry.npmjs.org/@supabase%2frealtime-js 319ms (cache hit)
189 silly packumentCache full:https://registry.npmjs.org/@supabase%2frealtime-js set size:1795399 disposed:false
190 silly fetch manifest ocache@^0.1.4
191 silly packumentCache full:https://registry.npmjs.org/ocache cache-miss
192 http cache https://registry.npmjs.org/db0 295ms (cache hit)
193 silly packumentCache full:https://registry.npmjs.org/db0 set size:71272 disposed:false
194 silly fetch manifest ofetch@^2.0.0-alpha.3
195 silly packumentCache full:https://registry.npmjs.org/ofetch cache-miss
196 http cache https://registry.npmjs.org/h3 324ms (cache hit)
197 silly packumentCache full:https://registry.npmjs.org/h3 set size:467758 disposed:false
198 silly fetch manifest consola@^3.4.2
199 silly packumentCache full:https://registry.npmjs.org/consola cache-miss
200 http cache https://registry.npmjs.org/nf3 276ms (cache hit)
201 silly packumentCache full:https://registry.npmjs.org/nf3 set size:91930 disposed:false
202 silly fetch manifest crossws@^0.4.5
203 silly packumentCache full:https://registry.npmjs.org/crossws cache-miss
204 http cache https://registry.npmjs.org/ocache 90ms (cache hit)
205 silly packumentCache full:https://registry.npmjs.org/ocache set size:24559 disposed:false
206 silly fetch manifest hookable@^6.1.1
207 silly packumentCache full:https://registry.npmjs.org/hookable cache-miss
208 http cache https://registry.npmjs.org/ohash 158ms (cache hit)
209 silly packumentCache full:https://registry.npmjs.org/ohash set size:69122 disposed:false
210 silly fetch manifest rolldown@^1.0.3
211 silly packumentCache full:https://registry.npmjs.org/rolldown cache-miss
212 http cache https://registry.npmjs.org/@supabase%2fpostgrest-js 387ms (cache hit)
213 silly packumentCache full:https://registry.npmjs.org/@supabase%2fpostgrest-js set size:1989620 disposed:false
214 silly fetch manifest unstorage@^2.0.0-alpha.7
215 silly packumentCache full:https://registry.npmjs.org/unstorage cache-miss
216 http cache https://registry.npmjs.org/srvx 286ms (cache hit)
217 silly packumentCache full:https://registry.npmjs.org/srvx set size:290186 disposed:false
218 silly fetch manifest env-runner@^0.1.9
219 silly packumentCache full:https://registry.npmjs.org/env-runner cache-miss
220 http cache https://registry.npmjs.org/consola 156ms (cache hit)
221 silly packumentCache full:https://registry.npmjs.org/consola set size:324648 disposed:false
222 silly fetch manifest @types/estree@1.0.9
223 silly packumentCache full:https://registry.npmjs.org/@types%2festree cache-miss
224 http cache https://registry.npmjs.org/unstorage 88ms (cache hit)
225 silly packumentCache full:https://registry.npmjs.org/unstorage set size:355348 disposed:false
226 silly fetch manifest @rollup/rollup-darwin-x64@4.62.3
227 silly packumentCache full:https://registry.npmjs.org/@rollup%2frollup-darwin-x64 cache-miss
228 http cache https://registry.npmjs.org/ofetch 228ms (cache hit)
229 silly packumentCache full:https://registry.npmjs.org/ofetch set size:75280 disposed:false
230 silly fetch manifest @rollup/rollup-freebsd-x64@4.62.3
231 silly packumentCache full:https://registry.npmjs.org/@rollup%2frollup-freebsd-x64 cache-miss
232 http cache https://registry.npmjs.org/hookable 196ms (cache hit)
233 silly packumentCache full:https://registry.npmjs.org/hookable set size:114658 disposed:false
234 silly fetch manifest @rollup/rollup-openbsd-x64@4.62.3
235 silly packumentCache full:https://registry.npmjs.org/@rollup%2frollup-openbsd-x64 cache-miss
236 http cache https://registry.npmjs.org/rolldown 209ms (cache hit)
237 silly packumentCache full:https://registry.npmjs.org/rolldown set size:3761943 disposed:false
238 silly fetch manifest @rollup/rollup-darwin-arm64@4.62.3
239 silly packumentCache full:https://registry.npmjs.org/@rollup%2frollup-darwin-arm64 cache-miss
240 http cache https://registry.npmjs.org/crossws 320ms (cache hit)
241 silly packumentCache full:https://registry.npmjs.org/crossws set size:111477 disposed:false
242 silly fetch manifest @rollup/rollup-android-arm64@4.62.3
243 silly packumentCache full:https://registry.npmjs.org/@rollup%2frollup-android-arm64 cache-miss
244 http cache https://registry.npmjs.org/env-runner 237ms (cache hit)
245 silly packumentCache full:https://registry.npmjs.org/env-runner set size:83670 disposed:false
246 silly fetch manifest @rollup/rollup-freebsd-arm64@4.62.3
247 silly packumentCache full:https://registry.npmjs.org/@rollup%2frollup-freebsd-arm64 cache-miss
248 http cache https://registry.npmjs.org/@types%2festree 199ms (cache hit)
249 silly packumentCache full:https://registry.npmjs.org/@types%2festree set size:76072 disposed:false
250 silly fetch manifest @rollup/rollup-linux-x64-gnu@4.62.3
251 silly packumentCache full:https://registry.npmjs.org/@rollup%2frollup-linux-x64-gnu cache-miss
252 http cache https://registry.npmjs.org/@rollup%2frollup-freebsd-x64 174ms (cache hit)
253 silly packumentCache full:https://registry.npmjs.org/@rollup%2frollup-freebsd-x64 set size:196788 disposed:false
254 silly fetch manifest @rollup/rollup-win32-x64-gnu@4.62.3
255 silly packumentCache full:https://registry.npmjs.org/@rollup%2frollup-win32-x64-gnu cache-miss
256 http cache https://registry.npmjs.org/@rollup%2frollup-openbsd-x64 177ms (cache hit)
257 silly packumentCache full:https://registry.npmjs.org/@rollup%2frollup-openbsd-x64 set size:41533 disposed:false
258 silly fetch manifest @rollup/rollup-linux-x64-musl@4.62.3
259 silly packumentCache full:https://registry.npmjs.org/@rollup%2frollup-linux-x64-musl cache-miss
260 http cache https://registry.npmjs.org/@rollup%2frollup-android-arm64 69ms (cache hit)
261 silly packumentCache full:https://registry.npmjs.org/@rollup%2frollup-android-arm64 set size:350588 disposed:false
262 silly fetch manifest @rollup/rollup-win32-x64-msvc@4.62.3
263 silly packumentCache full:https://registry.npmjs.org/@rollup%2frollup-win32-x64-msvc cache-miss
264 http cache https://registry.npmjs.org/@rollup%2frollup-darwin-x64 224ms (cache hit)
265 silly packumentCache full:https://registry.npmjs.org/@rollup%2frollup-darwin-x64 set size:344144 disposed:false
266 silly fetch manifest @rollup/rollup-linux-arm64-gnu@4.62.3
267 silly packumentCache full:https://registry.npmjs.org/@rollup%2frollup-linux-arm64-gnu cache-miss
268 http cache https://registry.npmjs.org/@rollup%2frollup-darwin-arm64 146ms (cache hit)
269 silly packumentCache full:https://registry.npmjs.org/@rollup%2frollup-darwin-arm64 set size:349039 disposed:false
270 silly fetch manifest @rollup/rollup-linux-ppc64-gnu@4.62.3
271 silly packumentCache full:https://registry.npmjs.org/@rollup%2frollup-linux-ppc64-gnu cache-miss
272 http cache https://registry.npmjs.org/@rollup%2frollup-freebsd-arm64 149ms (cache hit)
273 silly packumentCache full:https://registry.npmjs.org/@rollup%2frollup-freebsd-arm64 set size:198792 disposed:false
274 silly fetch manifest @rollup/rollup-linux-s390x-gnu@4.62.3
275 silly packumentCache full:https://registry.npmjs.org/@rollup%2frollup-linux-s390x-gnu cache-miss
276 http cache https://registry.npmjs.org/@rollup%2frollup-win32-x64-gnu 123ms (cache hit)
277 silly packumentCache full:https://registry.npmjs.org/@rollup%2frollup-win32-x64-gnu set size:72210 disposed:false
278 silly fetch manifest @rollup/rollup-win32-ia32-msvc@4.62.3
279 silly packumentCache full:https://registry.npmjs.org/@rollup%2frollup-win32-ia32-msvc cache-miss
280 http cache https://registry.npmjs.org/@rollup%2frollup-linux-x64-gnu 146ms (cache hit)
281 silly packumentCache full:https://registry.npmjs.org/@rollup%2frollup-linux-x64-gnu set size:351448 disposed:false
282 silly fetch manifest @rollup/rollup-android-arm-eabi@4.62.3
283 silly packumentCache full:https://registry.npmjs.org/@rollup%2frollup-android-arm-eabi cache-miss
284 http cache https://registry.npmjs.org/@rollup%2frollup-linux-x64-musl 143ms (cache hit)
285 silly packumentCache full:https://registry.npmjs.org/@rollup%2frollup-linux-x64-musl set size:350832 disposed:false
286 silly fetch manifest @rollup/rollup-linux-arm64-musl@4.62.3
287 silly packumentCache full:https://registry.npmjs.org/@rollup%2frollup-linux-arm64-musl cache-miss
288 http cache https://registry.npmjs.org/@rollup%2frollup-win32-x64-msvc 147ms (cache hit)
289 silly packumentCache full:https://registry.npmjs.org/@rollup%2frollup-win32-x64-msvc set size:349164 disposed:false
290 silly fetch manifest @rollup/rollup-linux-ppc64-musl@4.62.3
291 silly packumentCache full:https://registry.npmjs.org/@rollup%2frollup-linux-ppc64-musl cache-miss
292 http cache https://registry.npmjs.org/@rollup%2frollup-linux-arm64-gnu 145ms (cache hit)
293 silly packumentCache full:https://registry.npmjs.org/@rollup%2frollup-linux-arm64-gnu set size:356403 disposed:false
294 silly fetch manifest @rollup/rollup-win32-arm64-msvc@4.62.3
295 silly packumentCache full:https://registry.npmjs.org/@rollup%2frollup-win32-arm64-msvc cache-miss
296 http cache https://registry.npmjs.org/@rollup%2frollup-linux-ppc64-gnu 117ms (cache hit)
297 silly packumentCache full:https://registry.npmjs.org/@rollup%2frollup-linux-ppc64-gnu set size:101087 disposed:false
298 silly fetch manifest @rollup/rollup-linux-loong64-gnu@4.62.3
299 silly packumentCache full:https://registry.npmjs.org/@rollup%2frollup-linux-loong64-gnu cache-miss
300 http cache https://registry.npmjs.org/@rollup%2frollup-linux-s390x-gnu 121ms (cache hit)
301 silly packumentCache full:https://registry.npmjs.org/@rollup%2frollup-linux-s390x-gnu set size:256252 disposed:false
302 silly fetch manifest @rollup/rollup-linux-riscv64-gnu@4.62.3
303 silly packumentCache full:https://registry.npmjs.org/@rollup%2frollup-linux-riscv64-gnu cache-miss
304 http cache https://registry.npmjs.org/@rollup%2frollup-win32-ia32-msvc 125ms (cache hit)
305 silly packumentCache full:https://registry.npmjs.org/@rollup%2frollup-win32-ia32-msvc set size:352564 disposed:false
306 silly fetch manifest @rollup/rollup-openharmony-arm64@4.62.3
307 silly packumentCache full:https://registry.npmjs.org/@rollup%2frollup-openharmony-arm64 cache-miss
308 http cache https://registry.npmjs.org/@rollup%2frollup-android-arm-eabi 125ms (cache hit)
309 silly packumentCache full:https://registry.npmjs.org/@rollup%2frollup-android-arm-eabi set size:354106 disposed:false
310 silly fetch manifest @rollup/rollup-linux-loong64-musl@4.62.3
311 silly packumentCache full:https://registry.npmjs.org/@rollup%2frollup-linux-loong64-musl cache-miss
312 http cache https://registry.npmjs.org/@rollup%2frollup-linux-arm64-musl 124ms (cache hit)
313 silly packumentCache full:https://registry.npmjs.org/@rollup%2frollup-linux-arm64-musl set size:311828 disposed:false
314 silly fetch manifest @rollup/rollup-linux-riscv64-musl@4.62.3
315 silly packumentCache full:https://registry.npmjs.org/@rollup%2frollup-linux-riscv64-musl cache-miss
316 http cache https://registry.npmjs.org/@rollup%2frollup-linux-ppc64-musl 118ms (cache hit)
317 silly packumentCache full:https://registry.npmjs.org/@rollup%2frollup-linux-ppc64-musl set size:42649 disposed:false
318 silly fetch manifest @rollup/rollup-linux-arm-gnueabihf@4.62.3
319 silly packumentCache full:https://registry.npmjs.org/@rollup%2frollup-linux-arm-gnueabihf cache-miss
320 http cache https://registry.npmjs.org/@rollup%2frollup-win32-arm64-msvc 121ms (cache hit)
321 silly packumentCache full:https://registry.npmjs.org/@rollup%2frollup-win32-arm64-msvc set size:354097 disposed:false
322 silly fetch manifest @rollup/rollup-linux-arm-musleabihf@4.62.3
323 silly packumentCache full:https://registry.npmjs.org/@rollup%2frollup-linux-arm-musleabihf cache-miss
324 http cache https://registry.npmjs.org/@rollup%2frollup-linux-loong64-gnu 137ms (cache hit)
325 silly packumentCache full:https://registry.npmjs.org/@rollup%2frollup-linux-loong64-gnu set size:80961 disposed:false
326 silly fetch manifest cfb@~1.2.1
327 silly packumentCache full:https://registry.npmjs.org/cfb cache-miss
328 http cache https://registry.npmjs.org/@rollup%2frollup-linux-loong64-musl 76ms (cache hit)
329 silly packumentCache full:https://registry.npmjs.org/@rollup%2frollup-linux-loong64-musl set size:43003 disposed:false
330 silly fetch manifest ssf@~0.11.2
331 silly packumentCache full:https://registry.npmjs.org/ssf cache-miss
332 http cache https://registry.npmjs.org/@rollup%2frollup-openharmony-arm64 100ms (cache hit)
333 silly packumentCache full:https://registry.npmjs.org/@rollup%2frollup-openharmony-arm64 set size:81762 disposed:false
334 silly fetch manifest wmf@~1.0.1
335 silly packumentCache full:https://registry.npmjs.org/wmf cache-miss
336 http cache https://registry.npmjs.org/@rollup%2frollup-linux-riscv64-gnu 127ms (cache hit)
337 silly packumentCache full:https://registry.npmjs.org/@rollup%2frollup-linux-riscv64-gnu set size:282649 disposed:false
338 silly fetch manifest word@~0.3.0
339 silly packumentCache full:https://registry.npmjs.org/word cache-miss
340 http cache https://registry.npmjs.org/@rollup%2frollup-linux-riscv64-musl 152ms (cache hit)
341 silly packumentCache full:https://registry.npmjs.org/@rollup%2frollup-linux-riscv64-musl set size:128668 disposed:false
342 silly fetch manifest crc-32@~1.2.1
343 silly packumentCache full:https://registry.npmjs.org/crc-32 cache-miss
344 http cache https://registry.npmjs.org/@rollup%2frollup-linux-arm-gnueabihf 176ms (cache hit)
345 silly packumentCache full:https://registry.npmjs.org/@rollup%2frollup-linux-arm-gnueabihf set size:360057 disposed:false
346 silly fetch manifest adler-32@~1.3.0
347 silly packumentCache full:https://registry.npmjs.org/adler-32 cache-miss
348 http cache https://registry.npmjs.org/@rollup%2frollup-linux-arm-musleabihf 169ms (cache hit)
349 silly packumentCache full:https://registry.npmjs.org/@rollup%2frollup-linux-arm-musleabihf set size:254268 disposed:false
350 silly fetch manifest codepage@~1.15.0
351 silly packumentCache full:https://registry.npmjs.org/codepage cache-miss
352 http cache https://registry.npmjs.org/cfb 171ms (cache hit)
353 silly packumentCache full:https://registry.npmjs.org/cfb set size:69780 disposed:false
354 http cache https://registry.npmjs.org/ssf 173ms (cache hit)
355 silly packumentCache full:https://registry.npmjs.org/ssf set size:61050 disposed:false
356 http cache https://registry.npmjs.org/word 158ms (cache hit)
357 silly packumentCache full:https://registry.npmjs.org/word set size:16914 disposed:false
358 http cache https://registry.npmjs.org/wmf 204ms (cache hit)
359 silly packumentCache full:https://registry.npmjs.org/wmf set size:24420 disposed:false
360 http cache https://registry.npmjs.org/crc-32 141ms (cache hit)
361 silly packumentCache full:https://registry.npmjs.org/crc-32 set size:32170 disposed:false
362 http cache https://registry.npmjs.org/adler-32 103ms (cache hit)
363 silly packumentCache full:https://registry.npmjs.org/adler-32 set size:22708 disposed:false
364 http cache https://registry.npmjs.org/codepage 93ms (cache hit)
365 silly packumentCache full:https://registry.npmjs.org/codepage set size:75780 disposed:false
366 silly fetch manifest vite@>=5.0.0 <9.0.0
367 silly packumentCache full:https://registry.npmjs.org/vite cache-miss
368 http cache https://registry.npmjs.org/vite 202ms (cache hit)
369 silly packumentCache full:https://registry.npmjs.org/vite set size:38911891 disposed:false
370 silly fetch manifest @types/node@^20.19.0 || >=22.12.0
371 silly packumentCache full:https://registry.npmjs.org/@types%2fnode cache-miss
372 http cache https://registry.npmjs.org/@types%2fnode 82ms (cache hit)
373 silly packumentCache full:https://registry.npmjs.org/@types%2fnode set size:11084776 disposed:false
374 silly fetch manifest @vitejs/devtools@^0.3.0
375 silly packumentCache full:https://registry.npmjs.org/@vitejs%2fdevtools cache-miss
376 http cache https://registry.npmjs.org/@vitejs%2fdevtools 21ms (cache hit)
377 silly packumentCache full:https://registry.npmjs.org/@vitejs%2fdevtools set size:265903 disposed:false
378 silly fetch manifest esbuild@^0.27.0 || ^0.28.0
379 silly packumentCache full:https://registry.npmjs.org/esbuild cache-miss
380 http cache https://registry.npmjs.org/esbuild 37ms (cache hit)
381 silly packumentCache full:https://registry.npmjs.org/esbuild set size:1259608 disposed:false
382 silly placeDep ROOT @lovable.dev/vite-plugin-dev-server-bridge@1.2.1 OK for: @lovable.dev/vite-tanstack-config@2.7.7 want: ^1.2.1
383 silly placeDep ROOT @lovable.dev/vite-plugin-hmr-gate@1.1.4 OK for: @lovable.dev/vite-tanstack-config@2.7.7 want: ^1.1.3
384 silly placeDep ROOT @tanstack/devtools-vite@0.8.3 OK for: @lovable.dev/vite-tanstack-config@2.7.7 want: ^0.8.1
385 silly fetch manifest chalk@^5.6.2
386 silly packumentCache full:https://registry.npmjs.org/chalk cache-miss
387 silly fetch manifest @tanstack/devtools-bundler-core@0.1.1
388 silly packumentCache full:https://registry.npmjs.org/@tanstack%2fdevtools-bundler-core cache-miss
389 silly fetch manifest @tanstack/devtools-client@0.0.8
390 silly packumentCache full:https://registry.npmjs.org/@tanstack%2fdevtools-client cache-miss
391 silly fetch manifest @tanstack/devtools-event-bus@0.4.2
392 silly packumentCache full:https://registry.npmjs.org/@tanstack%2fdevtools-event-bus cache-miss
393 http cache https://registry.npmjs.org/@tanstack%2fdevtools-bundler-core 66ms (cache hit)
394 silly packumentCache full:https://registry.npmjs.org/@tanstack%2fdevtools-bundler-core set size:8431 disposed:false
395 http cache https://registry.npmjs.org/chalk 78ms (cache hit)
396 silly packumentCache full:https://registry.npmjs.org/chalk set size:134775 disposed:false
397 http cache https://registry.npmjs.org/@tanstack%2fdevtools-client 110ms (cache hit)
398 silly packumentCache full:https://registry.npmjs.org/@tanstack%2fdevtools-client set size:18121 disposed:false
399 http cache https://registry.npmjs.org/@tanstack%2fdevtools-event-bus 117ms (cache hit)
400 silly packumentCache full:https://registry.npmjs.org/@tanstack%2fdevtools-event-bus set size:31276 disposed:false
401 silly placeDep ROOT @supabase/auth-js@2.110.9 OK for: @supabase/supabase-js@2.110.9 want: 2.110.9
402 silly placeDep ROOT @supabase/functions-js@2.110.9 OK for: @supabase/supabase-js@2.110.9 want: 2.110.9
403 silly placeDep ROOT @supabase/postgrest-js@2.110.9 OK for: @supabase/supabase-js@2.110.9 want: 2.110.9
404 silly placeDep ROOT @supabase/realtime-js@2.110.9 OK for: @supabase/supabase-js@2.110.9 want: 2.110.9
405 silly placeDep ROOT @supabase/storage-js@2.110.9 OK for: @supabase/supabase-js@2.110.9 want: 2.110.9
406 silly fetch manifest @supabase/phoenix@0.4.5
407 silly packumentCache full:https://registry.npmjs.org/@supabase%2fphoenix cache-miss
408 silly fetch manifest iceberg-js@^0.8.1
409 silly packumentCache full:https://registry.npmjs.org/iceberg-js cache-miss
410 http cache https://registry.npmjs.org/iceberg-js 19ms (cache hit)
411 silly packumentCache full:https://registry.npmjs.org/iceberg-js set size:44071 disposed:false
412 http cache https://registry.npmjs.org/@supabase%2fphoenix 30ms (cache hit)
413 silly packumentCache full:https://registry.npmjs.org/@supabase%2fphoenix set size:32329 disposed:false
414 silly placeDep ROOT @supabase/phoenix@0.4.5 OK for: @supabase/realtime-js@2.110.9 want: 0.4.5
415 silly placeDep ROOT iceberg-js@0.8.1 OK for: @supabase/storage-js@2.110.9 want: ^0.8.1
416 silly placeDep ROOT @tanstack/devtools-bundler-core@0.1.1 OK for: @tanstack/devtools-vite@0.8.3 want: 0.1.1
417 silly placeDep ROOT @tanstack/devtools-client@0.0.8 OK for: @tanstack/devtools-vite@0.8.3 want: 0.0.8
418 silly placeDep ROOT @tanstack/devtools-event-bus@0.4.2 OK for: @tanstack/devtools-vite@0.8.3 want: 0.4.2
419 silly placeDep node_modules/@tanstack/devtools-vite chalk@5.6.2 OK for: @tanstack/devtools-vite@0.8.3 want: ^5.6.2
420 silly fetch manifest launch-editor@^2.11.1
421 silly packumentCache full:https://registry.npmjs.org/launch-editor cache-miss
422 silly fetch manifest oxc-parser@^0.120.0
423 silly packumentCache full:https://registry.npmjs.org/oxc-parser cache-miss
424 silly fetch manifest @tanstack/devtools-event-client@^0.5.0
425 silly packumentCache full:https://registry.npmjs.org/@tanstack%2fdevtools-event-client cache-miss
426 silly fetch manifest ws@^8.18.3
427 silly packumentCache full:https://registry.npmjs.org/ws cache-miss
428 http cache https://registry.npmjs.org/@tanstack%2fdevtools-event-client 24ms (cache hit)
429 silly packumentCache full:https://registry.npmjs.org/@tanstack%2fdevtools-event-client set size:50231 disposed:false
430 http cache https://registry.npmjs.org/launch-editor 34ms (cache hit)
431 silly packumentCache full:https://registry.npmjs.org/launch-editor set size:46130 disposed:false
432 http cache https://registry.npmjs.org/oxc-parser 38ms (cache hit)
433 silly packumentCache full:https://registry.npmjs.org/oxc-parser set size:578598 disposed:false
434 http cache https://registry.npmjs.org/ws 57ms (cache hit)
435 silly packumentCache full:https://registry.npmjs.org/ws set size:426890 disposed:false
436 silly placeDep node_modules/@tanstack/devtools-bundler-core chalk@5.6.2 OK for: @tanstack/devtools-bundler-core@0.1.1 want: ^5.6.2
437 silly placeDep ROOT launch-editor@2.14.1 OK for: @tanstack/devtools-bundler-core@0.1.1 want: ^2.11.1
438 silly placeDep ROOT oxc-parser@0.120.0 OK for: @tanstack/devtools-bundler-core@0.1.1 want: ^0.120.0
439 silly fetch manifest shell-quote@^1.8.4
440 silly packumentCache full:https://registry.npmjs.org/shell-quote cache-miss
441 silly fetch manifest @oxc-project/types@^0.120.0
442 silly packumentCache full:https://registry.npmjs.org/@oxc-project%2ftypes cache-miss
443 silly fetch manifest @oxc-parser/binding-darwin-x64@0.120.0
444 silly packumentCache full:https://registry.npmjs.org/@oxc-parser%2fbinding-darwin-x64 cache-miss
445 silly fetch manifest @oxc-parser/binding-freebsd-x64@0.120.0
446 silly packumentCache full:https://registry.npmjs.org/@oxc-parser%2fbinding-freebsd-x64 cache-miss
447 silly fetch manifest @oxc-parser/binding-wasm32-wasi@0.120.0
448 silly packumentCache full:https://registry.npmjs.org/@oxc-parser%2fbinding-wasm32-wasi cache-miss
449 silly fetch manifest @oxc-parser/binding-darwin-arm64@0.120.0
450 silly packumentCache full:https://registry.npmjs.org/@oxc-parser%2fbinding-darwin-arm64 cache-miss
451 silly fetch manifest @oxc-parser/binding-android-arm64@0.120.0
452 silly packumentCache full:https://registry.npmjs.org/@oxc-parser%2fbinding-android-arm64 cache-miss
453 http cache https://registry.npmjs.org/shell-quote 51ms (cache hit)
454 silly packumentCache full:https://registry.npmjs.org/shell-quote set size:72517 disposed:false
455 silly fetch manifest @oxc-parser/binding-linux-x64-gnu@0.120.0
456 silly packumentCache full:https://registry.npmjs.org/@oxc-parser%2fbinding-linux-x64-gnu cache-miss
457 http cache https://registry.npmjs.org/@oxc-parser%2fbinding-darwin-x64 58ms (cache hit)
458 silly packumentCache full:https://registry.npmjs.org/@oxc-parser%2fbinding-darwin-x64 set size:302013 disposed:false
459 silly fetch manifest @oxc-parser/binding-linux-x64-musl@0.120.0
460 silly packumentCache full:https://registry.npmjs.org/@oxc-parser%2fbinding-linux-x64-musl cache-miss
461 http cache https://registry.npmjs.org/@oxc-parser%2fbinding-freebsd-x64 70ms (cache hit)
462 silly packumentCache full:https://registry.npmjs.org/@oxc-parser%2fbinding-freebsd-x64 set size:149441 disposed:false
463 silly fetch manifest @oxc-parser/binding-win32-x64-msvc@0.120.0
464 silly packumentCache full:https://registry.npmjs.org/@oxc-parser%2fbinding-win32-x64-msvc cache-miss
465 http cache https://registry.npmjs.org/@oxc-project%2ftypes 83ms (cache hit)
466 silly packumentCache full:https://registry.npmjs.org/@oxc-project%2ftypes set size:242657 disposed:false
467 silly fetch manifest @oxc-parser/binding-linux-arm64-gnu@0.120.0
468 silly packumentCache full:https://registry.npmjs.org/@oxc-parser%2fbinding-linux-arm64-gnu cache-miss
469 http cache https://registry.npmjs.org/@oxc-parser%2fbinding-darwin-arm64 91ms (cache hit)
470 silly packumentCache full:https://registry.npmjs.org/@oxc-parser%2fbinding-darwin-arm64 set size:306803 disposed:false
471 silly fetch manifest @oxc-parser/binding-linux-ppc64-gnu@0.120.0
472 silly packumentCache full:https://registry.npmjs.org/@oxc-parser%2fbinding-linux-ppc64-gnu cache-miss
473 http cache https://registry.npmjs.org/@oxc-parser%2fbinding-android-arm64 104ms (cache hit)
474 silly packumentCache full:https://registry.npmjs.org/@oxc-parser%2fbinding-android-arm64 set size:138434 disposed:false
475 silly fetch manifest @oxc-parser/binding-linux-s390x-gnu@0.120.0
476 silly packumentCache full:https://registry.npmjs.org/@oxc-parser%2fbinding-linux-s390x-gnu cache-miss
477 http cache https://registry.npmjs.org/@oxc-parser%2fbinding-wasm32-wasi 124ms (cache hit)
478 silly packumentCache full:https://registry.npmjs.org/@oxc-parser%2fbinding-wasm32-wasi set size:184540 disposed:false
479 silly fetch manifest @oxc-parser/binding-win32-ia32-msvc@0.120.0
480 silly packumentCache full:https://registry.npmjs.org/@oxc-parser%2fbinding-win32-ia32-msvc cache-miss
481 http cache https://registry.npmjs.org/@oxc-parser%2fbinding-linux-x64-gnu 108ms (cache hit)
482 silly packumentCache full:https://registry.npmjs.org/@oxc-parser%2fbinding-linux-x64-gnu set size:310220 disposed:false
483 silly fetch manifest @oxc-parser/binding-android-arm-eabi@0.120.0
484 silly packumentCache full:https://registry.npmjs.org/@oxc-parser%2fbinding-android-arm-eabi cache-miss
485 http cache https://registry.npmjs.org/@oxc-parser%2fbinding-linux-ppc64-gnu 69ms (cache hit)
486 silly packumentCache full:https://registry.npmjs.org/@oxc-parser%2fbinding-linux-ppc64-gnu set size:71685 disposed:false
487 silly fetch manifest @oxc-parser/binding-linux-arm64-musl@0.120.0
488 silly packumentCache full:https://registry.npmjs.org/@oxc-parser%2fbinding-linux-arm64-musl cache-miss
489 http cache https://registry.npmjs.org/@oxc-parser%2fbinding-win32-x64-msvc 105ms (cache hit)
490 silly packumentCache full:https://registry.npmjs.org/@oxc-parser%2fbinding-win32-x64-msvc set size:310811 disposed:false
491 silly fetch manifest @oxc-parser/binding-win32-arm64-msvc@0.120.0
492 silly packumentCache full:https://registry.npmjs.org/@oxc-parser%2fbinding-win32-arm64-msvc cache-miss
493 http cache https://registry.npmjs.org/@oxc-parser%2fbinding-linux-x64-musl 129ms (cache hit)
494 silly packumentCache full:https://registry.npmjs.org/@oxc-parser%2fbinding-linux-x64-musl set size:309809 disposed:false
495 silly fetch manifest @oxc-parser/binding-linux-riscv64-gnu@0.120.0
496 silly packumentCache full:https://registry.npmjs.org/@oxc-parser%2fbinding-linux-riscv64-gnu cache-miss
497 http cache https://registry.npmjs.org/@oxc-parser%2fbinding-linux-arm64-gnu 121ms (cache hit)
498 silly packumentCache full:https://registry.npmjs.org/@oxc-parser%2fbinding-linux-arm64-gnu set size:315059 disposed:false
499 silly fetch manifest @oxc-parser/binding-openharmony-arm64@0.120.0
500 silly packumentCache full:https://registry.npmjs.org/@oxc-parser%2fbinding-openharmony-arm64 cache-miss
501 http cache https://registry.npmjs.org/@oxc-parser%2fbinding-linux-s390x-gnu 119ms (cache hit)
502 silly packumentCache full:https://registry.npmjs.org/@oxc-parser%2fbinding-linux-s390x-gnu set size:153086 disposed:false
503 silly fetch manifest @oxc-parser/binding-linux-riscv64-musl@0.120.0
504 silly packumentCache full:https://registry.npmjs.org/@oxc-parser%2fbinding-linux-riscv64-musl cache-miss
505 http cache https://registry.npmjs.org/@oxc-parser%2fbinding-win32-ia32-msvc 128ms (cache hit)
506 silly packumentCache full:https://registry.npmjs.org/@oxc-parser%2fbinding-win32-ia32-msvc set size:71017 disposed:false
507 silly fetch manifest @oxc-parser/binding-linux-arm-gnueabihf@0.120.0
508 silly packumentCache full:https://registry.npmjs.org/@oxc-parser%2fbinding-linux-arm-gnueabihf cache-miss
509 http cache https://registry.npmjs.org/@oxc-parser%2fbinding-linux-arm64-musl 129ms (cache hit)
510 silly packumentCache full:https://registry.npmjs.org/@oxc-parser%2fbinding-linux-arm64-musl set size:314610 disposed:false
511 silly fetch manifest @oxc-parser/binding-linux-arm-musleabihf@0.120.0
512 silly packumentCache full:https://registry.npmjs.org/@oxc-parser%2fbinding-linux-arm-musleabihf cache-miss
513 http cache https://registry.npmjs.org/@oxc-parser%2fbinding-android-arm-eabi 152ms (cache hit)
514 silly packumentCache full:https://registry.npmjs.org/@oxc-parser%2fbinding-android-arm-eabi set size:71326 disposed:false
515 http cache https://registry.npmjs.org/@oxc-parser%2fbinding-win32-arm64-msvc 139ms (cache hit)
516 silly packumentCache full:https://registry.npmjs.org/@oxc-parser%2fbinding-win32-arm64-msvc set size:313769 disposed:false
517 http cache https://registry.npmjs.org/@oxc-parser%2fbinding-linux-riscv64-gnu 137ms (cache hit)
518 silly packumentCache full:https://registry.npmjs.org/@oxc-parser%2fbinding-linux-riscv64-gnu set size:154359 disposed:false
519 http cache https://registry.npmjs.org/@oxc-parser%2fbinding-openharmony-arm64 128ms (cache hit)
520 silly packumentCache full:https://registry.npmjs.org/@oxc-parser%2fbinding-openharmony-arm64 set size:80963 disposed:false
521 http cache https://registry.npmjs.org/@oxc-parser%2fbinding-linux-riscv64-musl 121ms (cache hit)
522 silly packumentCache full:https://registry.npmjs.org/@oxc-parser%2fbinding-linux-riscv64-musl set size:72490 disposed:false
523 http cache https://registry.npmjs.org/@oxc-parser%2fbinding-linux-arm-gnueabihf 103ms (cache hit)
524 silly packumentCache full:https://registry.npmjs.org/@oxc-parser%2fbinding-linux-arm-gnueabihf set size:186123 disposed:false
525 http cache https://registry.npmjs.org/@oxc-parser%2fbinding-linux-arm-musleabihf 62ms (cache hit)
526 silly packumentCache full:https://registry.npmjs.org/@oxc-parser%2fbinding-linux-arm-musleabihf set size:144963 disposed:false
527 silly placeDep ROOT @tanstack/devtools-event-client@0.5.0 OK for: @tanstack/devtools-client@0.0.8 want: ^0.5.0
528 silly fetch manifest bufferutil@^4.0.1
529 silly packumentCache full:https://registry.npmjs.org/bufferutil cache-miss
530 http cache https://registry.npmjs.org/bufferutil 27ms (cache hit)
531 silly packumentCache full:https://registry.npmjs.org/bufferutil set size:52763 disposed:false
532 silly fetch manifest utf-8-validate@>=5.0.2
533 silly packumentCache full:https://registry.npmjs.org/utf-8-validate cache-miss
534 http cache https://registry.npmjs.org/utf-8-validate 23ms (cache hit)
535 silly packumentCache full:https://registry.npmjs.org/utf-8-validate set size:77148 disposed:false
536 silly placeDep node_modules/@tanstack/devtools-event-bus ws@8.21.1 OK for: @tanstack/devtools-event-bus@0.4.2 want: ^8.18.3
537 silly placeDep ROOT shell-quote@1.10.0 OK for: launch-editor@2.14.1 want: ^1.8.4
538 silly fetch manifest @electric-sql/pglite@*
539 silly packumentCache full:https://registry.npmjs.org/@electric-sql%2fpglite cache-miss
540 http cache https://registry.npmjs.org/@electric-sql%2fpglite 47ms (cache hit)
541 silly packumentCache full:https://registry.npmjs.org/@electric-sql%2fpglite set size:344589 disposed:false
542 silly fetch manifest @libsql/client@*
543 silly packumentCache full:https://registry.npmjs.org/@libsql%2fclient cache-miss
544 http cache https://registry.npmjs.org/@libsql%2fclient 51ms (cache hit)
545 silly packumentCache full:https://registry.npmjs.org/@libsql%2fclient set size:392417 disposed:false
546 silly fetch manifest better-sqlite3@*
547 silly packumentCache full:https://registry.npmjs.org/better-sqlite3 cache-miss
548 http cache https://registry.npmjs.org/better-sqlite3 20ms (cache hit)
549 silly packumentCache full:https://registry.npmjs.org/better-sqlite3 set size:387583 disposed:false
550 silly fetch manifest drizzle-orm@*
551 silly packumentCache full:https://registry.npmjs.org/drizzle-orm cache-miss
552 http cache https://registry.npmjs.org/drizzle-orm 473ms (cache hit)
553 silly packumentCache full:https://registry.npmjs.org/drizzle-orm set size:64440948 disposed:false
554 silly fetch manifest @aws-sdk/client-rds-data@>=3
555 silly packumentCache full:https://registry.npmjs.org/@aws-sdk%2fclient-rds-data cache-miss
556 http cache https://registry.npmjs.org/@aws-sdk%2fclient-rds-data 81ms (cache hit)
557 silly packumentCache full:https://registry.npmjs.org/@aws-sdk%2fclient-rds-data set size:2926928 disposed:false
558 silly fetch manifest @cloudflare/workers-types@>=4
559 silly packumentCache full:https://registry.npmjs.org/@cloudflare%2fworkers-types cache-miss
560 http cache https://registry.npmjs.org/@cloudflare%2fworkers-types 74ms (cache hit)
561 silly packumentCache full:https://registry.npmjs.org/@cloudflare%2fworkers-types set size:1810466 disposed:false
562 silly fetch manifest @libsql/client-wasm@>=0.10.0
563 silly packumentCache full:https://registry.npmjs.org/@libsql%2fclient-wasm cache-miss
564 http cache https://registry.npmjs.org/@libsql%2fclient-wasm 42ms (cache hit)
565 silly packumentCache full:https://registry.npmjs.org/@libsql%2fclient-wasm set size:148489 disposed:false
566 silly fetch manifest @neondatabase/serverless@>=0.10.0
567 silly packumentCache full:https://registry.npmjs.org/@neondatabase%2fserverless cache-miss
568 http cache https://registry.npmjs.org/@neondatabase%2fserverless 39ms (cache hit)
569 silly packumentCache full:https://registry.npmjs.org/@neondatabase%2fserverless set size:178582 disposed:false
570 silly fetch manifest @op-engineering/op-sqlite@>=2
571 silly packumentCache full:https://registry.npmjs.org/@op-engineering%2fop-sqlite cache-miss
572 http cache https://registry.npmjs.org/@op-engineering%2fop-sqlite 42ms (cache hit)
573 silly packumentCache full:https://registry.npmjs.org/@op-engineering%2fop-sqlite set size:525921 disposed:false
574 silly fetch manifest @sqlite.org/sqlite-wasm@*
575 silly packumentCache full:https://registry.npmjs.org/@sqlite.org%2fsqlite-wasm cache-miss
576 http cache https://registry.npmjs.org/@sqlite.org%2fsqlite-wasm 29ms (cache hit)
577 silly packumentCache full:https://registry.npmjs.org/@sqlite.org%2fsqlite-wasm set size:231306 disposed:false
578 silly fetch manifest react@*
579 silly packumentCache full:https://registry.npmjs.org/react cache-miss
580 http cache https://registry.npmjs.org/react 127ms (cache hit)
581 silly packumentCache full:https://registry.npmjs.org/react set size:6834859 disposed:false
582 silly fetch manifest react-native@*
583 silly packumentCache full:https://registry.npmjs.org/react-native cache-miss
584 http cache https://registry.npmjs.org/react-native 175ms (cache hit)
585 silly packumentCache full:https://registry.npmjs.org/react-native set size:15572970 disposed:false
586 silly fetch manifest @react-native/jest-preset@0.86.2
587 silly packumentCache full:https://registry.npmjs.org/@react-native%2fjest-preset cache-miss
588 http cache https://registry.npmjs.org/@react-native%2fjest-preset 30ms (cache hit)
589 silly packumentCache full:https://registry.npmjs.org/@react-native%2fjest-preset set size:305067 disposed:false
590 silly fetch manifest @types/react@^19.1.1
591 silly packumentCache full:https://registry.npmjs.org/@types%2freact cache-miss
592 http cache https://registry.npmjs.org/@types%2freact 65ms (cache hit)
593 silly packumentCache full:https://registry.npmjs.org/@types%2freact set size:2632776 disposed:false
594 silly fetch manifest @opentelemetry/api@^1.4.1
595 silly packumentCache full:https://registry.npmjs.org/@opentelemetry%2fapi cache-miss
596 http cache https://registry.npmjs.org/@opentelemetry%2fapi 42ms (cache hit)
597 silly packumentCache full:https://registry.npmjs.org/@opentelemetry%2fapi set size:272967 disposed:false
598 silly fetch manifest @planetscale/database@>=1.13
599 silly packumentCache full:https://registry.npmjs.org/@planetscale%2fdatabase cache-miss
600 http cache https://registry.npmjs.org/@planetscale%2fdatabase 36ms (cache hit)
601 silly packumentCache full:https://registry.npmjs.org/@planetscale%2fdatabase set size:131439 disposed:false
602 silly fetch manifest @prisma/client@*
603 silly packumentCache full:https://registry.npmjs.org/@prisma%2fclient cache-miss
604 http cache https://registry.npmjs.org/@prisma%2fclient 497ms (cache hit)
605 silly packumentCache full:https://registry.npmjs.org/@prisma%2fclient set size:68369543 disposed:false
606 silly fetch manifest prisma@*
607 silly packumentCache full:https://registry.npmjs.org/prisma cache-miss
608 http cache https://registry.npmjs.org/prisma 349ms (cache hit)
609 silly packumentCache full:https://registry.npmjs.org/prisma set size:43615643 disposed:false
610 silly fetch manifest typescript@>=5.4.0
611 silly packumentCache full:https://registry.npmjs.org/typescript cache-miss
612 http cache https://registry.npmjs.org/typescript 190ms (cache hit)
613 silly packumentCache full:https://registry.npmjs.org/typescript set size:15484648 disposed:false
614 silly fetch manifest @tidbcloud/serverless@*
615 silly packumentCache full:https://registry.npmjs.org/@tidbcloud%2fserverless cache-miss
616 http cache https://registry.npmjs.org/@tidbcloud%2fserverless 20ms (cache hit)
617 silly packumentCache full:https://registry.npmjs.org/@tidbcloud%2fserverless set size:51334 disposed:false
618 silly fetch manifest @types/better-sqlite3@*
619 silly packumentCache full:https://registry.npmjs.org/@types%2fbetter-sqlite3 cache-miss
620 http cache https://registry.npmjs.org/@types%2fbetter-sqlite3 13ms (cache hit)
621 silly packumentCache full:https://registry.npmjs.org/@types%2fbetter-sqlite3 set size:81988 disposed:false
622 silly fetch manifest @types/pg@*
623 silly packumentCache full:https://registry.npmjs.org/@types%2fpg cache-miss
624 http cache https://registry.npmjs.org/@types%2fpg 16ms (cache hit)
625 silly packumentCache full:https://registry.npmjs.org/@types%2fpg set size:195571 disposed:false
626 silly fetch manifest @types/sql.js@*
627 silly packumentCache full:https://registry.npmjs.org/@types%2fsql.js cache-miss
628 http cache https://registry.npmjs.org/@types%2fsql.js 23ms (cache hit)
629 silly packumentCache full:https://registry.npmjs.org/@types%2fsql.js set size:50269 disposed:false
630 silly fetch manifest @upstash/redis@>=1.34.7
631 silly packumentCache full:https://registry.npmjs.org/@upstash%2fredis cache-miss
632 http cache https://registry.npmjs.org/@upstash%2fredis 57ms (cache hit)
633 silly packumentCache full:https://registry.npmjs.org/@upstash%2fredis set size:3769711 disposed:false
634 silly fetch manifest @vercel/postgres@>=0.8.0
635 silly packumentCache full:https://registry.npmjs.org/@vercel%2fpostgres cache-miss
636 http cache https://registry.npmjs.org/@vercel%2fpostgres 40ms (cache hit)
637 silly packumentCache full:https://registry.npmjs.org/@vercel%2fpostgres set size:247779 disposed:false
638 silly fetch manifest @xata.io/client@*
639 silly packumentCache full:https://registry.npmjs.org/@xata.io%2fclient cache-miss
640 http cache https://registry.npmjs.org/@xata.io%2fclient 132ms (cache hit)
641 silly packumentCache full:https://registry.npmjs.org/@xata.io%2fclient set size:11854695 disposed:false
642 silly fetch manifest bun-types@*
643 silly packumentCache full:https://registry.npmjs.org/bun-types cache-miss
644 http cache https://registry.npmjs.org/bun-types 59ms (cache hit)
645 silly packumentCache full:https://registry.npmjs.org/bun-types set size:2433957 disposed:false
646 silly fetch manifest expo-sqlite@>=14.0.0
647 silly packumentCache full:https://registry.npmjs.org/expo-sqlite cache-miss
648 http cache https://registry.npmjs.org/expo-sqlite 55ms (cache hit)
649 silly packumentCache full:https://registry.npmjs.org/expo-sqlite set size:1030050 disposed:false
650 silly fetch manifest expo@*
651 silly packumentCache full:https://registry.npmjs.org/expo cache-miss
652 http cache https://registry.npmjs.org/expo 85ms (cache hit)
653 silly packumentCache full:https://registry.npmjs.org/expo set size:3969729 disposed:false
654 silly fetch manifest @expo/metro-runtime@*
655 silly packumentCache full:https://registry.npmjs.org/@expo%2fmetro-runtime cache-miss
656 http cache https://registry.npmjs.org/@expo%2fmetro-runtime 55ms (cache hit)
657 silly packumentCache full:https://registry.npmjs.org/@expo%2fmetro-runtime set size:779136 disposed:false
658 silly fetch manifest react-dom@*
659 silly packumentCache full:https://registry.npmjs.org/react-dom cache-miss
660 http cache https://registry.npmjs.org/react-dom 153ms (cache hit)
661 silly packumentCache full:https://registry.npmjs.org/react-dom set size:9168012 disposed:false
662 silly fetch manifest react-native-web@*
663 silly packumentCache full:https://registry.npmjs.org/react-native-web cache-miss
664 http cache https://registry.npmjs.org/react-native-web 44ms (cache hit)
665 silly packumentCache full:https://registry.npmjs.org/react-native-web set size:1090416 disposed:false
666 silly fetch manifest react-native-webview@*
667 silly packumentCache full:https://registry.npmjs.org/react-native-webview cache-miss
668 http cache https://registry.npmjs.org/react-native-webview 60ms (cache hit)
669 silly packumentCache full:https://registry.npmjs.org/react-native-webview set size:1379763 disposed:false
670 silly fetch manifest gel@>=2
671 silly packumentCache full:https://registry.npmjs.org/gel cache-miss
672 http cache https://registry.npmjs.org/gel 50ms (cache hit)
673 silly packumentCache full:https://registry.npmjs.org/gel set size:248308 disposed:false
674 silly fetch manifest knex@*
675 silly packumentCache full:https://registry.npmjs.org/knex cache-miss
676 http cache https://registry.npmjs.org/knex 61ms (cache hit)
677 silly packumentCache full:https://registry.npmjs.org/knex set size:1362381 disposed:false
678 silly fetch manifest pg-query-stream@^4.14.0
679 silly packumentCache full:https://registry.npmjs.org/pg-query-stream cache-miss
680 http cache https://registry.npmjs.org/pg-query-stream 43ms (cache hit)
681 silly packumentCache full:https://registry.npmjs.org/pg-query-stream set size:186883 disposed:false
682 silly fetch manifest pg@^8
683 silly packumentCache full:https://registry.npmjs.org/pg cache-miss
684 http cache https://registry.npmjs.org/pg 40ms (cache hit)
685 silly packumentCache full:https://registry.npmjs.org/pg set size:479959 disposed:false
686 silly fetch manifest pg-native@>=3.0.1
687 silly packumentCache full:https://registry.npmjs.org/pg-native cache-miss
688 http cache https://registry.npmjs.org/pg-native 42ms (cache hit)
689 silly packumentCache full:https://registry.npmjs.org/pg-native set size:92711 disposed:false
690 silly fetch manifest kysely@*
691 silly packumentCache full:https://registry.npmjs.org/kysely cache-miss
692 http cache https://registry.npmjs.org/kysely 29ms (cache hit)
693 silly packumentCache full:https://registry.npmjs.org/kysely set size:717498 disposed:false
694 silly fetch manifest mysql2@>=2
695 silly packumentCache full:https://registry.npmjs.org/mysql2 cache-miss
696 http cache https://registry.npmjs.org/mysql2 50ms (cache hit)
697 silly packumentCache full:https://registry.npmjs.org/mysql2 set size:907302 disposed:false
698 silly fetch manifest @types/node@>= 8
699 silly packumentCache full:https://registry.npmjs.org/@types%2fnode cache-miss
700 http cache https://registry.npmjs.org/@types%2fnode 115ms (cache hit)
701 silly packumentCache full:https://registry.npmjs.org/@types%2fnode set size:11084776 disposed:false
702 silly fetch manifest postgres@>=3
703 silly packumentCache full:https://registry.npmjs.org/postgres cache-miss
704 http cache https://registry.npmjs.org/postgres 31ms (cache hit)
705 silly packumentCache full:https://registry.npmjs.org/postgres set size:185872 disposed:false
706 silly fetch manifest sql.js@>=1
707 silly packumentCache full:https://registry.npmjs.org/sql.js cache-miss
708 http cache https://registry.npmjs.org/sql.js 44ms (cache hit)
709 silly packumentCache full:https://registry.npmjs.org/sql.js set size:125779 disposed:false
710 silly fetch manifest sqlite3@>=5
711 silly packumentCache full:https://registry.npmjs.org/sqlite3 cache-miss
712 http cache https://registry.npmjs.org/sqlite3 39ms (cache hit)
713 silly packumentCache full:https://registry.npmjs.org/sqlite3 set size:330693 disposed:false
714 silly fetch manifest @azure/app-configuration@^1.11.0
715 silly packumentCache full:https://registry.npmjs.org/@azure%2fapp-configuration cache-miss
716 http cache https://registry.npmjs.org/@azure%2fapp-configuration 117ms (cache hit)
717 silly packumentCache full:https://registry.npmjs.org/@azure%2fapp-configuration set size:4278085 disposed:false
718 silly fetch manifest @azure/cosmos@^4.9.1
719 silly packumentCache full:https://registry.npmjs.org/@azure%2fcosmos cache-miss
720 http cache https://registry.npmjs.org/@azure%2fcosmos 117ms (cache hit)
721 silly packumentCache full:https://registry.npmjs.org/@azure%2fcosmos set size:6950654 disposed:false
722 silly fetch manifest @azure/data-tables@^13.3.2
723 silly packumentCache full:https://registry.npmjs.org/@azure%2fdata-tables cache-miss
724 http cache https://registry.npmjs.org/@azure%2fdata-tables 102ms (cache hit)
725 silly packumentCache full:https://registry.npmjs.org/@azure%2fdata-tables set size:3655328 disposed:false
726 silly fetch manifest @azure/identity@^4.13.0
727 silly packumentCache full:https://registry.npmjs.org/@azure%2fidentity cache-miss
728 http cache https://registry.npmjs.org/@azure%2fidentity 105ms (cache hit)
729 silly packumentCache full:https://registry.npmjs.org/@azure%2fidentity set size:6045791 disposed:false
730 silly fetch manifest @azure/keyvault-secrets@^4.10.0
731 silly packumentCache full:https://registry.npmjs.org/@azure%2fkeyvault-secrets cache-miss
732 http cache https://registry.npmjs.org/@azure%2fkeyvault-secrets 89ms (cache hit)
733 silly packumentCache full:https://registry.npmjs.org/@azure%2fkeyvault-secrets set size:4226133 disposed:false
734 silly fetch manifest @azure/storage-blob@^12.31.0
735 silly packumentCache full:https://registry.npmjs.org/@azure%2fstorage-blob cache-miss
736 http cache https://registry.npmjs.org/@azure%2fstorage-blob 77ms (cache hit)
737 silly packumentCache full:https://registry.npmjs.org/@azure%2fstorage-blob set size:4745522 disposed:false
738 silly fetch manifest @capacitor/preferences@^6 || ^7 || ^8
739 silly packumentCache full:https://registry.npmjs.org/@capacitor%2fpreferences cache-miss
740 http cache https://registry.npmjs.org/@capacitor%2fpreferences 83ms (cache hit)
741 silly packumentCache full:https://registry.npmjs.org/@capacitor%2fpreferences set size:4737562 disposed:false
742 silly fetch manifest @capacitor/core@>=8.0.0
743 silly packumentCache full:https://registry.npmjs.org/@capacitor%2fcore cache-miss
744 http cache https://registry.npmjs.org/@capacitor%2fcore 83ms (cache hit)
745 silly packumentCache full:https://registry.npmjs.org/@capacitor%2fcore set size:4658461 disposed:false
746 silly fetch manifest @deno/kv@>=0.13.0
747 silly packumentCache full:https://registry.npmjs.org/@deno%2fkv cache-miss
748 http cache https://registry.npmjs.org/@deno%2fkv 13ms (cache hit)
749 silly packumentCache full:https://registry.npmjs.org/@deno%2fkv set size:37246 disposed:false
750 silly fetch manifest @netlify/blobs@^6.5.0 || ^7.0.0 || ^8.1.0 || ^9.0.0 || ^10.0.0
751 silly packumentCache full:https://registry.npmjs.org/@netlify%2fblobs cache-miss
752 http cache https://registry.npmjs.org/@netlify%2fblobs 16ms (cache hit)
753 silly packumentCache full:https://registry.npmjs.org/@netlify%2fblobs set size:422156 disposed:false
754 silly fetch manifest @planetscale/database@^1.19.0
755 silly packumentCache full:https://registry.npmjs.org/@planetscale%2fdatabase cache-hit
756 silly fetch manifest @upstash/redis@^1.36.2
757 silly packumentCache full:https://registry.npmjs.org/@upstash%2fredis cache-miss
758 http cache https://registry.npmjs.org/@upstash%2fredis 32ms (cache hit)
759 silly packumentCache full:https://registry.npmjs.org/@upstash%2fredis set size:3769711 disposed:false
760 silly fetch manifest @vercel/blob@>=0.27.3
761 silly packumentCache full:https://registry.npmjs.org/@vercel%2fblob cache-miss
762 http cache https://registry.npmjs.org/@vercel%2fblob 42ms (cache hit)
763 silly packumentCache full:https://registry.npmjs.org/@vercel%2fblob set size:1039693 disposed:false
764 silly fetch manifest @vercel/functions@^2.2.12 || ^3.0.0
765 silly packumentCache full:https://registry.npmjs.org/@vercel%2ffunctions cache-miss
766 http cache https://registry.npmjs.org/@vercel%2ffunctions 34ms (cache hit)
767 silly packumentCache full:https://registry.npmjs.org/@vercel%2ffunctions set size:222413 disposed:false
768 silly fetch manifest @aws-sdk/credential-provider-web-identity@*
769 silly packumentCache full:https://registry.npmjs.org/@aws-sdk%2fcredential-provider-web-identity cache-miss
770 http cache https://registry.npmjs.org/@aws-sdk%2fcredential-provider-web-identity 23ms (cache hit)
771 silly packumentCache full:https://registry.npmjs.org/@aws-sdk%2fcredential-provider-web-identity set size:1034028 disposed:false
772 silly fetch manifest ws@>=8
773 silly packumentCache full:https://registry.npmjs.org/ws cache-hit
774 silly fetch manifest @vercel/kv@^1.0.1
775 silly packumentCache full:https://registry.npmjs.org/@vercel%2fkv cache-miss
776 http cache https://registry.npmjs.org/@vercel%2fkv 36ms (cache hit)
777 silly packumentCache full:https://registry.npmjs.org/@vercel%2fkv set size:112611 disposed:false
778 silly fetch manifest aws4fetch@^1.0.20
779 silly packumentCache full:https://registry.npmjs.org/aws4fetch cache-miss
780 http cache https://registry.npmjs.org/aws4fetch 28ms (cache hit)
781 silly packumentCache full:https://registry.npmjs.org/aws4fetch set size:75112 disposed:false
782 silly fetch manifest chokidar@^4 || ^5
783 silly packumentCache full:https://registry.npmjs.org/chokidar cache-miss
784 http cache https://registry.npmjs.org/chokidar 39ms (cache hit)
785 silly packumentCache full:https://registry.npmjs.org/chokidar set size:255902 disposed:false
786 silly fetch manifest idb-keyval@^6.2.2
787 silly packumentCache full:https://registry.npmjs.org/idb-keyval cache-miss
788 http cache https://registry.npmjs.org/idb-keyval 32ms (cache hit)
789 silly packumentCache full:https://registry.npmjs.org/idb-keyval set size:140904 disposed:false
790 silly fetch manifest ioredis@^5.9.3
791 silly packumentCache full:https://registry.npmjs.org/ioredis cache-miss
792 http cache https://registry.npmjs.org/ioredis 24ms (cache hit)
793 silly packumentCache full:https://registry.npmjs.org/ioredis set size:851250 disposed:false
794 silly fetch manifest lru-cache@^11.2.6
795 silly packumentCache full:https://registry.npmjs.org/lru-cache cache-miss
796 http cache https://registry.npmjs.org/lru-cache 32ms (cache hit)
797 silly packumentCache full:https://registry.npmjs.org/lru-cache set size:460407 disposed:false
798 silly fetch manifest mongodb@^6 || ^7
799 silly packumentCache full:https://registry.npmjs.org/mongodb cache-miss
800 http cache https://registry.npmjs.org/mongodb 50ms (cache hit)
801 silly packumentCache full:https://registry.npmjs.org/mongodb set size:4566317 disposed:false
802 silly fetch manifest @aws-sdk/credential-providers@^3.806.0
803 silly packumentCache full:https://registry.npmjs.org/@aws-sdk%2fcredential-providers cache-miss
804 http cache https://registry.npmjs.org/@aws-sdk%2fcredential-providers 70ms (cache hit)
805 silly packumentCache full:https://registry.npmjs.org/@aws-sdk%2fcredential-providers set size:2283367 disposed:false
806 silly fetch manifest @mongodb-js/zstd@^7.0.0
807 silly packumentCache full:https://registry.npmjs.org/@mongodb-js%2fzstd cache-miss
808 http cache https://registry.npmjs.org/@mongodb-js%2fzstd 40ms (cache hit)
809 silly packumentCache full:https://registry.npmjs.org/@mongodb-js%2fzstd set size:97874 disposed:false
810 silly fetch manifest gcp-metadata@^7.0.1
811 silly packumentCache full:https://registry.npmjs.org/gcp-metadata cache-miss
812 http cache https://registry.npmjs.org/gcp-metadata 37ms (cache hit)
813 silly packumentCache full:https://registry.npmjs.org/gcp-metadata set size:197194 disposed:false
814 silly fetch manifest kerberos@^7.0.0
815 silly packumentCache full:https://registry.npmjs.org/kerberos cache-miss
816 http cache https://registry.npmjs.org/kerberos 41ms (cache hit)
817 silly packumentCache full:https://registry.npmjs.org/kerberos set size:117537 disposed:false
818 silly fetch manifest mongodb-client-encryption@^7.2.0
819 silly packumentCache full:https://registry.npmjs.org/mongodb-client-encryption cache-miss
820 http cache https://registry.npmjs.org/mongodb-client-encryption 19ms (cache hit)
821 silly packumentCache full:https://registry.npmjs.org/mongodb-client-encryption set size:269453 disposed:false
822 silly fetch manifest snappy@^7.3.2
823 silly packumentCache full:https://registry.npmjs.org/snappy cache-miss
824 http cache https://registry.npmjs.org/snappy 18ms (cache hit)
825 silly packumentCache full:https://registry.npmjs.org/snappy set size:185121 disposed:false
826 silly fetch manifest socks@^2.8.6
827 silly packumentCache full:https://registry.npmjs.org/socks cache-miss
828 http cache https://registry.npmjs.org/socks 20ms (cache hit)
829 silly packumentCache full:https://registry.npmjs.org/socks set size:173143 disposed:false
830 silly fetch manifest uploadthing@^7.7.4
831 silly packumentCache full:https://registry.npmjs.org/uploadthing cache-miss
832 http cache https://registry.npmjs.org/uploadthing 49ms (cache hit)
833 silly packumentCache full:https://registry.npmjs.org/uploadthing set size:1017149 disposed:false
834 silly fetch manifest express@*
835 silly packumentCache full:https://registry.npmjs.org/express cache-miss
836 http cache https://registry.npmjs.org/express 39ms (cache hit)
837 silly packumentCache full:https://registry.npmjs.org/express set size:804956 disposed:false
838 silly fetch manifest tailwindcss@^3.0.0 || ^4.0.0-beta.0
839 silly packumentCache full:https://registry.npmjs.org/tailwindcss cache-miss
840 http cache https://registry.npmjs.org/tailwindcss 140ms (cache hit)
841 silly packumentCache full:https://registry.npmjs.org/tailwindcss set size:10778950 disposed:false
842 silly fetch manifest @netlify/runtime@^4.1.23
843 silly packumentCache full:https://registry.npmjs.org/@netlify%2fruntime cache-miss
844 http cache https://registry.npmjs.org/@netlify%2fruntime 30ms (cache hit)
845 silly packumentCache full:https://registry.npmjs.org/@netlify%2fruntime set size:148780 disposed:false
846 silly fetch manifest miniflare@^4.20260515.0
847 silly packumentCache full:https://registry.npmjs.org/miniflare cache-miss
848 http cache https://registry.npmjs.org/miniflare 68ms (cache hit)
849 silly packumentCache full:https://registry.npmjs.org/miniflare set size:6666984 disposed:false
850 silly fetch manifest wrangler@^4.0.0
851 silly packumentCache full:https://registry.npmjs.org/wrangler cache-miss
852 http cache https://registry.npmjs.org/wrangler 195ms (cache hit)
853 silly packumentCache full:https://registry.npmjs.org/wrangler set size:29527666 disposed:false
854 silly fetch manifest @cloudflare/workers-types@^5.20260722.1
855 silly packumentCache full:https://registry.npmjs.org/@cloudflare%2fworkers-types cache-miss
856 http cache https://registry.npmjs.org/@cloudflare%2fworkers-types 38ms (cache hit)
857 silly packumentCache full:https://registry.npmjs.org/@cloudflare%2fworkers-types set size:1810466 disposed:false
858 silly placeDep ROOT consola@3.4.2 OK for: nitro@3.0.260603-beta want: ^3.4.2
859 silly placeDep ROOT crossws@0.4.10 OK for: nitro@3.0.260603-beta want: ^0.4.5
860 silly placeDep ROOT db0@0.3.4 OK for: nitro@3.0.260603-beta want: ^0.3.4
861 silly placeDep node_modules/nitro env-runner@0.1.16 OK for: nitro@3.0.260603-beta want: ^0.1.9
862 silly placeDep node_modules/nitro miniflare@4.20260722.0 OK for: env-runner@0.1.16 want: ^4.20260515.0
863 silly placeDep ROOT h3@2.0.1-rc.26 OK for: nitro@3.0.260603-beta want: ^2.0.1-rc.22
864 silly placeDep ROOT hookable@6.1.1 OK for: nitro@3.0.260603-beta want: ^6.1.1
865 silly placeDep ROOT nf3@0.3.23 OK for: nitro@3.0.260603-beta want: ^0.3.17
866 silly placeDep ROOT ocache@0.1.5 OK for: nitro@3.0.260603-beta want: ^0.1.4
867 silly placeDep ROOT ofetch@2.0.0-alpha.3 OK for: nitro@3.0.260603-beta want: ^2.0.0-alpha.3
868 silly placeDep ROOT ohash@2.0.11 OK for: nitro@3.0.260603-beta want: ^2.0.11
869 silly placeDep ROOT rolldown@1.2.0 OK for: nitro@3.0.260603-beta want: ^1.0.3
870 silly placeDep node_modules/nitro srvx@0.11.22 OK for: nitro@3.0.260603-beta want: ^0.11.16
871 silly placeDep node_modules/nitro unstorage@2.0.0-alpha.7 OK for: nitro@3.0.260603-beta want: ^2.0.0-alpha.7
872 silly placeDep node_modules/nitro chokidar@5.0.0 OK for: unstorage@2.0.0-alpha.7 want: ^4 || ^5
873 silly placeDep node_modules/nitro lru-cache@11.5.2 OK for: unstorage@2.0.0-alpha.7 want: ^11.2.6
874 silly fetch manifest exsolve@^1.1.0
875 silly packumentCache full:https://registry.npmjs.org/exsolve cache-miss
876 silly fetch manifest httpxy@^0.5.4
877 silly packumentCache full:https://registry.npmjs.org/httpxy cache-miss
878 silly fetch manifest srvx@^0.11.19
879 silly packumentCache full:https://registry.npmjs.org/srvx cache-hit
880 silly fetch manifest sharp@0.35.2
881 silly packumentCache full:https://registry.npmjs.org/sharp cache-miss
882 silly fetch manifest undici@7.28.0
883 silly packumentCache full:https://registry.npmjs.org/undici cache-miss
884 silly fetch manifest workerd@1.20260722.1
885 silly packumentCache full:https://registry.npmjs.org/workerd cache-miss
886 silly fetch manifest ws@8.21.0
887 silly packumentCache full:https://registry.npmjs.org/ws cache-hit
888 silly fetch manifest rou3@^0.9.1
889 silly packumentCache full:https://registry.npmjs.org/rou3 cache-miss
890 silly fetch manifest srvx@^0.12.4
891 silly packumentCache full:https://registry.npmjs.org/srvx cache-hit
892 silly fetch manifest @oxc-project/types@=0.140.0
893 silly packumentCache full:https://registry.npmjs.org/@oxc-project%2ftypes cache-hit
894 silly fetch manifest @rolldown/pluginutils@^1.0.0
895 silly packumentCache full:https://registry.npmjs.org/@rolldown%2fpluginutils cache-miss
896 http cache https://registry.npmjs.org/rou3 43ms (cache hit)
897 silly packumentCache full:https://registry.npmjs.org/rou3 set size:85712 disposed:false
898 silly fetch manifest @rolldown/binding-darwin-x64@1.2.0
899 silly packumentCache full:https://registry.npmjs.org/@rolldown%2fbinding-darwin-x64 cache-miss
900 http cache https://registry.npmjs.org/workerd 72ms (cache hit)
901 silly packumentCache full:https://registry.npmjs.org/workerd set size:928347 disposed:false
902 silly fetch manifest @rolldown/binding-win32-x64-msvc@1.2.0
903 silly packumentCache full:https://registry.npmjs.org/@rolldown%2fbinding-win32-x64-msvc cache-miss
904 http cache https://registry.npmjs.org/exsolve 120ms (cache hit)
905 silly packumentCache full:https://registry.npmjs.org/exsolve set size:60813 disposed:false
906 silly fetch manifest @rolldown/binding-linux-x64-gnu@1.2.0
907 silly packumentCache full:https://registry.npmjs.org/@rolldown%2fbinding-linux-x64-gnu cache-miss
908 http cache https://registry.npmjs.org/sharp 129ms (cache hit)
909 silly packumentCache full:https://registry.npmjs.org/sharp set size:1201295 disposed:false
910 silly fetch manifest @rolldown/binding-linux-x64-musl@1.2.0
911 silly packumentCache full:https://registry.npmjs.org/@rolldown%2fbinding-linux-x64-musl cache-miss
912 http cache https://registry.npmjs.org/httpxy 186ms (cache hit)
913 silly packumentCache full:https://registry.npmjs.org/httpxy set size:59408 disposed:false
914 silly fetch manifest @rolldown/binding-freebsd-x64@1.2.0
915 silly packumentCache full:https://registry.npmjs.org/@rolldown%2fbinding-freebsd-x64 cache-miss
916 http cache https://registry.npmjs.org/undici 194ms (cache hit)
917 silly packumentCache full:https://registry.npmjs.org/undici set size:1490559 disposed:false
918 silly fetch manifest @rolldown/binding-linux-arm-gnueabihf@1.2.0
919 silly packumentCache full:https://registry.npmjs.org/@rolldown%2fbinding-linux-arm-gnueabihf cache-miss
920 http cache https://registry.npmjs.org/@rolldown%2fpluginutils 244ms (cache hit)
921 silly packumentCache full:https://registry.npmjs.org/@rolldown%2fpluginutils set size:300388 disposed:false
922 silly fetch manifest @rolldown/binding-linux-arm64-gnu@1.2.0
923 silly packumentCache full:https://registry.npmjs.org/@rolldown%2fbinding-linux-arm64-gnu cache-miss
924 http cache https://registry.npmjs.org/@rolldown%2fbinding-win32-x64-msvc 212ms (cache hit)
925 silly packumentCache full:https://registry.npmjs.org/@rolldown%2fbinding-win32-x64-msvc set size:1396449 disposed:false
926 silly fetch manifest @rolldown/binding-darwin-arm64@1.2.0
927 silly packumentCache full:https://registry.npmjs.org/@rolldown%2fbinding-darwin-arm64 cache-miss
928 http cache https://registry.npmjs.org/@rolldown%2fbinding-freebsd-x64 183ms (cache hit)
929 silly packumentCache full:https://registry.npmjs.org/@rolldown%2fbinding-freebsd-x64 set size:1058067 disposed:false
930 silly fetch manifest @rolldown/binding-linux-arm64-musl@1.2.0
931 silly packumentCache full:https://registry.npmjs.org/@rolldown%2fbinding-linux-arm64-musl cache-miss
932 http cache https://registry.npmjs.org/@rolldown%2fbinding-linux-x64-musl 228ms (cache hit)
933 silly packumentCache full:https://registry.npmjs.org/@rolldown%2fbinding-linux-x64-musl set size:1408461 disposed:false
934 silly fetch manifest @rolldown/binding-openharmony-arm64@1.2.0
935 silly packumentCache full:https://registry.npmjs.org/@rolldown%2fbinding-openharmony-arm64 cache-miss
936 http cache https://registry.npmjs.org/@rolldown%2fbinding-linux-x64-gnu 335ms (cache hit)
937 silly packumentCache full:https://registry.npmjs.org/@rolldown%2fbinding-linux-x64-gnu set size:1403794 disposed:false
938 silly fetch manifest @rolldown/binding-win32-arm64-msvc@1.2.0
939 silly packumentCache full:https://registry.npmjs.org/@rolldown%2fbinding-win32-arm64-msvc cache-miss
940 http cache https://registry.npmjs.org/@rolldown%2fbinding-darwin-x64 447ms (cache hit)
941 silly packumentCache full:https://registry.npmjs.org/@rolldown%2fbinding-darwin-x64 set size:1378365 disposed:false
942 silly fetch manifest @rolldown/binding-android-arm64@1.2.0
943 silly packumentCache full:https://registry.npmjs.org/@rolldown%2fbinding-android-arm64 cache-miss
944 http cache https://registry.npmjs.org/@rolldown%2fbinding-linux-arm-gnueabihf 306ms (cache hit)
945 silly packumentCache full:https://registry.npmjs.org/@rolldown%2fbinding-linux-arm-gnueabihf set size:1425125 disposed:false
946 silly fetch manifest @rolldown/binding-wasm32-wasi@1.2.0
947 silly packumentCache full:https://registry.npmjs.org/@rolldown%2fbinding-wasm32-wasi cache-miss
948 http cache https://registry.npmjs.org/@rolldown%2fbinding-linux-arm64-gnu 374ms (cache hit)
949 silly packumentCache full:https://registry.npmjs.org/@rolldown%2fbinding-linux-arm64-gnu set size:1415560 disposed:false
950 silly fetch manifest @rolldown/binding-linux-s390x-gnu@1.2.0
951 silly packumentCache full:https://registry.npmjs.org/@rolldown%2fbinding-linux-s390x-gnu cache-miss
952 http cache https://registry.npmjs.org/@rolldown%2fbinding-darwin-arm64 325ms (cache hit)
953 silly packumentCache full:https://registry.npmjs.org/@rolldown%2fbinding-darwin-arm64 set size:1390093 disposed:false
954 silly fetch manifest @rolldown/binding-linux-ppc64-gnu@1.2.0
955 silly packumentCache full:https://registry.npmjs.org/@rolldown%2fbinding-linux-ppc64-gnu cache-miss
956 http cache https://registry.npmjs.org/@rolldown%2fbinding-linux-arm64-musl 330ms (cache hit)
957 silly packumentCache full:https://registry.npmjs.org/@rolldown%2fbinding-linux-arm64-musl set size:1420193 disposed:false
958 silly fetch manifest readdirp@^5.0.0
959 silly packumentCache full:https://registry.npmjs.org/readdirp cache-miss
960 http cache https://registry.npmjs.org/@rolldown%2fbinding-openharmony-arm64 322ms (cache hit)
961 silly packumentCache full:https://registry.npmjs.org/@rolldown%2fbinding-openharmony-arm64 set size:126504 disposed:false
962 http cache https://registry.npmjs.org/@rolldown%2fbinding-android-arm64 234ms (cache hit)
963 silly packumentCache full:https://registry.npmjs.org/@rolldown%2fbinding-android-arm64 set size:164597 disposed:false
964 http cache https://registry.npmjs.org/@rolldown%2fbinding-win32-arm64-msvc 297ms (cache hit)
965 silly packumentCache full:https://registry.npmjs.org/@rolldown%2fbinding-win32-arm64-msvc set size:1410560 disposed:false
966 http cache https://registry.npmjs.org/@rolldown%2fbinding-linux-ppc64-gnu 116ms (cache hit)
967 silly packumentCache full:https://registry.npmjs.org/@rolldown%2fbinding-linux-ppc64-gnu set size:52149 disposed:false
968 http cache https://registry.npmjs.org/@rolldown%2fbinding-linux-s390x-gnu 162ms (cache hit)
969 silly packumentCache full:https://registry.npmjs.org/@rolldown%2fbinding-linux-s390x-gnu set size:52141 disposed:false
970 http cache https://registry.npmjs.org/@rolldown%2fbinding-wasm32-wasi 266ms (cache hit)
971 silly packumentCache full:https://registry.npmjs.org/@rolldown%2fbinding-wasm32-wasi set size:1367076 disposed:false
972 http cache https://registry.npmjs.org/readdirp 131ms (cache hit)
973 silly packumentCache full:https://registry.npmjs.org/readdirp set size:107589 disposed:false
974 silly placeDep node_modules/h3 rou3@0.9.1 OK for: h3@2.0.1-rc.26 want: ^0.9.1
975 silly placeDep node_modules/h3 srvx@0.12.4 OK for: h3@2.0.1-rc.26 want: ^0.12.4
976 silly placeDep ROOT @oxc-parser/binding-android-arm-eabi@0.120.0 OK for: oxc-parser@0.120.0 want: 0.120.0
977 silly placeDep ROOT @oxc-parser/binding-android-arm64@0.120.0 OK for: oxc-parser@0.120.0 want: 0.120.0
978 silly placeDep ROOT @oxc-parser/binding-darwin-arm64@0.120.0 OK for: oxc-parser@0.120.0 want: 0.120.0
979 silly placeDep ROOT @oxc-parser/binding-darwin-x64@0.120.0 OK for: oxc-parser@0.120.0 want: 0.120.0
980 silly placeDep ROOT @oxc-parser/binding-freebsd-x64@0.120.0 OK for: oxc-parser@0.120.0 want: 0.120.0
981 silly placeDep ROOT @oxc-parser/binding-linux-arm-gnueabihf@0.120.0 OK for: oxc-parser@0.120.0 want: 0.120.0
982 silly placeDep ROOT @oxc-parser/binding-linux-arm-musleabihf@0.120.0 OK for: oxc-parser@0.120.0 want: 0.120.0
983 silly placeDep ROOT @oxc-parser/binding-linux-arm64-gnu@0.120.0 OK for: oxc-parser@0.120.0 want: 0.120.0
984 silly placeDep ROOT @oxc-parser/binding-linux-arm64-musl@0.120.0 OK for: oxc-parser@0.120.0 want: 0.120.0
985 silly placeDep ROOT @oxc-parser/binding-linux-ppc64-gnu@0.120.0 OK for: oxc-parser@0.120.0 want: 0.120.0
986 silly placeDep ROOT @oxc-parser/binding-linux-riscv64-gnu@0.120.0 OK for: oxc-parser@0.120.0 want: 0.120.0
987 silly placeDep ROOT @oxc-parser/binding-linux-riscv64-musl@0.120.0 OK for: oxc-parser@0.120.0 want: 0.120.0
988 silly placeDep ROOT @oxc-parser/binding-linux-s390x-gnu@0.120.0 OK for: oxc-parser@0.120.0 want: 0.120.0
989 silly placeDep ROOT @oxc-parser/binding-linux-x64-gnu@0.120.0 OK for: oxc-parser@0.120.0 want: 0.120.0
990 silly placeDep ROOT @oxc-parser/binding-linux-x64-musl@0.120.0 OK for: oxc-parser@0.120.0 want: 0.120.0
991 silly placeDep ROOT @oxc-parser/binding-openharmony-arm64@0.120.0 OK for: oxc-parser@0.120.0 want: 0.120.0
992 silly placeDep ROOT @oxc-parser/binding-wasm32-wasi@0.120.0 OK for: oxc-parser@0.120.0 want: 0.120.0
993 silly placeDep ROOT @oxc-parser/binding-win32-arm64-msvc@0.120.0 OK for: oxc-parser@0.120.0 want: 0.120.0
994 silly placeDep ROOT @oxc-parser/binding-win32-ia32-msvc@0.120.0 OK for: oxc-parser@0.120.0 want: 0.120.0
995 silly placeDep ROOT @oxc-parser/binding-win32-x64-msvc@0.120.0 OK for: oxc-parser@0.120.0 want: 0.120.0
996 silly placeDep ROOT @oxc-project/types@0.120.0 OK for: oxc-parser@0.120.0 want: ^0.120.0
997 silly fetch manifest @napi-rs/wasm-runtime@^1.1.1
998 silly packumentCache full:https://registry.npmjs.org/@napi-rs%2fwasm-runtime cache-miss
999 http cache https://registry.npmjs.org/@napi-rs%2fwasm-runtime 14ms (cache hit)
1000 silly packumentCache full:https://registry.npmjs.org/@napi-rs%2fwasm-runtime set size:76486 disposed:false
1001 silly fetch manifest @emnapi/core@^1.7.1
1002 silly packumentCache full:https://registry.npmjs.org/@emnapi%2fcore cache-miss
1003 http cache https://registry.npmjs.org/@emnapi%2fcore 16ms (cache hit)
1004 silly packumentCache full:https://registry.npmjs.org/@emnapi%2fcore set size:121716 disposed:false
1005 silly fetch manifest @emnapi/runtime@^1.7.1
1006 silly packumentCache full:https://registry.npmjs.org/@emnapi%2fruntime cache-miss
1007 http cache https://registry.npmjs.org/@emnapi%2fruntime 31ms (cache hit)
1008 silly packumentCache full:https://registry.npmjs.org/@emnapi%2fruntime set size:122916 disposed:false
1009 silly placeDep ROOT @napi-rs/wasm-runtime@1.1.6 OK for: @oxc-parser/binding-wasm32-wasi@0.120.0 want: ^1.1.1
1010 silly placeDep ROOT @emnapi/core@1.11.3 OK for: @napi-rs/wasm-runtime@1.1.6 want: ^1.7.1
1011 silly fetch manifest @tybys/wasm-util@^0.10.3
1012 silly packumentCache full:https://registry.npmjs.org/@tybys%2fwasm-util cache-miss
1013 silly fetch manifest @emnapi/wasi-threads@1.2.3
1014 silly packumentCache full:https://registry.npmjs.org/@emnapi%2fwasi-threads cache-miss
1015 http cache https://registry.npmjs.org/@emnapi%2fwasi-threads 16ms (cache hit)
1016 silly packumentCache full:https://registry.npmjs.org/@emnapi%2fwasi-threads set size:27058 disposed:false
1017 http cache https://registry.npmjs.org/@tybys%2fwasm-util 21ms (cache hit)
1018 silly packumentCache full:https://registry.npmjs.org/@tybys%2fwasm-util set size:60108 disposed:false
1019 silly placeDep ROOT @emnapi/wasi-threads@1.2.3 OK for: @emnapi/core@1.11.3 want: 1.2.3
1020 silly placeDep ROOT @tybys/wasm-util@0.10.3 OK for: @napi-rs/wasm-runtime@1.1.6 want: ^0.10.3
1021 silly placeDep node_modules/rolldown @oxc-project/types@0.140.0 OK for: rolldown@1.2.0 want: =0.140.0
1022 silly placeDep ROOT @rolldown/binding-android-arm64@1.2.0 OK for: rolldown@1.2.0 want: 1.2.0
1023 silly placeDep ROOT @rolldown/binding-darwin-arm64@1.2.0 OK for: rolldown@1.2.0 want: 1.2.0
1024 silly placeDep ROOT @rolldown/binding-darwin-x64@1.2.0 OK for: rolldown@1.2.0 want: 1.2.0
1025 silly placeDep ROOT @rolldown/binding-freebsd-x64@1.2.0 OK for: rolldown@1.2.0 want: 1.2.0
1026 silly placeDep ROOT @rolldown/binding-linux-arm-gnueabihf@1.2.0 OK for: rolldown@1.2.0 want: 1.2.0
1027 silly placeDep ROOT @rolldown/binding-linux-arm64-gnu@1.2.0 OK for: rolldown@1.2.0 want: 1.2.0
1028 silly placeDep ROOT @rolldown/binding-linux-arm64-musl@1.2.0 OK for: rolldown@1.2.0 want: 1.2.0
1029 silly placeDep ROOT @rolldown/binding-linux-ppc64-gnu@1.2.0 OK for: rolldown@1.2.0 want: 1.2.0
1030 silly placeDep ROOT @rolldown/binding-linux-s390x-gnu@1.2.0 OK for: rolldown@1.2.0 want: 1.2.0
1031 silly placeDep ROOT @rolldown/binding-linux-x64-gnu@1.2.0 OK for: rolldown@1.2.0 want: 1.2.0
1032 silly placeDep ROOT @rolldown/binding-linux-x64-musl@1.2.0 OK for: rolldown@1.2.0 want: 1.2.0
1033 silly placeDep ROOT @rolldown/binding-openharmony-arm64@1.2.0 OK for: rolldown@1.2.0 want: 1.2.0
1034 silly placeDep ROOT @rolldown/binding-wasm32-wasi@1.2.0 OK for: rolldown@1.2.0 want: 1.2.0
1035 silly placeDep ROOT @rolldown/binding-win32-arm64-msvc@1.2.0 OK for: rolldown@1.2.0 want: 1.2.0
1036 silly placeDep ROOT @rolldown/binding-win32-x64-msvc@1.2.0 OK for: rolldown@1.2.0 want: 1.2.0
1037 silly placeDep node_modules/rolldown @rolldown/pluginutils@1.0.1 OK for: rolldown@1.2.0 want: ^1.0.0
1038 silly fetch manifest @emnapi/core@1.11.2
1039 silly packumentCache full:https://registry.npmjs.org/@emnapi%2fcore cache-hit
1040 silly fetch manifest @emnapi/runtime@1.11.2
1041 silly packumentCache full:https://registry.npmjs.org/@emnapi%2fruntime cache-hit
1042 silly placeDep node_modules/@rolldown/binding-wasm32-wasi @emnapi/core@1.11.2 OK for: @rolldown/binding-wasm32-wasi@1.2.0 want: 1.11.2
1043 silly placeDep ROOT @emnapi/runtime@1.11.2 REPLACE for: @rolldown/binding-wasm32-wasi@1.2.0 want: 1.11.2
1044 silly fetch manifest @emnapi/wasi-threads@1.2.2
1045 silly packumentCache full:https://registry.npmjs.org/@emnapi%2fwasi-threads cache-hit
1046 silly placeDep ROOT @rollup/rollup-android-arm-eabi@4.62.3 OK for: rollup@4.62.3 want: 4.62.3
1047 silly placeDep ROOT @rollup/rollup-android-arm64@4.62.3 OK for: rollup@4.62.3 want: 4.62.3
1048 silly placeDep ROOT @rollup/rollup-darwin-arm64@4.62.3 OK for: rollup@4.62.3 want: 4.62.3
1049 silly placeDep ROOT @rollup/rollup-darwin-x64@4.62.3 OK for: rollup@4.62.3 want: 4.62.3
1050 silly placeDep ROOT @rollup/rollup-freebsd-arm64@4.62.3 OK for: rollup@4.62.3 want: 4.62.3
1051 silly placeDep ROOT @rollup/rollup-freebsd-x64@4.62.3 OK for: rollup@4.62.3 want: 4.62.3
1052 silly placeDep ROOT @rollup/rollup-linux-arm-gnueabihf@4.62.3 OK for: rollup@4.62.3 want: 4.62.3
1053 silly placeDep ROOT @rollup/rollup-linux-arm-musleabihf@4.62.3 OK for: rollup@4.62.3 want: 4.62.3
1054 silly placeDep ROOT @rollup/rollup-linux-arm64-gnu@4.62.3 OK for: rollup@4.62.3 want: 4.62.3
1055 silly placeDep ROOT @rollup/rollup-linux-arm64-musl@4.62.3 OK for: rollup@4.62.3 want: 4.62.3
1056 silly placeDep ROOT @rollup/rollup-linux-loong64-gnu@4.62.3 OK for: rollup@4.62.3 want: 4.62.3
1057 silly placeDep ROOT @rollup/rollup-linux-loong64-musl@4.62.3 OK for: rollup@4.62.3 want: 4.62.3
1058 silly placeDep ROOT @rollup/rollup-linux-ppc64-gnu@4.62.3 OK for: rollup@4.62.3 want: 4.62.3
1059 silly placeDep ROOT @rollup/rollup-linux-ppc64-musl@4.62.3 OK for: rollup@4.62.3 want: 4.62.3
1060 silly placeDep ROOT @rollup/rollup-linux-riscv64-gnu@4.62.3 OK for: rollup@4.62.3 want: 4.62.3
1061 silly placeDep ROOT @rollup/rollup-linux-riscv64-musl@4.62.3 OK for: rollup@4.62.3 want: 4.62.3
1062 silly placeDep ROOT @rollup/rollup-linux-s390x-gnu@4.62.3 OK for: rollup@4.62.3 want: 4.62.3
1063 silly placeDep ROOT @rollup/rollup-linux-x64-gnu@4.62.3 OK for: rollup@4.62.3 want: 4.62.3
1064 silly placeDep ROOT @rollup/rollup-linux-x64-musl@4.62.3 OK for: rollup@4.62.3 want: 4.62.3
1065 silly placeDep ROOT @rollup/rollup-openbsd-x64@4.62.3 OK for: rollup@4.62.3 want: 4.62.3
1066 silly placeDep ROOT @rollup/rollup-openharmony-arm64@4.62.3 OK for: rollup@4.62.3 want: 4.62.3
1067 silly placeDep ROOT @rollup/rollup-win32-arm64-msvc@4.62.3 OK for: rollup@4.62.3 want: 4.62.3
1068 silly placeDep ROOT @rollup/rollup-win32-ia32-msvc@4.62.3 OK for: rollup@4.62.3 want: 4.62.3
1069 silly placeDep ROOT @rollup/rollup-win32-x64-gnu@4.62.3 OK for: rollup@4.62.3 want: 4.62.3
1070 silly placeDep ROOT @rollup/rollup-win32-x64-msvc@4.62.3 OK for: rollup@4.62.3 want: 4.62.3
1071 silly placeDep ROOT @types/estree@1.0.9 REPLACE for: rollup@4.62.3 want: 1.0.9
1072 silly placeDep ROOT adler-32@1.3.1 OK for: xlsx@0.18.5 want: ~1.3.0
1073 silly placeDep ROOT cfb@1.2.2 OK for: xlsx@0.18.5 want: ~1.2.1
1074 silly placeDep ROOT codepage@1.15.0 OK for: xlsx@0.18.5 want: ~1.15.0
1075 silly placeDep ROOT crc-32@1.2.2 OK for: xlsx@0.18.5 want: ~1.2.1
1076 silly placeDep ROOT ssf@0.11.2 OK for: xlsx@0.18.5 want: ~0.11.2
1077 silly placeDep ROOT wmf@1.0.2 OK for: xlsx@0.18.5 want: ~1.0.1
1078 silly placeDep ROOT word@0.3.0 OK for: xlsx@0.18.5 want: ~0.3.0
1079 silly fetch manifest crc-32@~1.2.0
1080 silly packumentCache full:https://registry.npmjs.org/crc-32 cache-hit
1081 silly fetch manifest frac@~1.1.2
1082 silly packumentCache full:https://registry.npmjs.org/frac cache-miss
1083 http cache https://registry.npmjs.org/frac 22ms (cache hit)
1084 silly packumentCache full:https://registry.npmjs.org/frac set size:21080 disposed:false
1085 silly placeDep ROOT frac@1.1.2 OK for: ssf@0.11.2 want: ~1.1.2
1086 silly placeDep node_modules/@rolldown/binding-wasm32-wasi @emnapi/wasi-threads@1.2.2 OK for: @emnapi/core@1.11.2 want: 1.2.2
1087 silly placeDep node_modules/nitro readdirp@5.0.0 OK for: chokidar@5.0.0 want: ^5.0.0
1088 silly placeDep ROOT exsolve@1.1.1 REPLACE for: env-runner@0.1.16 want: ^1.1.0
1089 silly placeDep ROOT httpxy@0.5.5 OK for: env-runner@0.1.16 want: ^0.5.4
1090 silly placeDep node_modules/nitro sharp@0.35.2 OK for: miniflare@4.20260722.0 want: 0.35.2
1091 silly placeDep ROOT undici@7.28.0 REPLACE for: miniflare@4.20260722.0 want: 7.28.0
1092 silly placeDep node_modules/nitro workerd@1.20260722.1 OK for: miniflare@4.20260722.0 want: 1.20260722.1
1093 silly placeDep node_modules/nitro ws@8.21.0 OK for: miniflare@4.20260722.0 want: 8.21.0
1094 silly fetch manifest semver@^7.8.4
1095 silly packumentCache full:https://registry.npmjs.org/semver cache-miss
1096 silly fetch manifest @img/sharp-linux-arm@0.35.2
1097 silly packumentCache full:https://registry.npmjs.org/@img%2fsharp-linux-arm cache-miss
1098 silly fetch manifest @img/sharp-linux-x64@0.35.2
1099 silly packumentCache full:https://registry.npmjs.org/@img%2fsharp-linux-x64 cache-miss
1100 silly fetch manifest @img/sharp-win32-x64@0.35.2
1101 silly packumentCache full:https://registry.npmjs.org/@img%2fsharp-win32-x64 cache-miss
1102 silly fetch manifest @img/sharp-darwin-x64@0.35.2
1103 silly packumentCache full:https://registry.npmjs.org/@img%2fsharp-darwin-x64 cache-miss
1104 silly fetch manifest @img/sharp-win32-ia32@0.35.2
1105 silly packumentCache full:https://registry.npmjs.org/@img%2fsharp-win32-ia32 cache-miss
1106 silly fetch manifest @img/sharp-linux-arm64@0.35.2
1107 silly packumentCache full:https://registry.npmjs.org/@img%2fsharp-linux-arm64 cache-miss
1108 http cache https://registry.npmjs.org/@img%2fsharp-linux-x64 36ms (cache hit)
1109 silly packumentCache full:https://registry.npmjs.org/@img%2fsharp-linux-x64 set size:102218 disposed:false
1110 silly fetch manifest @img/sharp-linux-ppc64@0.35.2
1111 silly packumentCache full:https://registry.npmjs.org/@img%2fsharp-linux-ppc64 cache-miss
1112 http cache https://registry.npmjs.org/@img%2fsharp-darwin-x64 42ms (cache hit)
1113 silly packumentCache full:https://registry.npmjs.org/@img%2fsharp-darwin-x64 set size:104467 disposed:false
1114 silly fetch manifest @img/sharp-linux-s390x@0.35.2
1115 silly packumentCache full:https://registry.npmjs.org/@img%2fsharp-linux-s390x cache-miss
1116 http cache https://registry.npmjs.org/@img%2fsharp-win32-x64 53ms (cache hit)
1117 silly packumentCache full:https://registry.npmjs.org/@img%2fsharp-win32-x64 set size:103513 disposed:false
1118 silly fetch manifest @img/sharp-win32-arm64@0.35.2
1119 silly packumentCache full:https://registry.npmjs.org/@img%2fsharp-win32-arm64 cache-miss
1120 http cache https://registry.npmjs.org/@img%2fsharp-linux-arm 65ms (cache hit)
1121 silly packumentCache full:https://registry.npmjs.org/@img%2fsharp-linux-arm set size:102715 disposed:false
1122 silly fetch manifest @img/sharp-darwin-arm64@0.35.2
1123 silly packumentCache full:https://registry.npmjs.org/@img%2fsharp-darwin-arm64 cache-miss
1124 http cache https://registry.npmjs.org/semver 74ms (cache hit)
1125 silly packumentCache full:https://registry.npmjs.org/semver set size:246069 disposed:false
1126 silly fetch manifest @img/sharp-linux-riscv64@0.35.2
1127 silly packumentCache full:https://registry.npmjs.org/@img%2fsharp-linux-riscv64 cache-miss
1128 http cache https://registry.npmjs.org/@img%2fsharp-linux-arm64 86ms (cache hit)
1129 silly packumentCache full:https://registry.npmjs.org/@img%2fsharp-linux-arm64 set size:103552 disposed:false
1130 silly fetch manifest @img/sharp-linuxmusl-x64@0.35.2
1131 silly packumentCache full:https://registry.npmjs.org/@img%2fsharp-linuxmusl-x64 cache-miss
1132 http cache https://registry.npmjs.org/@img%2fsharp-win32-ia32 96ms (cache hit)
1133 silly packumentCache full:https://registry.npmjs.org/@img%2fsharp-win32-ia32 set size:104482 disposed:false
1134 silly fetch manifest @img/sharp-freebsd-wasm32@0.35.2
1135 silly packumentCache full:https://registry.npmjs.org/@img%2fsharp-freebsd-wasm32 cache-miss
1136 http cache https://registry.npmjs.org/@img%2fsharp-win32-arm64 71ms (cache hit)
1137 silly packumentCache full:https://registry.npmjs.org/@img%2fsharp-win32-arm64 set size:63462 disposed:false
1138 silly fetch manifest @img/sharp-linuxmusl-arm64@0.35.2
1139 silly packumentCache full:https://registry.npmjs.org/@img%2fsharp-linuxmusl-arm64 cache-miss
1140 http cache https://registry.npmjs.org/@img%2fsharp-linux-ppc64 96ms (cache hit)
1141 silly packumentCache full:https://registry.npmjs.org/@img%2fsharp-linux-ppc64 set size:68168 disposed:false
1142 silly fetch manifest @img/sharp-libvips-linux-arm@1.3.1
1143 silly packumentCache full:https://registry.npmjs.org/@img%2fsharp-libvips-linux-arm cache-miss
1144 http cache https://registry.npmjs.org/@img%2fsharp-linux-s390x 94ms (cache hit)
1145 silly packumentCache full:https://registry.npmjs.org/@img%2fsharp-linux-s390x set size:101430 disposed:false
1146 silly fetch manifest @img/sharp-libvips-linux-x64@1.3.1
1147 silly packumentCache full:https://registry.npmjs.org/@img%2fsharp-libvips-linux-x64 cache-miss
1148 http cache https://registry.npmjs.org/@img%2fsharp-darwin-arm64 85ms (cache hit)
1149 silly packumentCache full:https://registry.npmjs.org/@img%2fsharp-darwin-arm64 set size:105848 disposed:false
1150 silly fetch manifest @img/sharp-libvips-darwin-x64@1.3.1
1151 silly packumentCache full:https://registry.npmjs.org/@img%2fsharp-libvips-darwin-x64 cache-miss
1152 http cache https://registry.npmjs.org/@img%2fsharp-linux-riscv64 76ms (cache hit)
1153 silly packumentCache full:https://registry.npmjs.org/@img%2fsharp-linux-riscv64 set size:45681 disposed:false
1154 silly fetch manifest @img/sharp-libvips-linux-arm64@1.3.1
1155 silly packumentCache full:https://registry.npmjs.org/@img%2fsharp-libvips-linux-arm64 cache-miss
1156 http cache https://registry.npmjs.org/@img%2fsharp-freebsd-wasm32 64ms (cache hit)
1157 silly packumentCache full:https://registry.npmjs.org/@img%2fsharp-freebsd-wasm32 set size:42729 disposed:false
1158 silly fetch manifest @img/sharp-libvips-linux-ppc64@1.3.1
1159 silly packumentCache full:https://registry.npmjs.org/@img%2fsharp-libvips-linux-ppc64 cache-miss
1160 http cache https://registry.npmjs.org/@img%2fsharp-linuxmusl-x64 79ms (cache hit)
1161 silly packumentCache full:https://registry.npmjs.org/@img%2fsharp-linuxmusl-x64 set size:103818 disposed:false
1162 silly fetch manifest @img/sharp-libvips-linux-s390x@1.3.1
1163 silly packumentCache full:https://registry.npmjs.org/@img%2fsharp-libvips-linux-s390x cache-miss
1164 http cache https://registry.npmjs.org/@img%2fsharp-libvips-linux-arm 81ms (cache hit)
1165 silly packumentCache full:https://registry.npmjs.org/@img%2fsharp-libvips-linux-arm set size:90480 disposed:false
1166 silly fetch manifest @img/sharp-libvips-darwin-arm64@1.3.1
1167 silly packumentCache full:https://registry.npmjs.org/@img%2fsharp-libvips-darwin-arm64 cache-miss
1168 http cache https://registry.npmjs.org/@img%2fsharp-libvips-linux-x64 81ms (cache hit)
1169 silly packumentCache full:https://registry.npmjs.org/@img%2fsharp-libvips-linux-x64 set size:86327 disposed:false
1170 silly fetch manifest @img/sharp-webcontainers-wasm32@0.35.2
1171 silly packumentCache full:https://registry.npmjs.org/@img%2fsharp-webcontainers-wasm32 cache-miss
1172 http cache https://registry.npmjs.org/@img%2fsharp-linuxmusl-arm64 105ms (cache hit)
1173 silly packumentCache full:https://registry.npmjs.org/@img%2fsharp-linuxmusl-arm64 set size:105157 disposed:false
1174 silly fetch manifest @img/sharp-libvips-linux-riscv64@1.3.1
1175 silly packumentCache full:https://registry.npmjs.org/@img%2fsharp-libvips-linux-riscv64 cache-miss
1176 http cache https://registry.npmjs.org/@img%2fsharp-libvips-linux-ppc64 76ms (cache hit)
1177 silly packumentCache full:https://registry.npmjs.org/@img%2fsharp-libvips-linux-ppc64 set size:72601 disposed:false
1178 silly fetch manifest @img/sharp-libvips-linuxmusl-x64@1.3.1
1179 silly packumentCache full:https://registry.npmjs.org/@img%2fsharp-libvips-linuxmusl-x64 cache-miss
1180 http cache https://registry.npmjs.org/@img%2fsharp-libvips-darwin-x64 97ms (cache hit)
1181 silly packumentCache full:https://registry.npmjs.org/@img%2fsharp-libvips-darwin-x64 set size:83096 disposed:false
1182 silly fetch manifest @img/sharp-libvips-linuxmusl-arm64@1.3.1
1183 silly packumentCache full:https://registry.npmjs.org/@img%2fsharp-libvips-linuxmusl-arm64 cache-miss
1184 http cache https://registry.npmjs.org/@img%2fsharp-libvips-linux-arm64 96ms (cache hit)
1185 silly packumentCache full:https://registry.npmjs.org/@img%2fsharp-libvips-linux-arm64 set size:87554 disposed:false
1186 silly fetch manifest @cloudflare/workerd-linux-64@1.20260722.1
1187 silly packumentCache full:https://registry.npmjs.org/@cloudflare%2fworkerd-linux-64 cache-miss
1188 http cache https://registry.npmjs.org/@img%2fsharp-libvips-linux-s390x 89ms (cache hit)
1189 silly packumentCache full:https://registry.npmjs.org/@img%2fsharp-libvips-linux-s390x set size:81565 disposed:false
1190 silly fetch manifest @cloudflare/workerd-darwin-64@1.20260722.1
1191 silly packumentCache full:https://registry.npmjs.org/@cloudflare%2fworkerd-darwin-64 cache-miss
1192 http cache https://registry.npmjs.org/@img%2fsharp-libvips-darwin-arm64 75ms (cache hit)
1193 silly packumentCache full:https://registry.npmjs.org/@img%2fsharp-libvips-darwin-arm64 set size:83997 disposed:false
1194 silly fetch manifest @cloudflare/workerd-windows-64@1.20260722.1
1195 silly packumentCache full:https://registry.npmjs.org/@cloudflare%2fworkerd-windows-64 cache-miss
1196 http cache https://registry.npmjs.org/@img%2fsharp-webcontainers-wasm32 74ms (cache hit)
1197 silly packumentCache full:https://registry.npmjs.org/@img%2fsharp-webcontainers-wasm32 set size:41403 disposed:false
1198 silly fetch manifest @cloudflare/workerd-linux-arm64@1.20260722.1
1199 silly packumentCache full:https://registry.npmjs.org/@cloudflare%2fworkerd-linux-arm64 cache-miss
1200 http cache https://registry.npmjs.org/@img%2fsharp-libvips-linux-riscv64 72ms (cache hit)
1201 silly packumentCache full:https://registry.npmjs.org/@img%2fsharp-libvips-linux-riscv64 set size:58803 disposed:false
1202 silly fetch manifest @cloudflare/workerd-darwin-arm64@1.20260722.1
1203 silly packumentCache full:https://registry.npmjs.org/@cloudflare%2fworkerd-darwin-arm64 cache-miss
1204 http cache https://registry.npmjs.org/@img%2fsharp-libvips-linuxmusl-arm64 64ms (cache hit)
1205 silly packumentCache full:https://registry.npmjs.org/@img%2fsharp-libvips-linuxmusl-arm64 set size:86720 disposed:false
1206 http cache https://registry.npmjs.org/@cloudflare%2fworkerd-linux-64 68ms (cache hit)
1207 silly packumentCache full:https://registry.npmjs.org/@cloudflare%2fworkerd-linux-64 set size:1825227 disposed:false
1208 http cache https://registry.npmjs.org/@img%2fsharp-libvips-linuxmusl-x64 144ms (cache hit)
1209 silly packumentCache full:https://registry.npmjs.org/@img%2fsharp-libvips-linuxmusl-x64 set size:83650 disposed:false
1210 http cache https://registry.npmjs.org/@cloudflare%2fworkerd-darwin-64 133ms (cache hit)
1211 silly packumentCache full:https://registry.npmjs.org/@cloudflare%2fworkerd-darwin-64 set size:1826951 disposed:false
1212 http cache https://registry.npmjs.org/@cloudflare%2fworkerd-darwin-arm64 202ms (cache hit)
1213 silly packumentCache full:https://registry.npmjs.org/@cloudflare%2fworkerd-darwin-arm64 set size:1828105 disposed:false
1214 http cache https://registry.npmjs.org/@cloudflare%2fworkerd-windows-64 299ms (cache hit)
1215 silly packumentCache full:https://registry.npmjs.org/@cloudflare%2fworkerd-windows-64 set size:1734924 disposed:false
1216 http cache https://registry.npmjs.org/@cloudflare%2fworkerd-linux-arm64 365ms (cache hit)
1217 silly packumentCache full:https://registry.npmjs.org/@cloudflare%2fworkerd-linux-arm64 set size:1818475 disposed:false
1218 silly placeDep node_modules/nitro @img/sharp-darwin-arm64@0.35.2 OK for: sharp@0.35.2 want: 0.35.2
1219 silly placeDep node_modules/nitro @img/sharp-darwin-x64@0.35.2 OK for: sharp@0.35.2 want: 0.35.2
1220 silly placeDep ROOT @img/sharp-freebsd-wasm32@0.35.2 OK for: sharp@0.35.2 want: 0.35.2
1221 silly placeDep node_modules/nitro @img/sharp-libvips-darwin-arm64@1.3.1 OK for: sharp@0.35.2 want: 1.3.1
1222 silly placeDep node_modules/nitro @img/sharp-libvips-darwin-x64@1.3.1 OK for: sharp@0.35.2 want: 1.3.1
1223 silly placeDep node_modules/nitro @img/sharp-libvips-linux-arm@1.3.1 OK for: sharp@0.35.2 want: 1.3.1
1224 silly placeDep node_modules/nitro @img/sharp-libvips-linux-arm64@1.3.1 OK for: sharp@0.35.2 want: 1.3.1
1225 silly placeDep node_modules/nitro @img/sharp-libvips-linux-ppc64@1.3.1 OK for: sharp@0.35.2 want: 1.3.1
1226 silly placeDep node_modules/nitro @img/sharp-libvips-linux-riscv64@1.3.1 OK for: sharp@0.35.2 want: 1.3.1
1227 silly placeDep node_modules/nitro @img/sharp-libvips-linux-s390x@1.3.1 OK for: sharp@0.35.2 want: 1.3.1
1228 silly placeDep node_modules/nitro @img/sharp-libvips-linux-x64@1.3.1 OK for: sharp@0.35.2 want: 1.3.1
1229 silly placeDep node_modules/nitro @img/sharp-libvips-linuxmusl-arm64@1.3.1 OK for: sharp@0.35.2 want: 1.3.1
1230 silly placeDep node_modules/nitro @img/sharp-libvips-linuxmusl-x64@1.3.1 OK for: sharp@0.35.2 want: 1.3.1
1231 silly placeDep node_modules/nitro @img/sharp-linux-arm@0.35.2 OK for: sharp@0.35.2 want: 0.35.2
1232 silly placeDep node_modules/nitro @img/sharp-linux-arm64@0.35.2 OK for: sharp@0.35.2 want: 0.35.2
1233 silly placeDep node_modules/nitro @img/sharp-linux-ppc64@0.35.2 OK for: sharp@0.35.2 want: 0.35.2
1234 silly placeDep node_modules/nitro @img/sharp-linux-riscv64@0.35.2 OK for: sharp@0.35.2 want: 0.35.2
1235 silly placeDep node_modules/nitro @img/sharp-linux-s390x@0.35.2 OK for: sharp@0.35.2 want: 0.35.2
1236 silly placeDep node_modules/nitro @img/sharp-linux-x64@0.35.2 OK for: sharp@0.35.2 want: 0.35.2
1237 silly placeDep node_modules/nitro @img/sharp-linuxmusl-arm64@0.35.2 OK for: sharp@0.35.2 want: 0.35.2
1238 silly placeDep node_modules/nitro @img/sharp-linuxmusl-x64@0.35.2 OK for: sharp@0.35.2 want: 0.35.2
1239 silly placeDep ROOT @img/sharp-webcontainers-wasm32@0.35.2 OK for: sharp@0.35.2 want: 0.35.2
1240 silly placeDep node_modules/nitro @img/sharp-win32-arm64@0.35.2 OK for: sharp@0.35.2 want: 0.35.2
1241 silly placeDep node_modules/nitro @img/sharp-win32-ia32@0.35.2 OK for: sharp@0.35.2 want: 0.35.2
1242 silly placeDep node_modules/nitro @img/sharp-win32-x64@0.35.2 OK for: sharp@0.35.2 want: 0.35.2
1243 silly placeDep node_modules/nitro semver@7.8.5 OK for: sharp@0.35.2 want: ^7.8.4
1244 silly fetch manifest @img/sharp-wasm32@0.35.2
1245 silly packumentCache full:https://registry.npmjs.org/@img%2fsharp-wasm32 cache-miss
1246 silly fetch manifest @img/sharp-wasm32@0.35.2
1247 silly packumentCache full:https://registry.npmjs.org/@img%2fsharp-wasm32 cache-miss
1248 http cache https://registry.npmjs.org/@img%2fsharp-wasm32 22ms (cache hit)
1249 silly packumentCache full:https://registry.npmjs.org/@img%2fsharp-wasm32 set size:99309 disposed:false
1250 http cache https://registry.npmjs.org/@img%2fsharp-wasm32 30ms (cache hit)
1251 silly packumentCache full:https://registry.npmjs.org/@img%2fsharp-wasm32 set size:99309 disposed:false
1252 silly packumentCache full:https://registry.npmjs.org/@img%2fsharp-wasm32 dispose
1253 silly placeDep node_modules/@img/sharp-freebsd-wasm32 @img/sharp-wasm32@0.35.2 OK for: @img/sharp-freebsd-wasm32@0.35.2 want: 0.35.2
1254 silly placeDep node_modules/@img/sharp-webcontainers-wasm32 @img/sharp-wasm32@0.35.2 OK for: @img/sharp-webcontainers-wasm32@0.35.2 want: 0.35.2
1255 silly placeDep node_modules/nitro @cloudflare/workerd-darwin-64@1.20260722.1 OK for: workerd@1.20260722.1 want: 1.20260722.1
1256 silly placeDep node_modules/nitro @cloudflare/workerd-darwin-arm64@1.20260722.1 OK for: workerd@1.20260722.1 want: 1.20260722.1
1257 silly placeDep node_modules/nitro @cloudflare/workerd-linux-64@1.20260722.1 OK for: workerd@1.20260722.1 want: 1.20260722.1
1258 silly placeDep node_modules/nitro @cloudflare/workerd-linux-arm64@1.20260722.1 OK for: workerd@1.20260722.1 want: 1.20260722.1
1259 silly placeDep node_modules/nitro @cloudflare/workerd-windows-64@1.20260722.1 OK for: workerd@1.20260722.1 want: 1.20260722.1
1260 silly reify moves {}
1261 silly audit bulk request {
1261 silly audit   '@babel/code-frame': [ '7.29.0', '7.27.1' ],
1261 silly audit   '@babel/compat-data': [ '7.29.0' ],
1261 silly audit   '@babel/core': [ '7.29.0' ],
1261 silly audit   '@babel/generator': [ '7.29.1' ],
1261 silly audit   '@babel/helper-compilation-targets': [ '7.28.6' ],
1261 silly audit   '@babel/helper-globals': [ '7.28.0' ],
1261 silly audit   '@babel/helper-module-imports': [ '7.28.6' ],
1261 silly audit   '@babel/helper-module-transforms': [ '7.28.6' ],
1261 silly audit   '@babel/helper-plugin-utils': [ '7.28.6' ],
1261 silly audit   '@babel/helper-string-parser': [ '7.27.1' ],
1261 silly audit   '@babel/helper-validator-identifier': [ '7.28.5' ],
1261 silly audit   '@babel/helper-validator-option': [ '7.27.1' ],
1261 silly audit   '@babel/helpers': [ '7.29.2' ],
1261 silly audit   '@babel/parser': [ '7.29.2' ],
1261 silly audit   '@babel/plugin-syntax-jsx': [ '7.28.6' ],
1261 silly audit   '@babel/plugin-syntax-typescript': [ '7.28.6' ],
1261 silly audit   '@babel/plugin-transform-react-jsx-self': [ '7.27.1' ],
1261 silly audit   '@babel/plugin-transform-react-jsx-source': [ '7.27.1' ],
1261 silly audit   '@babel/runtime': [ '7.29.2' ],
1261 silly audit   '@babel/template': [ '7.28.6' ],
1261 silly audit   '@babel/traverse': [ '7.29.0' ],
1261 silly audit   '@babel/types': [ '7.29.0' ],
1261 silly audit   '@cloudflare/kv-asset-handler': [ '0.4.2' ],
1261 silly audit   '@cloudflare/unenv-preset': [ '2.16.0' ],
1261 silly audit   '@cloudflare/vite-plugin': [ '1.32.2' ],
1261 silly audit   '@cloudflare/workerd-darwin-64': [ '1.20260410.1' ],
1261 silly audit   '@cloudflare/workerd-darwin-arm64': [ '1.20260410.1' ],
1261 silly audit   '@cloudflare/workerd-linux-64': [ '1.20260410.1' ],
1261 silly audit   '@cloudflare/workerd-linux-arm64': [ '1.20260410.1' ],
1261 silly audit   '@cloudflare/workerd-windows-64': [ '1.20260410.1' ],
1261 silly audit   '@cspotcode/source-map-support': [ '0.8.1' ],
1261 silly audit   '@jridgewell/trace-mapping': [ '0.3.9', '0.3.31' ],
1261 silly audit   '@date-fns/tz': [ '1.4.1' ],
1261 silly audit   '@esbuild/aix-ppc64': [ '0.27.7', '0.27.3' ],
1261 silly audit   '@esbuild/android-arm': [ '0.27.7', '0.27.3' ],
1261 silly audit   '@esbuild/android-arm64': [ '0.27.7', '0.27.3' ],
1261 silly audit   '@esbuild/android-x64': [ '0.27.7', '0.27.3' ],
1261 silly audit   '@esbuild/darwin-arm64': [ '0.27.7', '0.27.3' ],
1261 silly audit   '@esbuild/darwin-x64': [ '0.27.7', '0.27.3' ],
1261 silly audit   '@esbuild/freebsd-arm64': [ '0.27.7', '0.27.3' ],
1261 silly audit   '@esbuild/freebsd-x64': [ '0.27.7', '0.27.3' ],
1261 silly audit   '@esbuild/linux-arm': [ '0.27.7', '0.27.3' ],
1261 silly audit   '@esbuild/linux-arm64': [ '0.27.7', '0.27.3' ],
1261 silly audit   '@esbuild/linux-ia32': [ '0.27.7', '0.27.3' ],
1261 silly audit   '@esbuild/linux-loong64': [ '0.27.7', '0.27.3' ],
1261 silly audit   '@esbuild/linux-mips64el': [ '0.27.7', '0.27.3' ],
1261 silly audit   '@esbuild/linux-ppc64': [ '0.27.7', '0.27.3' ],
1261 silly audit   '@esbuild/linux-riscv64': [ '0.27.7', '0.27.3' ],
1261 silly audit   '@esbuild/linux-s390x': [ '0.27.7', '0.27.3' ],
1261 silly audit   '@esbuild/linux-x64': [ '0.27.7', '0.27.3' ],
1261 silly audit   '@esbuild/netbsd-arm64': [ '0.27.7', '0.27.3' ],
1261 silly audit   '@esbuild/netbsd-x64': [ '0.27.7', '0.27.3' ],
1261 silly audit   '@esbuild/openbsd-arm64': [ '0.27.7', '0.27.3' ],
1261 silly audit   '@esbuild/openbsd-x64': [ '0.27.7', '0.27.3' ],
1261 silly audit   '@esbuild/openharmony-arm64': [ '0.27.7', '0.27.3' ],
1261 silly audit   '@esbuild/sunos-x64': [ '0.27.7', '0.27.3' ],
1261 silly audit   '@esbuild/win32-arm64': [ '0.27.7', '0.27.3' ],
1261 silly audit   '@esbuild/win32-ia32': [ '0.27.7', '0.27.3' ],
1261 silly audit   '@esbuild/win32-x64': [ '0.27.7', '0.27.3' ],
1261 silly audit   '@eslint-community/eslint-utils': [ '4.9.1' ],
1261 silly audit   'eslint-visitor-keys': [ '3.4.3', '5.0.1', '4.2.1' ],
1261 silly audit   '@eslint-community/regexpp': [ '4.12.2' ],
1261 silly audit   '@eslint/config-array': [ '0.21.2' ],
1261 silly audit   '@eslint/config-helpers': [ '0.4.2' ],
1261 silly audit   '@eslint/core': [ '0.17.0' ],
1261 silly audit   '@eslint/eslintrc': [ '3.3.5' ],
1261 silly audit   globals: [ '14.0.0', '15.15.0' ],
1261 silly audit   '@eslint/js': [ '9.39.4' ],
1261 silly audit   '@eslint/object-schema': [ '2.1.7' ],
1261 silly audit   '@eslint/plugin-kit': [ '0.4.1' ],
1261 silly audit   '@floating-ui/core': [ '1.7.5' ],
1261 silly audit   '@floating-ui/dom': [ '1.7.6' ],
1261 silly audit   '@floating-ui/react-dom': [ '2.1.8' ],
1261 silly audit   '@floating-ui/utils': [ '0.2.11' ],
1261 silly audit   '@hookform/resolvers': [ '5.2.2' ],
1261 silly audit   '@humanfs/core': [ '0.19.1' ],
1261 silly audit   '@humanfs/node': [ '0.16.7' ],
1261 silly audit   '@humanwhocodes/module-importer': [ '1.0.1' ],
1261 silly audit   '@humanwhocodes/retry': [ '0.4.3' ],
1261 silly audit   '@img/colour': [ '1.1.0' ],
1261 silly audit   '@img/sharp-darwin-arm64': [ '0.34.5' ],
1261 silly audit   '@img/sharp-darwin-x64': [ '0.34.5' ],
1261 silly audit   '@img/sharp-libvips-darwin-arm64': [ '1.2.4' ],
1261 silly audit   '@img/sharp-libvips-darwin-x64': [ '1.2.4' ],
1261 silly audit   '@img/sharp-libvips-linux-arm': [ '1.2.4' ],
1261 silly audit   '@img/sharp-libvips-linux-arm64': [ '1.2.4' ],
1261 silly audit   '@img/sharp-libvips-linux-ppc64': [ '1.2.4' ],
1261 silly audit   '@img/sharp-libvips-linux-riscv64': [ '1.2.4' ],
1261 silly audit   '@img/sharp-libvips-linux-s390x': [ '1.2.4' ],
1261 silly audit   '@img/sharp-libvips-linux-x64': [ '1.2.4' ],
1261 silly audit   '@img/sharp-libvips-linuxmusl-arm64': [ '1.2.4' ],
1261 silly audit   '@img/sharp-libvips-linuxmusl-x64': [ '1.2.4' ],
1261 silly audit   '@img/sharp-linux-arm': [ '0.34.5' ],
1261 silly audit   '@img/sharp-linux-arm64': [ '0.34.5' ],
1261 silly audit   '@img/sharp-linux-ppc64': [ '0.34.5' ],
1261 silly audit   '@img/sharp-linux-riscv64': [ '0.34.5' ],
1261 silly audit   '@img/sharp-linux-s390x': [ '0.34.5' ],
1261 silly audit   '@img/sharp-linux-x64': [ '0.34.5' ],
1261 silly audit   '@img/sharp-linuxmusl-arm64': [ '0.34.5' ],
1261 silly audit   '@img/sharp-linuxmusl-x64': [ '0.34.5' ],
1261 silly audit   '@img/sharp-wasm32': [ '0.34.5' ],
1261 silly audit   '@img/sharp-win32-arm64': [ '0.34.5' ],
1261 silly audit   '@img/sharp-win32-ia32': [ '0.34.5' ],
1261 silly audit   '@img/sharp-win32-x64': [ '0.34.5' ],
1261 silly audit   '@jridgewell/gen-mapping': [ '0.3.13' ],
1261 silly audit   '@jridgewell/remapping': [ '2.3.5' ],
1261 silly audit   '@jridgewell/resolve-uri': [ '3.1.2' ],
1261 silly audit   '@jridgewell/sourcemap-codec': [ '1.5.5' ],
1261 silly audit   '@oozcitak/dom': [ '2.0.2' ],
1261 silly audit   '@oozcitak/infra': [ '2.0.2' ],
1261 silly audit   '@oozcitak/url': [ '3.0.0' ],
1261 silly audit   '@oozcitak/util': [ '10.0.0' ],
1261 silly audit   '@pkgr/core': [ '0.2.9' ],
1261 silly audit   '@poppinss/colors': [ '4.1.6' ],
1261 silly audit   '@poppinss/dumper': [ '0.6.5' ],
1261 silly audit   'supports-color': [ '10.2.2', '7.2.0' ],
1261 silly audit   '@poppinss/exception': [ '1.2.3' ],
1261 silly audit   '@radix-ui/number': [ '1.1.1' ],
1261 silly audit   '@radix-ui/primitive': [ '1.1.3' ],
1261 silly audit   '@radix-ui/react-accordion': [ '1.2.12' ],
1261 silly audit   '@radix-ui/react-alert-dialog': [ '1.1.15' ],
1261 silly audit   '@radix-ui/react-slot': [ '1.2.3', '1.2.4' ],
1261 silly audit   '@radix-ui/react-arrow': [ '1.1.7' ],
1261 silly audit   '@radix-ui/react-aspect-ratio': [ '1.1.8' ],
1261 silly audit   '@radix-ui/react-primitive': [ '2.1.4', '2.1.3' ],
1261 silly audit   '@radix-ui/react-avatar': [ '1.1.11' ],
1261 silly audit   '@radix-ui/react-context': [ '1.1.3', '1.1.2' ],
1261 silly audit   '@radix-ui/react-checkbox': [ '1.3.3' ],
1261 silly audit   '@radix-ui/react-collapsible': [ '1.1.12' ],
1261 silly audit   '@radix-ui/react-collection': [ '1.1.7' ],
1261 silly audit   '@radix-ui/react-compose-refs': [ '1.1.2' ],
1261 silly audit   '@radix-ui/react-context-menu': [ '2.2.16' ],
1261 silly audit   '@radix-ui/react-dialog': [ '1.1.15' ],
1261 silly audit   '@radix-ui/react-direction': [ '1.1.1' ],
1261 silly audit   '@radix-ui/react-dismissable-layer': [ '1.1.11' ],
1261 silly audit   '@radix-ui/react-dropdown-menu': [ '2.1.16' ],
1261 silly audit   '@radix-ui/react-focus-guards': [ '1.1.3' ],
1261 silly audit   '@radix-ui/react-focus-scope': [ '1.1.7' ],
1261 silly audit   '@radix-ui/react-hover-card': [ '1.1.15' ],
1261 silly audit   '@radix-ui/react-id': [ '1.1.1' ],
1261 silly audit   '@radix-ui/react-label': [ '2.1.8' ],
1261 silly audit   '@radix-ui/react-menu': [ '2.1.16' ],
1261 silly audit   '@radix-ui/react-menubar': [ '1.1.16' ],
1261 silly audit   '@radix-ui/react-navigation-menu': [ '1.2.14' ],
1261 silly audit   '@radix-ui/react-popover': [ '1.1.15' ],
1261 silly audit   '@radix-ui/react-popper': [ '1.2.8' ],
1261 silly audit   '@radix-ui/react-portal': [ '1.1.9' ],
1261 silly audit   '@radix-ui/react-presence': [ '1.1.5' ],
1261 silly audit   '@radix-ui/react-progress': [ '1.1.8' ],
1261 silly audit   '@radix-ui/react-radio-group': [ '1.3.8' ],
1261 silly audit   '@radix-ui/react-roving-focus': [ '1.1.11' ],
1261 silly audit   '@radix-ui/react-scroll-area': [ '1.2.10' ],
1261 silly audit   '@radix-ui/react-select': [ '2.2.6' ],
1261 silly audit   '@radix-ui/react-separator': [ '1.1.8' ],
1261 silly audit   '@radix-ui/react-slider': [ '1.3.6' ],
1261 silly audit   '@radix-ui/react-switch': [ '1.2.6' ],
1261 silly audit   '@radix-ui/react-tabs': [ '1.1.13' ],
1261 silly audit   '@radix-ui/react-toggle': [ '1.1.10' ],
1261 silly audit   '@radix-ui/react-toggle-group': [ '1.1.11' ],
1261 silly audit   '@radix-ui/react-tooltip': [ '1.2.8' ],
1261 silly audit   '@radix-ui/react-use-callback-ref': [ '1.1.1' ],
1261 silly audit   '@radix-ui/react-use-controllable-state': [ '1.2.2' ],
1261 silly audit   '@radix-ui/react-use-effect-event': [ '0.0.2' ],
1261 silly audit   '@radix-ui/react-use-escape-keydown': [ '1.1.1' ],
1261 silly audit   '@radix-ui/react-use-is-hydrated': [ '0.1.0' ],
1261 silly audit   '@radix-ui/react-use-layout-effect': [ '1.1.1' ],
1261 silly audit   '@radix-ui/react-use-previous': [ '1.1.1' ],
1261 silly audit   '@radix-ui/react-use-rect': [ '1.1.1' ],
1261 silly audit   '@radix-ui/react-use-size': [ '1.1.1' ],
1261 silly audit   '@radix-ui/react-visually-hidden': [ '1.2.3' ],
1261 silly audit   '@radix-ui/rect': [ '1.1.1' ],
1261 silly audit   '@rolldown/pluginutils': [ '1.0.0-beta.40', '1.0.0-rc.3', '1.0.1' ],
1261 silly audit   '@sindresorhus/is': [ '7.2.0' ],
1261 silly audit   '@speed-highlight/core': [ '1.2.15' ],
1261 silly audit   '@standard-schema/utils': [ '0.3.0' ],
1261 silly audit   '@tabby_ai/hijri-converter': [ '1.0.5' ],
1261 silly audit   '@tailwindcss/node': [ '4.2.2' ],
1261 silly audit   '@tailwindcss/oxide': [ '4.2.2' ],
1261 silly audit   '@tailwindcss/oxide-android-arm64': [ '4.2.2' ],
1261 silly audit   '@tailwindcss/oxide-darwin-arm64': [ '4.2.2' ],
1261 silly audit   '@tailwindcss/oxide-darwin-x64': [ '4.2.2' ],
1261 silly audit   '@tailwindcss/oxide-freebsd-x64': [ '4.2.2' ],
1261 silly audit   '@tailwindcss/oxide-linux-arm-gnueabihf': [ '4.2.2' ],
1261 silly audit   '@tailwindcss/oxide-linux-arm64-gnu': [ '4.2.2' ],
1261 silly audit   '@tailwindcss/oxide-linux-arm64-musl': [ '4.2.2' ],
1261 silly audit   '@tailwindcss/oxide-linux-x64-gnu': [ '4.2.2' ],
1261 silly audit   '@tailwindcss/oxide-linux-x64-musl': [ '4.2.2' ],
1261 silly audit   '@tailwindcss/oxide-wasm32-wasi': [ '4.2.2' ],
1261 silly audit   '@tailwindcss/oxide-win32-arm64-msvc': [ '4.2.2' ],
1261 silly audit   '@tailwindcss/oxide-win32-x64-msvc': [ '4.2.2' ],
1261 silly audit   '@tailwindcss/vite': [ '4.2.2' ],
1261 silly audit   '@tanstack/history': [ '1.161.6' ],
1261 silly audit   '@tanstack/query-core': [ '5.99.0' ],
1261 silly audit   '@tanstack/react-query': [ '5.99.0' ],
1261 silly audit   '@tanstack/react-router': [ '1.168.21' ],
1261 silly audit   '@tanstack/react-start': [ '1.167.39' ],
1261 silly audit   '@tanstack/react-start-client': [ '1.166.38' ],
1261 silly audit   '@tanstack/react-start-rsc': [ '0.0.18' ],
1261 silly audit   '@tanstack/react-start-server': [ '1.166.39' ],
1261 silly audit   '@tanstack/react-store': [ '0.9.3' ],
1261 silly audit   '@tanstack/router-core': [ '1.168.15' ],
1261 silly audit   '@tanstack/router-generator': [ '1.166.32' ],
1261 silly audit   '@tanstack/router-plugin': [ '1.167.22' ],
1261 silly audit   '@tanstack/router-utils': [ '1.161.6' ],
1261 silly audit   '@tanstack/start-client-core': [ '1.167.17' ],
1261 silly audit   '@tanstack/start-fn-stubs': [ '1.161.6' ],
1261 silly audit   '@tanstack/start-plugin-core': [ '1.167.34' ],
1261 silly audit   '@tanstack/start-server-core': [ '1.167.19' ],
1261 silly audit   '@tanstack/start-storage-context': [ '1.166.29' ],
1261 silly audit   '@tanstack/store': [ '0.9.3' ],
1261 silly audit   '@tanstack/virtual-file-routes': [ '1.161.7' ],
1261 silly audit   '@types/babel__core': [ '7.20.5' ],
1261 silly audit   '@types/babel__generator': [ '7.27.0' ],
1261 silly audit   '@types/babel__template': [ '7.4.4' ],
1261 silly audit   '@types/babel__traverse': [ '7.28.0' ],
1261 silly audit   '@types/d3-array': [ '3.2.2' ],
1261 silly audit   '@types/d3-color': [ '3.1.3' ],
1261 silly audit   '@types/d3-ease': [ '3.0.2' ],
1261 silly audit   '@types/d3-interpolate': [ '3.0.4' ],
1261 silly audit   '@types/d3-path': [ '3.1.1' ],
1261 silly audit   '@types/d3-scale': [ '4.0.9' ],
1261 silly audit   '@types/d3-shape': [ '3.1.8' ],
1261 silly audit   '@types/d3-time': [ '3.0.4' ],
1261 silly audit   '@types/d3-timer': [ '3.0.2' ],
1261 silly audit   '@types/json-schema': [ '7.0.15' ],
1261 silly audit   '@types/node': [ '22.19.17' ],
1261 silly audit   '@types/react': [ '19.2.14' ],
1261 silly audit   '@types/react-dom': [ '19.2.3' ],
1261 silly audit   '@typescript-eslint/eslint-plugin': [ '8.58.2' ],
1261 silly audit   ignore: [ '7.0.5', '5.3.2' ],
1261 silly audit   '@typescript-eslint/parser': [ '8.58.2' ],
1261 silly audit   '@typescript-eslint/project-service': [ '8.58.2' ],
1261 silly audit   '@typescript-eslint/scope-manager': [ '8.58.2' ],
1261 silly audit   '@typescript-eslint/tsconfig-utils': [ '8.58.2' ],
1261 silly audit   '@typescript-eslint/type-utils': [ '8.58.2' ],
1261 silly audit   '@typescript-eslint/types': [ '8.58.2' ],
1261 silly audit   '@typescript-eslint/typescript-estree': [ '8.58.2' ],
1261 silly audit   'balanced-match': [ '4.0.4', '1.0.2' ],
1261 silly audit   'brace-expansion': [ '5.0.5', '1.1.14' ],
1261 silly audit   minimatch: [ '10.2.5', '3.1.5' ],
1261 silly audit   semver: [ '7.7.4', '6.3.1' ],
1261 silly audit   '@typescript-eslint/utils': [ '8.58.2' ],
1261 silly audit   '@typescript-eslint/visitor-keys': [ '8.58.2' ],
1261 silly audit   '@vitejs/plugin-react': [ '5.2.0' ],
1261 silly audit   acorn: [ '8.16.0' ],
1261 silly audit   'acorn-jsx': [ '5.3.2' ],
1261 silly audit   ajv: [ '6.14.0' ],
1261 silly audit   'ansi-styles': [ '4.3.0' ],
1261 silly audit   ansis: [ '4.2.0' ],
1261 silly audit   anymatch: [ '3.1.3' ],
1261 silly audit   picomatch: [ '2.3.2', '4.0.4' ],
1261 silly audit   argparse: [ '2.0.1' ],
1261 silly audit   'aria-hidden': [ '1.2.6' ],
1261 silly audit   'babel-dead-code-elimination': [ '1.0.12' ],
1261 silly audit   'baseline-browser-mapping': [ '2.10.18' ],
1261 silly audit   'binary-extensions': [ '2.3.0' ],
1261 silly audit   'blake3-wasm': [ '2.1.5' ],
1261 silly audit   boolbase: [ '1.0.0' ],
1261 silly audit   braces: [ '3.0.3' ],
1261 silly audit   browserslist: [ '4.28.2' ],
1261 silly audit   callsites: [ '3.1.0' ],
1261 silly audit   'caniuse-lite': [ '1.0.30001788' ],
1261 silly audit   chalk: [ '4.1.2', '5.6.2' ],
1261 silly audit   cheerio: [ '1.2.0' ],
1261 silly audit   'cheerio-select': [ '2.1.0' ],
1261 silly audit   chokidar: [ '3.6.0' ],
1261 silly audit   'class-variance-authority': [ '0.7.1' ],
1261 silly audit   clsx: [ '2.1.1' ],
1261 silly audit   cmdk: [ '1.1.1' ],
1261 silly audit   'color-convert': [ '2.0.1' ],
1261 silly audit   'color-name': [ '1.1.4' ],
1261 silly audit   'concat-map': [ '0.0.1' ],
1261 silly audit   'convert-source-map': [ '2.0.0' ],
1261 silly audit   cookie: [ '1.1.1' ],
1261 silly audit   'cookie-es': [ '3.1.1' ],
1261 silly audit   'cross-spawn': [ '7.0.6' ],
1261 silly audit   'css-select': [ '5.2.2' ],
1261 silly audit   'css-what': [ '6.2.2' ],
1261 silly audit   csstype: [ '3.2.3' ],
1261 silly audit   'd3-array': [ '3.2.4' ],
1261 silly audit   'd3-color': [ '3.1.0' ],
1261 silly audit   'd3-ease': [ '3.0.1' ],
1261 silly audit   'd3-format': [ '3.1.2' ],
1261 silly audit   'd3-interpolate': [ '3.0.1' ],
1261 silly audit   'd3-path': [ '3.1.0' ],
1261 silly audit   'd3-scale': [ '4.0.2' ],
1261 silly audit   'd3-shape': [ '3.2.0' ],
1261 silly audit   'd3-time': [ '3.1.0' ],
1261 silly audit   'd3-time-format': [ '4.1.0' ],
1261 silly audit   'd3-timer': [ '3.0.1' ],
1261 silly audit   'date-fns': [ '4.1.0' ],
1261 silly audit   'date-fns-jalali': [ '4.1.0-0' ],
1261 silly audit   debug: [ '4.4.3' ],
1261 silly audit   'decimal.js-light': [ '2.5.1' ],
1261 silly audit   'deep-is': [ '0.1.4' ],
1261 silly audit   'detect-libc': [ '2.1.2' ],
1261 silly audit   'detect-node-es': [ '1.1.0' ],
1261 silly audit   diff: [ '8.0.4' ],
1261 silly audit   'dom-helpers': [ '5.2.1' ],
1261 silly audit   'dom-serializer': [ '2.0.0' ],
1261 silly audit   domelementtype: [ '2.3.0' ],
1261 silly audit   domhandler: [ '5.0.3' ],
1261 silly audit   domutils: [ '3.2.2' ],
1261 silly audit   'electron-to-chromium': [ '1.5.336' ],
1261 silly audit   'embla-carousel': [ '8.6.0' ],
1261 silly audit   'embla-carousel-react': [ '8.6.0' ],
1261 silly audit   'embla-carousel-reactive-utils': [ '8.6.0' ],
1261 silly audit   'encoding-sniffer': [ '0.2.1' ],
1261 silly audit   'enhanced-resolve': [ '5.20.1' ],
1261 silly audit   entities: [ '4.5.0', '7.0.1', '6.0.1' ],
1261 silly audit   'error-stack-parser-es': [ '1.0.5' ],
1261 silly audit   esbuild: [ '0.27.7', '0.27.3' ],
1261 silly audit   escalade: [ '3.2.0' ],
1261 silly audit   'escape-string-regexp': [ '4.0.0' ],
1261 silly audit   eslint: [ '9.39.4' ],
1261 silly audit   'eslint-config-prettier': [ '10.1.8' ],
1261 silly audit   'eslint-plugin-prettier': [ '5.5.5' ],
1261 silly audit   'eslint-plugin-react-hooks': [ '5.2.0' ],
1261 silly audit   'eslint-plugin-react-refresh': [ '0.4.26' ],
1261 silly audit   'eslint-scope': [ '8.4.0' ],
1261 silly audit   'glob-parent': [ '6.0.2', '5.1.2' ],
1261 silly audit   espree: [ '10.4.0' ],
1261 silly audit   esquery: [ '1.7.0' ],
1261 silly audit   esrecurse: [ '4.3.0' ],
1261 silly audit   estraverse: [ '5.3.0' ],
1261 silly audit   esutils: [ '2.0.3' ],
1261 silly audit   eventemitter3: [ '4.0.7' ],
1261 silly audit   'fast-deep-equal': [ '3.1.3' ],
1261 silly audit   'fast-diff': [ '1.3.0' ],
1261 silly audit   'fast-equals': [ '5.4.0' ],
1261 silly audit   'fast-json-stable-stringify': [ '2.1.0' ],
1261 silly audit   'fast-levenshtein': [ '2.0.6' ],
1261 silly audit   fdir: [ '6.5.0' ],
1261 silly audit   'file-entry-cache': [ '8.0.0' ],
1261 silly audit   'fill-range': [ '7.1.1' ],
1261 silly audit   'find-up': [ '5.0.0' ],
1261 silly audit   'flat-cache': [ '4.0.1' ],
1261 silly audit   flatted: [ '3.4.2' ],
1261 silly audit   fsevents: [ '2.3.3' ],
1261 silly audit   gensync: [ '1.0.0-beta.2' ],
1261 silly audit   'get-nonce': [ '1.0.1' ],
1261 silly audit   'get-tsconfig': [ '4.13.7' ],
1261 silly audit   globrex: [ '0.1.2' ],
1261 silly audit   'graceful-fs': [ '4.2.11' ],
1261 silly audit   h3: [ '2.0.1-rc.20', '2.0.1-rc.26' ],
1261 silly audit   'has-flag': [ '4.0.0' ],
1261 silly audit   htmlparser2: [ '10.1.0' ],
1261 silly audit   'iconv-lite': [ '0.6.3' ],
1261 silly audit   'import-fresh': [ '3.3.1' ],
1261 silly audit   imurmurhash: [ '0.1.4' ],
1261 silly audit   'input-otp': [ '1.4.2' ],
1261 silly audit   internmap: [ '2.0.3' ],
1261 silly audit   'is-binary-path': [ '2.1.0' ],
1261 silly audit   'is-extglob': [ '2.1.1' ],
1261 silly audit   'is-glob': [ '4.0.3' ],
1261 silly audit   'is-number': [ '7.0.0' ],
1261 silly audit   isbot: [ '5.1.38' ],
1261 silly audit   isexe: [ '2.0.0' ],
1261 silly audit   'js-tokens': [ '4.0.0' ],
1261 silly audit   'js-yaml': [ '4.1.1' ],
1261 silly audit   jsesc: [ '3.1.0' ],
1261 silly audit   'json-buffer': [ '3.0.1' ],
1261 silly audit   'json-schema-traverse': [ '0.4.1' ],
1261 silly audit   'json-stable-stringify-without-jsonify': [ '1.0.1' ],
1261 silly audit   json5: [ '2.2.3' ],
1261 silly audit   keyv: [ '4.5.4' ],
1261 silly audit   kleur: [ '4.1.5' ],
1261 silly audit   levn: [ '0.4.1' ],
1261 silly audit   lightningcss: [ '1.32.0' ],
1261 silly audit   'lightningcss-android-arm64': [ '1.32.0' ],
1261 silly audit   'lightningcss-darwin-arm64': [ '1.32.0' ],
1261 silly audit   'lightningcss-darwin-x64': [ '1.32.0' ],
1261 silly audit   'lightningcss-freebsd-x64': [ '1.32.0' ],
1261 silly audit   'lightningcss-linux-arm-gnueabihf': [ '1.32.0' ],
1261 silly audit   'lightningcss-linux-arm64-gnu': [ '1.32.0' ],
1261 silly audit   'lightningcss-linux-arm64-musl': [ '1.32.0' ],
1261 silly audit   'lightningcss-linux-x64-gnu': [ '1.32.0' ],
1261 silly audit   'lightningcss-linux-x64-musl': [ '1.32.0' ],
1261 silly audit   'lightningcss-win32-arm64-msvc': [ '1.32.0' ],
1261 silly audit   'lightningcss-win32-x64-msvc': [ '1.32.0' ],
1261 silly audit   'locate-path': [ '6.0.0' ],
1261 silly audit   lodash: [ '4.18.1' ],
1261 silly audit   'lodash.merge': [ '4.6.2' ],
1261 silly audit   'loose-envify': [ '1.4.0' ],
1261 silly audit   tailwindcss: [ '4.2.2' ],
1261 silly audit   'lru-cache': [ '5.1.1' ],
1261 silly audit   'lucide-react': [ '0.575.0' ],
1261 silly audit   'magic-string': [ '0.30.21' ],
1261 silly audit   miniflare: [ '4.20260410.0' ],
1261 silly audit   undici: [ '7.24.4', '7.28.0' ],
1261 silly audit   ms: [ '2.1.3' ],
1261 silly audit   nanoid: [ '3.3.11' ],
1261 silly audit   'natural-compare': [ '1.4.0' ],
1261 silly audit   'node-releases': [ '2.0.37' ],
1261 silly audit   'normalize-path': [ '3.0.0' ],
1261 silly audit   'nth-check': [ '2.1.1' ],
1261 silly audit   'object-assign': [ '4.1.1' ],
1261 silly audit   optionator: [ '0.9.4' ],
1261 silly audit   'p-limit': [ '3.1.0' ],
1261 silly audit   'p-locate': [ '5.0.0' ],
1261 silly audit   'parent-module': [ '1.0.1' ],
1261 silly audit   parse5: [ '7.3.0' ],
1261 silly audit   'parse5-htmlparser2-tree-adapter': [ '7.1.0' ],
1261 silly audit   'parse5-parser-stream': [ '7.1.2' ],
1261 silly audit   'path-exists': [ '4.0.0' ],
1261 silly audit   'path-key': [ '3.1.1' ],
1261 silly audit   'path-to-regexp': [ '6.3.0' ],
1261 silly audit   pathe: [ '2.0.3' ],
1261 silly audit   picocolors: [ '1.1.1' ],
1261 silly audit   postcss: [ '8.5.9' ],
1261 silly audit   'prelude-ls': [ '1.2.1' ],
1261 silly audit   prettier: [ '3.8.2' ],
1261 silly audit   'prettier-linter-helpers': [ '1.0.1' ],
1261 silly audit   'prop-types': [ '15.8.1' ],
1261 silly audit   'react-is': [ '16.13.1', '18.3.1' ],
1261 silly audit   punycode: [ '2.3.1' ],
1261 silly audit   react: [ '19.2.5' ],
1261 silly audit   'react-day-picker': [ '9.14.0' ],
1261 silly audit   'react-dom': [ '19.2.5' ],
1261 silly audit   'react-hook-form': [ '7.72.1' ],
1261 silly audit   'react-refresh': [ '0.18.0' ],
1261 silly audit   'react-remove-scroll': [ '2.7.2' ],
1261 silly audit   'react-remove-scroll-bar': [ '2.3.8' ],
1261 silly audit   'react-resizable-panels': [ '4.10.0' ],
1261 silly audit   'react-smooth': [ '4.0.4' ],
1261 silly audit   'react-style-singleton': [ '2.2.3' ],
1261 silly audit   'react-transition-group': [ '4.4.5' ],
1261 silly audit   readdirp: [ '3.6.0' ],
1261 silly audit   recharts: [ '2.15.4' ],
1261 silly audit   'recharts-scale': [ '0.4.5' ],
1261 silly audit   'resolve-from': [ '4.0.0' ],
1261 silly audit   'resolve-pkg-maps': [ '1.0.0' ],
1261 silly audit   rou3: [ '0.8.1', '0.9.1' ],
1261 silly audit   'safer-buffer': [ '2.1.2' ],
1261 silly audit   scheduler: [ '0.27.0' ],
1261 silly audit   seroval: [ '1.5.2' ],
1261 silly audit   'seroval-plugins': [ '1.5.2' ],
1261 silly audit   sharp: [ '0.34.5' ],
1261 silly audit   'shebang-command': [ '2.0.0' ],
1261 silly audit   'shebang-regex': [ '3.0.0' ],
1261 silly audit   sonner: [ '2.0.7' ],
1261 silly audit   'source-map': [ '0.7.6' ],
1261 silly audit   'source-map-js': [ '1.2.1' ],
1261 silly audit   srvx: [ '0.11.15', '0.11.22', '0.12.4' ],
1261 silly audit   'strip-json-comments': [ '3.1.1' ],
1261 silly audit   synckit: [ '0.11.12' ],
1261 silly audit   'tailwind-merge': [ '3.5.0' ],
1261 silly audit   tapable: [ '2.3.2' ],
1261 silly audit   'tiny-invariant': [ '1.3.3' ],
1261 silly audit   tinyglobby: [ '0.2.16' ],
1261 silly audit   'to-regex-range': [ '5.0.1' ],
1261 silly audit   'ts-api-utils': [ '2.5.0' ],
1261 silly audit   tsconfck: [ '3.1.6' ],
1261 silly audit   tslib: [ '2.8.1' ],
1261 silly audit   tsx: [ '4.21.0' ],
1261 silly audit   'tw-animate-css': [ '1.4.0' ],
1261 silly audit   'type-check': [ '0.4.0' ],
1261 silly audit   typescript: [ '5.9.3' ],
1261 silly audit   'typescript-eslint': [ '8.58.2' ],
1261 silly audit   ufo: [ '1.6.3' ],
1261 silly audit   'undici-types': [ '6.21.0' ],
1261 silly audit   unenv: [ '2.0.0-rc.24' ],
1261 silly audit   unplugin: [ '2.3.11' ],
1261 silly audit   'update-browserslist-db': [ '1.2.3' ],
1261 silly audit   'uri-js': [ '4.4.1' ],
1261 silly audit   'use-callback-ref': [ '1.3.3' ],
1261 silly audit   'use-sidecar': [ '1.1.3' ],
1261 silly audit   'use-sync-external-store': [ '1.6.0' ],
1261 silly audit   vaul: [ '1.1.2' ],
1261 silly audit   'victory-vendor': [ '36.9.2' ],
1261 silly audit   vite: [ '7.3.2' ],
1261 silly audit   'vite-tsconfig-paths': [ '6.1.1' ],
1261 silly audit   vitefu: [ '1.1.3' ],
1261 silly audit   'webpack-virtual-modules': [ '0.6.2' ],
1261 silly audit   'whatwg-encoding': [ '3.1.1' ],
1261 silly audit   'whatwg-mimetype': [ '4.0.0' ],
1261 silly audit   which: [ '2.0.2' ],
1261 silly audit   'word-wrap': [ '1.2.5' ],
1261 silly audit   workerd: [ '1.20260410.1' ],
1261 silly audit   wrangler: [ '4.82.2' ],
1261 silly audit   ws: [ '8.18.0', '8.21.1' ],
1261 silly audit   xmlbuilder2: [ '4.0.3' ],
1261 silly audit   yallist: [ '3.1.1' ],
1261 silly audit   'yocto-queue': [ '0.1.0' ],
1261 silly audit   youch: [ '4.1.0-beta.10' ],
1261 silly audit   'youch-core': [ '0.3.3' ],
1261 silly audit   zod: [ '3.25.76' ],
1261 silly audit   '@lovable.dev/vite-tanstack-config': [ '2.7.7' ],
1261 silly audit   '@supabase/supabase-js': [ '2.110.9' ],
1261 silly audit   nitro: [ '3.0.260603-beta' ],
1261 silly audit   jiti: [ '2.7.0' ],
1261 silly audit   rollup: [ '4.62.3' ],
1261 silly audit   xlsx: [ '0.18.5' ],
1261 silly audit   '@lovable.dev/vite-plugin-dev-server-bridge': [ '1.2.1' ],
1261 silly audit   '@lovable.dev/vite-plugin-hmr-gate': [ '1.1.4' ],
1261 silly audit   '@tanstack/devtools-vite': [ '0.8.3' ],
1261 silly audit   '@supabase/auth-js': [ '2.110.9' ],
1261 silly audit   '@supabase/functions-js': [ '2.110.9' ],
1261 silly audit   '@supabase/postgrest-js': [ '2.110.9' ],
1261 silly audit   '@supabase/realtime-js': [ '2.110.9' ],
1261 silly audit   '@supabase/storage-js': [ '2.110.9' ],
1261 silly audit   '@supabase/phoenix': [ '0.4.5' ],
1261 silly audit   'iceberg-js': [ '0.8.1' ],
1261 silly audit   '@tanstack/devtools-bundler-core': [ '0.1.1' ],
1261 silly audit   '@tanstack/devtools-client': [ '0.0.8' ],
1261 silly audit   '@tanstack/devtools-event-bus': [ '0.4.2' ],
1261 silly audit   'launch-editor': [ '2.14.1' ],
1261 silly audit   'oxc-parser': [ '0.120.0' ],
1261 silly audit   '@tanstack/devtools-event-client': [ '0.5.0' ],
1261 silly audit   'shell-quote': [ '1.10.0' ],
1261 silly audit   consola: [ '3.4.2' ],
1261 silly audit   crossws: [ '0.4.10' ],
1261 silly audit   db0: [ '0.3.4' ],
1261 silly audit   'env-runner': [ '0.1.16' ],
1261 silly audit   hookable: [ '6.1.1' ],
1261 silly audit   nf3: [ '0.3.23' ],
1261 silly audit   ocache: [ '0.1.5' ],
1261 silly audit   ofetch: [ '2.0.0-alpha.3' ],
1261 silly audit   ohash: [ '2.0.11' ],
1261 silly audit   rolldown: [ '1.2.0' ],
1261 silly audit   unstorage: [ '2.0.0-alpha.7' ],
1261 silly audit   '@oxc-parser/binding-android-arm-eabi': [ '0.120.0' ],
1261 silly audit   '@oxc-parser/binding-android-arm64': [ '0.120.0' ],
1261 silly audit   '@oxc-parser/binding-darwin-arm64': [ '0.120.0' ],
1261 silly audit   '@oxc-parser/binding-darwin-x64': [ '0.120.0' ],
1261 silly audit   '@oxc-parser/binding-freebsd-x64': [ '0.120.0' ],
1261 silly audit   '@oxc-parser/binding-linux-arm-gnueabihf': [ '0.120.0' ],
1261 silly audit   '@oxc-parser/binding-linux-arm-musleabihf': [ '0.120.0' ],
1261 silly audit   '@oxc-parser/binding-linux-arm64-gnu': [ '0.120.0' ],
1261 silly audit   '@oxc-parser/binding-linux-arm64-musl': [ '0.120.0' ],
1261 silly audit   '@oxc-parser/binding-linux-ppc64-gnu': [ '0.120.0' ],
1261 silly audit   '@oxc-parser/binding-linux-riscv64-gnu': [ '0.120.0' ],
1261 silly audit   '@oxc-parser/binding-linux-riscv64-musl': [ '0.120.0' ],
1261 silly audit   '@oxc-parser/binding-linux-s390x-gnu': [ '0.120.0' ],
1261 silly audit   '@oxc-parser/binding-linux-x64-gnu': [ '0.120.0' ],
1261 silly audit   '@oxc-parser/binding-linux-x64-musl': [ '0.120.0' ],
1261 silly audit   '@oxc-parser/binding-openharmony-arm64': [ '0.120.0' ],
1261 silly audit   '@oxc-parser/binding-wasm32-wasi': [ '0.120.0' ],
1261 silly audit   '@oxc-parser/binding-win32-arm64-msvc': [ '0.120.0' ],
1261 silly audit   '@oxc-parser/binding-win32-ia32-msvc': [ '0.120.0' ],
1261 silly audit   '@oxc-parser/binding-win32-x64-msvc': [ '0.120.0' ],
1261 silly audit   '@oxc-project/types': [ '0.120.0', '0.140.0' ],
1261 silly audit   '@napi-rs/wasm-runtime': [ '1.1.6' ],
1261 silly audit   '@emnapi/core': [ '1.11.3', '1.11.2' ],
1261 silly audit   '@emnapi/wasi-threads': [ '1.2.3', '1.2.2' ],
1261 silly audit   '@tybys/wasm-util': [ '0.10.3' ],
1261 silly audit   '@rolldown/binding-android-arm64': [ '1.2.0' ],
1261 silly audit   '@rolldown/binding-darwin-arm64': [ '1.2.0' ],
1261 silly audit   '@rolldown/binding-darwin-x64': [ '1.2.0' ],
1261 silly audit   '@rolldown/binding-freebsd-x64': [ '1.2.0' ],
1261 silly audit   '@rolldown/binding-linux-arm-gnueabihf': [ '1.2.0' ],
1261 silly audit   '@rolldown/binding-linux-arm64-gnu': [ '1.2.0' ],
1261 silly audit   '@rolldown/binding-linux-arm64-musl': [ '1.2.0' ],
1261 silly audit   '@rolldown/binding-linux-ppc64-gnu': [ '1.2.0' ],
1261 silly audit   '@rolldown/binding-linux-s390x-gnu': [ '1.2.0' ],
1261 silly audit   '@rolldown/binding-linux-x64-gnu': [ '1.2.0' ],
1261 silly audit   '@rolldown/binding-linux-x64-musl': [ '1.2.0' ],
1261 silly audit   '@rolldown/binding-openharmony-arm64': [ '1.2.0' ],
1261 silly audit   '@rolldown/binding-wasm32-wasi': [ '1.2.0' ],
1261 silly audit   '@rolldown/binding-win32-arm64-msvc': [ '1.2.0' ],
1261 silly audit   '@rolldown/binding-win32-x64-msvc': [ '1.2.0' ],
1261 silly audit   '@emnapi/runtime': [ '1.11.2' ],
1261 silly audit   '@rollup/rollup-android-arm-eabi': [ '4.62.3' ],
1261 silly audit   '@rollup/rollup-android-arm64': [ '4.62.3' ],
1261 silly audit   '@rollup/rollup-darwin-arm64': [ '4.62.3' ],
1261 silly audit   '@rollup/rollup-darwin-x64': [ '4.62.3' ],
1261 silly audit   '@rollup/rollup-freebsd-arm64': [ '4.62.3' ],
1261 silly audit   '@rollup/rollup-freebsd-x64': [ '4.62.3' ],
1261 silly audit   '@rollup/rollup-linux-arm-gnueabihf': [ '4.62.3' ],
1261 silly audit   '@rollup/rollup-linux-arm-musleabihf': [ '4.62.3' ],
1261 silly audit   '@rollup/rollup-linux-arm64-gnu': [ '4.62.3' ],
1261 silly audit   '@rollup/rollup-linux-arm64-musl': [ '4.62.3' ],
1261 silly audit   '@rollup/rollup-linux-loong64-gnu': [ '4.62.3' ],
1261 silly audit   '@rollup/rollup-linux-loong64-musl': [ '4.62.3' ],
1261 silly audit   '@rollup/rollup-linux-ppc64-gnu': [ '4.62.3' ],
1261 silly audit   '@rollup/rollup-linux-ppc64-musl': [ '4.62.3' ],
1261 silly audit   '@rollup/rollup-linux-riscv64-gnu': [ '4.62.3' ],
1261 silly audit   '@rollup/rollup-linux-riscv64-musl': [ '4.62.3' ],
1261 silly audit   '@rollup/rollup-linux-s390x-gnu': [ '4.62.3' ],
1261 silly audit   '@rollup/rollup-linux-x64-gnu': [ '4.62.3' ],
1261 silly audit   '@rollup/rollup-linux-x64-musl': [ '4.62.3' ],
1261 silly audit   '@rollup/rollup-openbsd-x64': [ '4.62.3' ],
1261 silly audit   '@rollup/rollup-openharmony-arm64': [ '4.62.3' ],
1261 silly audit   '@rollup/rollup-win32-arm64-msvc': [ '4.62.3' ],
1261 silly audit   '@rollup/rollup-win32-ia32-msvc': [ '4.62.3' ],
1261 silly audit   '@rollup/rollup-win32-x64-gnu': [ '4.62.3' ],
1261 silly audit   '@rollup/rollup-win32-x64-msvc': [ '4.62.3' ],
1261 silly audit   '@types/estree': [ '1.0.9' ],
1261 silly audit   'adler-32': [ '1.3.1' ],
1261 silly audit   cfb: [ '1.2.2' ],
1261 silly audit   codepage: [ '1.15.0' ],
1261 silly audit   'crc-32': [ '1.2.2' ],
1261 silly audit   ssf: [ '0.11.2' ],
1261 silly audit   wmf: [ '1.0.2' ],
1261 silly audit   word: [ '0.3.0' ],
1261 silly audit   frac: [ '1.1.2' ],
1261 silly audit   exsolve: [ '1.1.1' ],
1261 silly audit   httpxy: [ '0.5.5' ]
1261 silly audit }
1262 http cache undici@https://registry.npmjs.org/undici/-/undici-7.28.0.tgz 0ms (cache hit)
1263 http cache httpxy@https://registry.npmjs.org/httpxy/-/httpxy-0.5.5.tgz 0ms (cache hit)
1264 http cache word@https://registry.npmjs.org/word/-/word-0.3.0.tgz 0ms (cache hit)
1265 http cache wmf@https://registry.npmjs.org/wmf/-/wmf-1.0.2.tgz 0ms (cache hit)
1266 http cache ssf@https://registry.npmjs.org/ssf/-/ssf-0.11.2.tgz 1ms (cache hit)
1267 http cache crc-32@https://registry.npmjs.org/crc-32/-/crc-32-1.2.2.tgz 0ms (cache hit)
1268 http cache codepage@https://registry.npmjs.org/codepage/-/codepage-1.15.0.tgz 0ms (cache hit)
1269 http cache exsolve@https://registry.npmjs.org/exsolve/-/exsolve-1.1.1.tgz 0ms (cache hit)
1270 http cache frac@https://registry.npmjs.org/frac/-/frac-1.1.2.tgz 0ms (cache hit)
1271 http cache cfb@https://registry.npmjs.org/cfb/-/cfb-1.2.2.tgz 0ms (cache hit)
1272 http cache @rollup/rollup-android-arm64@https://registry.npmjs.org/@rollup/rollup-android-arm64/-/rollup-android-arm64-4.62.3.tgz 0ms (cache hit)
1273 http cache @rolldown/binding-android-arm64@https://registry.npmjs.org/@rolldown/binding-android-arm64/-/binding-android-arm64-1.2.0.tgz 0ms (cache hit)
1274 http cache adler-32@https://registry.npmjs.org/adler-32/-/adler-32-1.3.1.tgz 0ms (cache hit)
1275 http cache @types/estree@https://registry.npmjs.org/@types/estree/-/estree-1.0.9.tgz 0ms (cache hit)
1276 http cache @oxc-project/types@https://registry.npmjs.org/@oxc-project/types/-/types-0.120.0.tgz 0ms (cache hit)
1277 http cache @oxc-parser/binding-android-arm64@https://registry.npmjs.org/@oxc-parser/binding-android-arm64/-/binding-android-arm64-0.120.0.tgz 0ms (cache hit)
1278 http cache ohash@https://registry.npmjs.org/ohash/-/ohash-2.0.11.tgz 0ms (cache hit)
1279 http cache ofetch@https://registry.npmjs.org/ofetch/-/ofetch-2.0.0-alpha.3.tgz 0ms (cache hit)
1280 http cache rolldown@https://registry.npmjs.org/rolldown/-/rolldown-1.2.0.tgz 0ms (cache hit)
1281 http cache ocache@https://registry.npmjs.org/ocache/-/ocache-0.1.5.tgz 0ms (cache hit)
1282 http cache nf3@https://registry.npmjs.org/nf3/-/nf3-0.3.23.tgz 0ms (cache hit)
1283 http cache h3@https://registry.npmjs.org/h3/-/h3-2.0.1-rc.26.tgz 1ms (cache hit)
1284 http cache hookable@https://registry.npmjs.org/hookable/-/hookable-6.1.1.tgz 0ms (cache hit)
1285 http cache db0@https://registry.npmjs.org/db0/-/db0-0.3.4.tgz 0ms (cache hit)
1286 http cache crossws@https://registry.npmjs.org/crossws/-/crossws-0.4.10.tgz 0ms (cache hit)
1287 http cache consola@https://registry.npmjs.org/consola/-/consola-3.4.2.tgz 0ms (cache hit)
1288 http cache shell-quote@https://registry.npmjs.org/shell-quote/-/shell-quote-1.10.0.tgz 0ms (cache hit)
1289 http cache @tanstack/devtools-event-client@https://registry.npmjs.org/@tanstack/devtools-event-client/-/devtools-event-client-0.5.0.tgz 0ms (cache hit)
1290 http cache oxc-parser@https://registry.npmjs.org/oxc-parser/-/oxc-parser-0.120.0.tgz 0ms (cache hit)
1291 http cache launch-editor@https://registry.npmjs.org/launch-editor/-/launch-editor-2.14.1.tgz 1ms (cache hit)
1292 http cache @tanstack/devtools-event-bus@https://registry.npmjs.org/@tanstack/devtools-event-bus/-/devtools-event-bus-0.4.2.tgz 0ms (cache hit)
1293 http cache @tanstack/devtools-client@https://registry.npmjs.org/@tanstack/devtools-client/-/devtools-client-0.0.8.tgz 0ms (cache hit)
1294 http cache @tanstack/devtools-bundler-core@https://registry.npmjs.org/@tanstack/devtools-bundler-core/-/devtools-bundler-core-0.1.1.tgz 0ms (cache hit)
1295 http cache iceberg-js@https://registry.npmjs.org/iceberg-js/-/iceberg-js-0.8.1.tgz 0ms (cache hit)
1296 http cache @supabase/phoenix@https://registry.npmjs.org/@supabase/phoenix/-/phoenix-0.4.5.tgz 0ms (cache hit)
1297 http cache @supabase/storage-js@https://registry.npmjs.org/@supabase/storage-js/-/storage-js-2.110.9.tgz 0ms (cache hit)
1298 http cache @supabase/realtime-js@https://registry.npmjs.org/@supabase/realtime-js/-/realtime-js-2.110.9.tgz 0ms (cache hit)
1299 http cache @supabase/postgrest-js@https://registry.npmjs.org/@supabase/postgrest-js/-/postgrest-js-2.110.9.tgz 0ms (cache hit)
1300 http cache @supabase/functions-js@https://registry.npmjs.org/@supabase/functions-js/-/functions-js-2.110.9.tgz 0ms (cache hit)
1301 http cache @supabase/auth-js@https://registry.npmjs.org/@supabase/auth-js/-/auth-js-2.110.9.tgz 0ms (cache hit)
1302 http cache @tanstack/devtools-vite@https://registry.npmjs.org/@tanstack/devtools-vite/-/devtools-vite-0.8.3.tgz 1ms (cache hit)
1303 http cache @lovable.dev/vite-plugin-hmr-gate@https://registry.npmjs.org/@lovable.dev/vite-plugin-hmr-gate/-/vite-plugin-hmr-gate-1.1.4.tgz 0ms (cache hit)
1304 http cache @lovable.dev/vite-plugin-dev-server-bridge@https://registry.npmjs.org/@lovable.dev/vite-plugin-dev-server-bridge/-/vite-plugin-dev-server-bridge-1.2.1.tgz 0ms (cache hit)
1305 http cache xlsx@https://registry.npmjs.org/xlsx/-/xlsx-0.18.5.tgz 0ms (cache hit)
1306 http cache rollup@https://registry.npmjs.org/rollup/-/rollup-4.62.3.tgz 0ms (cache hit)
1307 http cache jiti@https://registry.npmjs.org/jiti/-/jiti-2.7.0.tgz 0ms (cache hit)
1308 http cache nitro@https://registry.npmjs.org/nitro/-/nitro-3.0.260603-beta.tgz 0ms (cache hit)
1309 http cache @supabase/supabase-js@https://registry.npmjs.org/@supabase/supabase-js/-/supabase-js-2.110.9.tgz 0ms (cache hit)
1310 http cache @lovable.dev/vite-tanstack-config@https://registry.npmjs.org/@lovable.dev/vite-tanstack-config/-/vite-tanstack-config-2.7.7.tgz 0ms (cache hit)
1311 http cache zod@https://registry.npmjs.org/zod/-/zod-3.25.76.tgz 0ms (cache hit)
1312 http cache youch-core@https://registry.npmjs.org/youch-core/-/youch-core-0.3.3.tgz 0ms (cache hit)
1313 http cache youch@https://registry.npmjs.org/youch/-/youch-4.1.0-beta.10.tgz 0ms (cache hit)
1314 http cache yocto-queue@https://registry.npmjs.org/yocto-queue/-/yocto-queue-0.1.0.tgz 0ms (cache hit)
1315 http cache yallist@https://registry.npmjs.org/yallist/-/yallist-3.1.1.tgz 0ms (cache hit)
1316 http cache xmlbuilder2@https://registry.npmjs.org/xmlbuilder2/-/xmlbuilder2-4.0.3.tgz 0ms (cache hit)
1317 http cache ws@https://registry.npmjs.org/ws/-/ws-8.18.0.tgz 0ms (cache hit)
1318 http cache wrangler@https://registry.npmjs.org/wrangler/-/wrangler-4.82.2.tgz 0ms (cache hit)
1319 http cache workerd@https://registry.npmjs.org/workerd/-/workerd-1.20260410.1.tgz 0ms (cache hit)
1320 http cache word-wrap@https://registry.npmjs.org/word-wrap/-/word-wrap-1.2.5.tgz 0ms (cache hit)
1321 http cache which@https://registry.npmjs.org/which/-/which-2.0.2.tgz 0ms (cache hit)
1322 http cache whatwg-mimetype@https://registry.npmjs.org/whatwg-mimetype/-/whatwg-mimetype-4.0.0.tgz 0ms (cache hit)
1323 http cache whatwg-encoding@https://registry.npmjs.org/whatwg-encoding/-/whatwg-encoding-3.1.1.tgz 1ms (cache hit)
1324 http cache webpack-virtual-modules@https://registry.npmjs.org/webpack-virtual-modules/-/webpack-virtual-modules-0.6.2.tgz 0ms (cache hit)
1325 http cache vitefu@https://registry.npmjs.org/vitefu/-/vitefu-1.1.3.tgz 0ms (cache hit)
1326 http cache vite-tsconfig-paths@https://registry.npmjs.org/vite-tsconfig-paths/-/vite-tsconfig-paths-6.1.1.tgz 0ms (cache hit)
1327 http cache vite@https://registry.npmjs.org/vite/-/vite-7.3.2.tgz 0ms (cache hit)
1328 http cache victory-vendor@https://registry.npmjs.org/victory-vendor/-/victory-vendor-36.9.2.tgz 1ms (cache hit)
1329 http cache vaul@https://registry.npmjs.org/vaul/-/vaul-1.1.2.tgz 0ms (cache hit)
1330 http cache use-sync-external-store@https://registry.npmjs.org/use-sync-external-store/-/use-sync-external-store-1.6.0.tgz 0ms (cache hit)
1331 http cache use-sidecar@https://registry.npmjs.org/use-sidecar/-/use-sidecar-1.1.3.tgz 0ms (cache hit)
1332 http cache use-callback-ref@https://registry.npmjs.org/use-callback-ref/-/use-callback-ref-1.3.3.tgz 1ms (cache hit)
1333 http cache uri-js@https://registry.npmjs.org/uri-js/-/uri-js-4.4.1.tgz 0ms (cache hit)
1334 http cache update-browserslist-db@https://registry.npmjs.org/update-browserslist-db/-/update-browserslist-db-1.2.3.tgz 1ms (cache hit)
1335 http cache unplugin@https://registry.npmjs.org/unplugin/-/unplugin-2.3.11.tgz 0ms (cache hit)
1336 http cache unenv@https://registry.npmjs.org/unenv/-/unenv-2.0.0-rc.24.tgz 0ms (cache hit)
1337 http cache ufo@https://registry.npmjs.org/ufo/-/ufo-1.6.3.tgz 0ms (cache hit)
1338 http cache typescript-eslint@https://registry.npmjs.org/typescript-eslint/-/typescript-eslint-8.58.2.tgz 0ms (cache hit)
1339 http cache typescript@https://registry.npmjs.org/typescript/-/typescript-5.9.3.tgz 0ms (cache hit)
1340 http cache type-check@https://registry.npmjs.org/type-check/-/type-check-0.4.0.tgz 0ms (cache hit)
1341 http cache tw-animate-css@https://registry.npmjs.org/tw-animate-css/-/tw-animate-css-1.4.0.tgz 0ms (cache hit)
1342 http cache tsx@https://registry.npmjs.org/tsx/-/tsx-4.21.0.tgz 0ms (cache hit)
1343 http cache tslib@https://registry.npmjs.org/tslib/-/tslib-2.8.1.tgz 0ms (cache hit)
1344 http cache tsconfck@https://registry.npmjs.org/tsconfck/-/tsconfck-3.1.6.tgz 0ms (cache hit)
1345 http cache ts-api-utils@https://registry.npmjs.org/ts-api-utils/-/ts-api-utils-2.5.0.tgz 0ms (cache hit)
1346 http cache to-regex-range@https://registry.npmjs.org/to-regex-range/-/to-regex-range-5.0.1.tgz 0ms (cache hit)
1347 http cache tinyglobby@https://registry.npmjs.org/tinyglobby/-/tinyglobby-0.2.16.tgz 0ms (cache hit)
1348 http cache tiny-invariant@https://registry.npmjs.org/tiny-invariant/-/tiny-invariant-1.3.3.tgz 0ms (cache hit)
1349 http cache tapable@https://registry.npmjs.org/tapable/-/tapable-2.3.2.tgz 0ms (cache hit)
1350 http cache tailwindcss@https://registry.npmjs.org/tailwindcss/-/tailwindcss-4.2.2.tgz 0ms (cache hit)
1351 http cache tailwind-merge@https://registry.npmjs.org/tailwind-merge/-/tailwind-merge-3.5.0.tgz 0ms (cache hit)
1352 http cache synckit@https://registry.npmjs.org/synckit/-/synckit-0.11.12.tgz 0ms (cache hit)
1353 http cache supports-color@https://registry.npmjs.org/supports-color/-/supports-color-7.2.0.tgz 0ms (cache hit)
1354 http cache strip-json-comments@https://registry.npmjs.org/strip-json-comments/-/strip-json-comments-3.1.1.tgz 0ms (cache hit)
1355 http cache srvx@https://registry.npmjs.org/srvx/-/srvx-0.11.15.tgz 0ms (cache hit)
1356 http cache source-map-js@https://registry.npmjs.org/source-map-js/-/source-map-js-1.2.1.tgz 0ms (cache hit)
1357 http cache source-map@https://registry.npmjs.org/source-map/-/source-map-0.7.6.tgz 0ms (cache hit)
1358 http cache sonner@https://registry.npmjs.org/sonner/-/sonner-2.0.7.tgz 1ms (cache hit)
1359 http cache shebang-regex@https://registry.npmjs.org/shebang-regex/-/shebang-regex-3.0.0.tgz 0ms (cache hit)
1360 http cache shebang-command@https://registry.npmjs.org/shebang-command/-/shebang-command-2.0.0.tgz 0ms (cache hit)
1361 http cache sharp@https://registry.npmjs.org/sharp/-/sharp-0.34.5.tgz 0ms (cache hit)
1362 http cache seroval-plugins@https://registry.npmjs.org/seroval-plugins/-/seroval-plugins-1.5.2.tgz 1ms (cache hit)
1363 http cache seroval@https://registry.npmjs.org/seroval/-/seroval-1.5.2.tgz 0ms (cache hit)
1364 http cache semver@https://registry.npmjs.org/semver/-/semver-6.3.1.tgz 0ms (cache hit)
1365 http cache scheduler@https://registry.npmjs.org/scheduler/-/scheduler-0.27.0.tgz 1ms (cache hit)
1366 http cache safer-buffer@https://registry.npmjs.org/safer-buffer/-/safer-buffer-2.1.2.tgz 0ms (cache hit)
1367 http cache rou3@https://registry.npmjs.org/rou3/-/rou3-0.8.1.tgz 0ms (cache hit)
1368 http cache resolve-pkg-maps@https://registry.npmjs.org/resolve-pkg-maps/-/resolve-pkg-maps-1.0.0.tgz 0ms (cache hit)
1369 http cache resolve-from@https://registry.npmjs.org/resolve-from/-/resolve-from-4.0.0.tgz 0ms (cache hit)
1370 http cache recharts-scale@https://registry.npmjs.org/recharts-scale/-/recharts-scale-0.4.5.tgz 0ms (cache hit)
1371 http cache recharts@https://registry.npmjs.org/recharts/-/recharts-2.15.4.tgz 0ms (cache hit)
1372 http cache readdirp@https://registry.npmjs.org/readdirp/-/readdirp-3.6.0.tgz 0ms (cache hit)
1373 http cache react-transition-group@https://registry.npmjs.org/react-transition-group/-/react-transition-group-4.4.5.tgz 0ms (cache hit)
1374 http cache react-style-singleton@https://registry.npmjs.org/react-style-singleton/-/react-style-singleton-2.2.3.tgz 0ms (cache hit)
1375 http cache react-smooth@https://registry.npmjs.org/react-smooth/-/react-smooth-4.0.4.tgz 0ms (cache hit)
1376 http cache react-resizable-panels@https://registry.npmjs.org/react-resizable-panels/-/react-resizable-panels-4.10.0.tgz 0ms (cache hit)
1377 http cache react-remove-scroll-bar@https://registry.npmjs.org/react-remove-scroll-bar/-/react-remove-scroll-bar-2.3.8.tgz 1ms (cache hit)
1378 http cache react-remove-scroll@https://registry.npmjs.org/react-remove-scroll/-/react-remove-scroll-2.7.2.tgz 0ms (cache hit)
1379 http cache react-refresh@https://registry.npmjs.org/react-refresh/-/react-refresh-0.18.0.tgz 0ms (cache hit)
1380 http cache react-is@https://registry.npmjs.org/react-is/-/react-is-18.3.1.tgz 0ms (cache hit)
1381 http cache react-hook-form@https://registry.npmjs.org/react-hook-form/-/react-hook-form-7.72.1.tgz 0ms (cache hit)
1382 http cache react-dom@https://registry.npmjs.org/react-dom/-/react-dom-19.2.5.tgz 1ms (cache hit)
1383 http cache react-day-picker@https://registry.npmjs.org/react-day-picker/-/react-day-picker-9.14.0.tgz 0ms (cache hit)
1384 http cache react@https://registry.npmjs.org/react/-/react-19.2.5.tgz 0ms (cache hit)
1385 http cache punycode@https://registry.npmjs.org/punycode/-/punycode-2.3.1.tgz 0ms (cache hit)
1386 http cache prop-types@https://registry.npmjs.org/prop-types/-/prop-types-15.8.1.tgz 0ms (cache hit)
1387 http cache prettier-linter-helpers@https://registry.npmjs.org/prettier-linter-helpers/-/prettier-linter-helpers-1.0.1.tgz 0ms (cache hit)
1388 http cache prettier@https://registry.npmjs.org/prettier/-/prettier-3.8.2.tgz 0ms (cache hit)
1389 http cache prelude-ls@https://registry.npmjs.org/prelude-ls/-/prelude-ls-1.2.1.tgz 0ms (cache hit)
1390 http cache postcss@https://registry.npmjs.org/postcss/-/postcss-8.5.9.tgz 0ms (cache hit)
1391 http cache picomatch@https://registry.npmjs.org/picomatch/-/picomatch-4.0.4.tgz 0ms (cache hit)
1392 http cache picocolors@https://registry.npmjs.org/picocolors/-/picocolors-1.1.1.tgz 0ms (cache hit)
1393 http cache path-to-regexp@https://registry.npmjs.org/path-to-regexp/-/path-to-regexp-6.3.0.tgz 0ms (cache hit)
1394 http cache path-key@https://registry.npmjs.org/path-key/-/path-key-3.1.1.tgz 0ms (cache hit)
1395 http cache path-exists@https://registry.npmjs.org/path-exists/-/path-exists-4.0.0.tgz 0ms (cache hit)
1396 http cache parse5-parser-stream@https://registry.npmjs.org/parse5-parser-stream/-/parse5-parser-stream-7.1.2.tgz 0ms (cache hit)
1397 http cache parse5-htmlparser2-tree-adapter@https://registry.npmjs.org/parse5-htmlparser2-tree-adapter/-/parse5-htmlparser2-tree-adapter-7.1.0.tgz 0ms (cache hit)
1398 http cache parse5@https://registry.npmjs.org/parse5/-/parse5-7.3.0.tgz 0ms (cache hit)
1399 http cache pathe@https://registry.npmjs.org/pathe/-/pathe-2.0.3.tgz 0ms (cache hit)
1400 http cache parent-module@https://registry.npmjs.org/parent-module/-/parent-module-1.0.1.tgz 0ms (cache hit)
1401 http cache p-locate@https://registry.npmjs.org/p-locate/-/p-locate-5.0.0.tgz 0ms (cache hit)
1402 http cache p-limit@https://registry.npmjs.org/p-limit/-/p-limit-3.1.0.tgz 0ms (cache hit)
1403 http cache object-assign@https://registry.npmjs.org/object-assign/-/object-assign-4.1.1.tgz 0ms (cache hit)
1404 http cache nth-check@https://registry.npmjs.org/nth-check/-/nth-check-2.1.1.tgz 0ms (cache hit)
1405 http cache undici-types@https://registry.npmjs.org/undici-types/-/undici-types-6.21.0.tgz 0ms (cache hit)
1406 http cache normalize-path@https://registry.npmjs.org/normalize-path/-/normalize-path-3.0.0.tgz 1ms (cache hit)
1407 http cache node-releases@https://registry.npmjs.org/node-releases/-/node-releases-2.0.37.tgz 0ms (cache hit)
1408 http cache natural-compare@https://registry.npmjs.org/natural-compare/-/natural-compare-1.4.0.tgz 0ms (cache hit)
1409 http cache nanoid@https://registry.npmjs.org/nanoid/-/nanoid-3.3.11.tgz 0ms (cache hit)
1410 http cache ms@https://registry.npmjs.org/ms/-/ms-2.1.3.tgz 0ms (cache hit)
1411 http cache minimatch@https://registry.npmjs.org/minimatch/-/minimatch-3.1.5.tgz 0ms (cache hit)
1412 http cache miniflare@https://registry.npmjs.org/miniflare/-/miniflare-4.20260410.0.tgz 0ms (cache hit)
1413 http cache magic-string@https://registry.npmjs.org/magic-string/-/magic-string-0.30.21.tgz 0ms (cache hit)
1414 http cache lucide-react@https://registry.npmjs.org/lucide-react/-/lucide-react-0.575.0.tgz 0ms (cache hit)
1415 http cache lru-cache@https://registry.npmjs.org/lru-cache/-/lru-cache-5.1.1.tgz 0ms (cache hit)
1416 http cache loose-envify@https://registry.npmjs.org/loose-envify/-/loose-envify-1.4.0.tgz 1ms (cache hit)
1417 http cache lodash.merge@https://registry.npmjs.org/lodash.merge/-/lodash.merge-4.6.2.tgz 0ms (cache hit)
1418 http cache lodash@https://registry.npmjs.org/lodash/-/lodash-4.18.1.tgz 0ms (cache hit)
1419 http cache locate-path@https://registry.npmjs.org/locate-path/-/locate-path-6.0.0.tgz 0ms (cache hit)
1420 http cache lightningcss-android-arm64@https://registry.npmjs.org/lightningcss-android-arm64/-/lightningcss-android-arm64-1.32.0.tgz 0ms (cache hit)
1421 http cache lightningcss@https://registry.npmjs.org/lightningcss/-/lightningcss-1.32.0.tgz 0ms (cache hit)
1422 http cache levn@https://registry.npmjs.org/levn/-/levn-0.4.1.tgz 0ms (cache hit)
1423 http cache kleur@https://registry.npmjs.org/kleur/-/kleur-4.1.5.tgz 0ms (cache hit)
1424 http cache keyv@https://registry.npmjs.org/keyv/-/keyv-4.5.4.tgz 1ms (cache hit)
1425 http cache json5@https://registry.npmjs.org/json5/-/json5-2.2.3.tgz 0ms (cache hit)
1426 http cache json-stable-stringify-without-jsonify@https://registry.npmjs.org/json-stable-stringify-without-jsonify/-/json-stable-stringify-without-jsonify-1.0.1.tgz 0ms (cache hit)
1427 http cache json-schema-traverse@https://registry.npmjs.org/json-schema-traverse/-/json-schema-traverse-0.4.1.tgz 0ms (cache hit)
1428 http cache json-buffer@https://registry.npmjs.org/json-buffer/-/json-buffer-3.0.1.tgz 0ms (cache hit)
1429 http cache jsesc@https://registry.npmjs.org/jsesc/-/jsesc-3.1.0.tgz 0ms (cache hit)
1430 http cache js-yaml@https://registry.npmjs.org/js-yaml/-/js-yaml-4.1.1.tgz 0ms (cache hit)
1431 http cache js-tokens@https://registry.npmjs.org/js-tokens/-/js-tokens-4.0.0.tgz 0ms (cache hit)
1432 http cache isexe@https://registry.npmjs.org/isexe/-/isexe-2.0.0.tgz 0ms (cache hit)
1433 http cache isbot@https://registry.npmjs.org/isbot/-/isbot-5.1.38.tgz 0ms (cache hit)
1434 http cache is-number@https://registry.npmjs.org/is-number/-/is-number-7.0.0.tgz 0ms (cache hit)
1435 http cache is-glob@https://registry.npmjs.org/is-glob/-/is-glob-4.0.3.tgz 0ms (cache hit)
1436 http cache is-extglob@https://registry.npmjs.org/is-extglob/-/is-extglob-2.1.1.tgz 0ms (cache hit)
1437 http cache is-binary-path@https://registry.npmjs.org/is-binary-path/-/is-binary-path-2.1.0.tgz 0ms (cache hit)
1438 http cache internmap@https://registry.npmjs.org/internmap/-/internmap-2.0.3.tgz 0ms (cache hit)
1439 http cache input-otp@https://registry.npmjs.org/input-otp/-/input-otp-1.4.2.tgz 0ms (cache hit)
1440 http cache imurmurhash@https://registry.npmjs.org/imurmurhash/-/imurmurhash-0.1.4.tgz 0ms (cache hit)
1441 http cache import-fresh@https://registry.npmjs.org/import-fresh/-/import-fresh-3.3.1.tgz 0ms (cache hit)
1442 http cache ignore@https://registry.npmjs.org/ignore/-/ignore-5.3.2.tgz 0ms (cache hit)
1443 http cache iconv-lite@https://registry.npmjs.org/iconv-lite/-/iconv-lite-0.6.3.tgz 1ms (cache hit)
1444 http cache has-flag@https://registry.npmjs.org/has-flag/-/has-flag-4.0.0.tgz 0ms (cache hit)
1445 http cache h3-v2@https://registry.npmjs.org/h3/-/h3-2.0.1-rc.20.tgz 0ms (cache hit)
1446 http cache graceful-fs@https://registry.npmjs.org/graceful-fs/-/graceful-fs-4.2.11.tgz 1ms (cache hit)
1447 http cache globrex@https://registry.npmjs.org/globrex/-/globrex-0.1.2.tgz 1ms (cache hit)
1448 http cache globals@https://registry.npmjs.org/globals/-/globals-15.15.0.tgz 0ms (cache hit)
1449 http cache htmlparser2@https://registry.npmjs.org/htmlparser2/-/htmlparser2-10.1.0.tgz 1ms (cache hit)
1450 http cache glob-parent@https://registry.npmjs.org/glob-parent/-/glob-parent-5.1.2.tgz 0ms (cache hit)
1451 http cache get-tsconfig@https://registry.npmjs.org/get-tsconfig/-/get-tsconfig-4.13.7.tgz 0ms (cache hit)
1452 http cache get-nonce@https://registry.npmjs.org/get-nonce/-/get-nonce-1.0.1.tgz 1ms (cache hit)
1453 http cache flatted@https://registry.npmjs.org/flatted/-/flatted-3.4.2.tgz 0ms (cache hit)
1454 http cache flat-cache@https://registry.npmjs.org/flat-cache/-/flat-cache-4.0.1.tgz 0ms (cache hit)
1455 http cache find-up@https://registry.npmjs.org/find-up/-/find-up-5.0.0.tgz 0ms (cache hit)
1456 http cache fill-range@https://registry.npmjs.org/fill-range/-/fill-range-7.1.1.tgz 0ms (cache hit)
1457 http cache file-entry-cache@https://registry.npmjs.org/file-entry-cache/-/file-entry-cache-8.0.0.tgz 0ms (cache hit)
1458 http cache fdir@https://registry.npmjs.org/fdir/-/fdir-6.5.0.tgz 0ms (cache hit)
1459 http cache fast-json-stable-stringify@https://registry.npmjs.org/fast-json-stable-stringify/-/fast-json-stable-stringify-2.1.0.tgz 0ms (cache hit)
1460 http cache fast-levenshtein@https://registry.npmjs.org/fast-levenshtein/-/fast-levenshtein-2.0.6.tgz 1ms (cache hit)
1461 http cache fast-equals@https://registry.npmjs.org/fast-equals/-/fast-equals-5.4.0.tgz 0ms (cache hit)
1462 http cache fast-diff@https://registry.npmjs.org/fast-diff/-/fast-diff-1.3.0.tgz 0ms (cache hit)
1463 http cache fast-deep-equal@https://registry.npmjs.org/fast-deep-equal/-/fast-deep-equal-3.1.3.tgz 0ms (cache hit)
1464 http cache eventemitter3@https://registry.npmjs.org/eventemitter3/-/eventemitter3-4.0.7.tgz 0ms (cache hit)
1465 http cache esutils@https://registry.npmjs.org/esutils/-/esutils-2.0.3.tgz 0ms (cache hit)
1466 http cache estraverse@https://registry.npmjs.org/estraverse/-/estraverse-5.3.0.tgz 0ms (cache hit)
1467 http cache esquery@https://registry.npmjs.org/esquery/-/esquery-1.7.0.tgz 0ms (cache hit)
1468 http cache espree@https://registry.npmjs.org/espree/-/espree-10.4.0.tgz 1ms (cache hit)
1469 http cache eslint-visitor-keys@https://registry.npmjs.org/eslint-visitor-keys/-/eslint-visitor-keys-4.2.1.tgz 0ms (cache hit)
1470 http cache eslint-scope@https://registry.npmjs.org/eslint-scope/-/eslint-scope-8.4.0.tgz 0ms (cache hit)
1471 http cache eslint-plugin-react-refresh@https://registry.npmjs.org/eslint-plugin-react-refresh/-/eslint-plugin-react-refresh-0.4.26.tgz 0ms (cache hit)
1472 http cache eslint-plugin-react-hooks@https://registry.npmjs.org/eslint-plugin-react-hooks/-/eslint-plugin-react-hooks-5.2.0.tgz 0ms (cache hit)
1473 http cache eslint-plugin-prettier@https://registry.npmjs.org/eslint-plugin-prettier/-/eslint-plugin-prettier-5.5.5.tgz 0ms (cache hit)
1474 http cache eslint-config-prettier@https://registry.npmjs.org/eslint-config-prettier/-/eslint-config-prettier-10.1.8.tgz 1ms (cache hit)
1475 http cache eslint@https://registry.npmjs.org/eslint/-/eslint-9.39.4.tgz 0ms (cache hit)
1476 http cache esrecurse@https://registry.npmjs.org/esrecurse/-/esrecurse-4.3.0.tgz 0ms (cache hit)
1477 http cache escape-string-regexp@https://registry.npmjs.org/escape-string-regexp/-/escape-string-regexp-4.0.0.tgz 1ms (cache hit)
1478 http cache escalade@https://registry.npmjs.org/escalade/-/escalade-3.2.0.tgz 0ms (cache hit)
1479 http cache error-stack-parser-es@https://registry.npmjs.org/error-stack-parser-es/-/error-stack-parser-es-1.0.5.tgz 0ms (cache hit)
1480 http cache entities@https://registry.npmjs.org/entities/-/entities-4.5.0.tgz 1ms (cache hit)
1481 http cache enhanced-resolve@https://registry.npmjs.org/enhanced-resolve/-/enhanced-resolve-5.20.1.tgz 0ms (cache hit)
1482 http cache encoding-sniffer@https://registry.npmjs.org/encoding-sniffer/-/encoding-sniffer-0.2.1.tgz 0ms (cache hit)
1483 http cache embla-carousel-reactive-utils@https://registry.npmjs.org/embla-carousel-reactive-utils/-/embla-carousel-reactive-utils-8.6.0.tgz 0ms (cache hit)
1484 http cache embla-carousel-react@https://registry.npmjs.org/embla-carousel-react/-/embla-carousel-react-8.6.0.tgz 0ms (cache hit)
1485 http cache electron-to-chromium@https://registry.npmjs.org/electron-to-chromium/-/electron-to-chromium-1.5.336.tgz 0ms (cache hit)
1486 http cache domutils@https://registry.npmjs.org/domutils/-/domutils-3.2.2.tgz 0ms (cache hit)
1487 http cache domhandler@https://registry.npmjs.org/domhandler/-/domhandler-5.0.3.tgz 0ms (cache hit)
1488 http cache domelementtype@https://registry.npmjs.org/domelementtype/-/domelementtype-2.3.0.tgz 0ms (cache hit)
1489 http cache dom-serializer@https://registry.npmjs.org/dom-serializer/-/dom-serializer-2.0.0.tgz 0ms (cache hit)
1490 http cache dom-helpers@https://registry.npmjs.org/dom-helpers/-/dom-helpers-5.2.1.tgz 0ms (cache hit)
1491 http cache diff@https://registry.npmjs.org/diff/-/diff-8.0.4.tgz 0ms (cache hit)
1492 http cache detect-node-es@https://registry.npmjs.org/detect-node-es/-/detect-node-es-1.1.0.tgz 0ms (cache hit)
1493 http cache detect-libc@https://registry.npmjs.org/detect-libc/-/detect-libc-2.1.2.tgz 0ms (cache hit)
1494 http cache deep-is@https://registry.npmjs.org/deep-is/-/deep-is-0.1.4.tgz 0ms (cache hit)
1495 http cache decimal.js-light@https://registry.npmjs.org/decimal.js-light/-/decimal.js-light-2.5.1.tgz 0ms (cache hit)
1496 http cache debug@https://registry.npmjs.org/debug/-/debug-4.4.3.tgz 0ms (cache hit)
1497 http cache date-fns-jalali@https://registry.npmjs.org/date-fns-jalali/-/date-fns-jalali-4.1.0-0.tgz 0ms (cache hit)
1498 http cache date-fns@https://registry.npmjs.org/date-fns/-/date-fns-4.1.0.tgz 1ms (cache hit)
1499 http cache d3-timer@https://registry.npmjs.org/d3-timer/-/d3-timer-3.0.1.tgz 0ms (cache hit)
1500 http cache d3-time-format@https://registry.npmjs.org/d3-time-format/-/d3-time-format-4.1.0.tgz 0ms (cache hit)
1501 http cache d3-time@https://registry.npmjs.org/d3-time/-/d3-time-3.1.0.tgz 1ms (cache hit)
1502 http cache d3-shape@https://registry.npmjs.org/d3-shape/-/d3-shape-3.2.0.tgz 0ms (cache hit)
1503 http cache d3-path@https://registry.npmjs.org/d3-path/-/d3-path-3.1.0.tgz 0ms (cache hit)
1504 http cache d3-scale@https://registry.npmjs.org/d3-scale/-/d3-scale-4.0.2.tgz 0ms (cache hit)
1505 http cache d3-interpolate@https://registry.npmjs.org/d3-interpolate/-/d3-interpolate-3.0.1.tgz 0ms (cache hit)
1506 http cache d3-format@https://registry.npmjs.org/d3-format/-/d3-format-3.1.2.tgz 1ms (cache hit)
1507 http cache d3-ease@https://registry.npmjs.org/d3-ease/-/d3-ease-3.0.1.tgz 0ms (cache hit)
1508 http cache d3-color@https://registry.npmjs.org/d3-color/-/d3-color-3.1.0.tgz 0ms (cache hit)
1509 http cache d3-array@https://registry.npmjs.org/d3-array/-/d3-array-3.2.4.tgz 0ms (cache hit)
1510 http cache csstype@https://registry.npmjs.org/csstype/-/csstype-3.2.3.tgz 0ms (cache hit)
1511 http cache css-what@https://registry.npmjs.org/css-what/-/css-what-6.2.2.tgz 0ms (cache hit)
1512 http cache css-select@https://registry.npmjs.org/css-select/-/css-select-5.2.2.tgz 0ms (cache hit)
1513 http cache cross-spawn@https://registry.npmjs.org/cross-spawn/-/cross-spawn-7.0.6.tgz 1ms (cache hit)
1514 http cache cookie-es@https://registry.npmjs.org/cookie-es/-/cookie-es-3.1.1.tgz 0ms (cache hit)
1515 http cache cookie@https://registry.npmjs.org/cookie/-/cookie-1.1.1.tgz 0ms (cache hit)
1516 http cache convert-source-map@https://registry.npmjs.org/convert-source-map/-/convert-source-map-2.0.0.tgz 0ms (cache hit)
1517 http cache concat-map@https://registry.npmjs.org/concat-map/-/concat-map-0.0.1.tgz 1ms (cache hit)
1518 http cache color-name@https://registry.npmjs.org/color-name/-/color-name-1.1.4.tgz 0ms (cache hit)
1519 http cache color-convert@https://registry.npmjs.org/color-convert/-/color-convert-2.0.1.tgz 0ms (cache hit)
1520 http cache clsx@https://registry.npmjs.org/clsx/-/clsx-2.1.1.tgz 0ms (cache hit)
1521 http cache cmdk@https://registry.npmjs.org/cmdk/-/cmdk-1.1.1.tgz 0ms (cache hit)
1522 http cache class-variance-authority@https://registry.npmjs.org/class-variance-authority/-/class-variance-authority-0.7.1.tgz 1ms (cache hit)
1523 http cache chokidar@https://registry.npmjs.org/chokidar/-/chokidar-3.6.0.tgz 0ms (cache hit)
1524 http cache cheerio-select@https://registry.npmjs.org/cheerio-select/-/cheerio-select-2.1.0.tgz 0ms (cache hit)
1525 http cache cheerio@https://registry.npmjs.org/cheerio/-/cheerio-1.2.0.tgz 0ms (cache hit)
1526 http cache chalk@https://registry.npmjs.org/chalk/-/chalk-4.1.2.tgz 0ms (cache hit)
1527 http cache caniuse-lite@https://registry.npmjs.org/caniuse-lite/-/caniuse-lite-1.0.30001788.tgz 0ms (cache hit)
1528 http cache callsites@https://registry.npmjs.org/callsites/-/callsites-3.1.0.tgz 0ms (cache hit)
1529 http cache browserslist@https://registry.npmjs.org/browserslist/-/browserslist-4.28.2.tgz 1ms (cache hit)
1530 http cache braces@https://registry.npmjs.org/braces/-/braces-3.0.3.tgz 0ms (cache hit)
1531 http cache brace-expansion@https://registry.npmjs.org/brace-expansion/-/brace-expansion-1.1.14.tgz 0ms (cache hit)
1532 http cache boolbase@https://registry.npmjs.org/boolbase/-/boolbase-1.0.0.tgz 0ms (cache hit)
1533 http cache blake3-wasm@https://registry.npmjs.org/blake3-wasm/-/blake3-wasm-2.1.5.tgz 0ms (cache hit)
1534 http cache binary-extensions@https://registry.npmjs.org/binary-extensions/-/binary-extensions-2.3.0.tgz 0ms (cache hit)
1535 http cache baseline-browser-mapping@https://registry.npmjs.org/baseline-browser-mapping/-/baseline-browser-mapping-2.10.18.tgz 0ms (cache hit)
1536 http cache balanced-match@https://registry.npmjs.org/balanced-match/-/balanced-match-1.0.2.tgz 0ms (cache hit)
1537 http cache babel-dead-code-elimination@https://registry.npmjs.org/babel-dead-code-elimination/-/babel-dead-code-elimination-1.0.12.tgz 0ms (cache hit)
1538 http cache aria-hidden@https://registry.npmjs.org/aria-hidden/-/aria-hidden-1.2.6.tgz 0ms (cache hit)
1539 http cache argparse@https://registry.npmjs.org/argparse/-/argparse-2.0.1.tgz 0ms (cache hit)
1540 http cache anymatch@https://registry.npmjs.org/anymatch/-/anymatch-3.1.3.tgz 0ms (cache hit)
1541 http cache ansis@https://registry.npmjs.org/ansis/-/ansis-4.2.0.tgz 0ms (cache hit)
1542 http cache ansi-styles@https://registry.npmjs.org/ansi-styles/-/ansi-styles-4.3.0.tgz 0ms (cache hit)
1543 http cache ajv@https://registry.npmjs.org/ajv/-/ajv-6.14.0.tgz 0ms (cache hit)
1544 http cache acorn-jsx@https://registry.npmjs.org/acorn-jsx/-/acorn-jsx-5.3.2.tgz 0ms (cache hit)
1545 http cache acorn@https://registry.npmjs.org/acorn/-/acorn-8.16.0.tgz 0ms (cache hit)
1546 http cache @vitejs/plugin-react@https://registry.npmjs.org/@vitejs/plugin-react/-/plugin-react-5.2.0.tgz 0ms (cache hit)
1547 http cache @typescript-eslint/visitor-keys@https://registry.npmjs.org/@typescript-eslint/visitor-keys/-/visitor-keys-8.58.2.tgz 0ms (cache hit)
1548 http cache @typescript-eslint/utils@https://registry.npmjs.org/@typescript-eslint/utils/-/utils-8.58.2.tgz 0ms (cache hit)
1549 http cache @typescript-eslint/typescript-estree@https://registry.npmjs.org/@typescript-eslint/typescript-estree/-/typescript-estree-8.58.2.tgz 0ms (cache hit)
1550 http cache @typescript-eslint/types@https://registry.npmjs.org/@typescript-eslint/types/-/types-8.58.2.tgz 0ms (cache hit)
1551 http cache @typescript-eslint/type-utils@https://registry.npmjs.org/@typescript-eslint/type-utils/-/type-utils-8.58.2.tgz 1ms (cache hit)
1552 http cache @typescript-eslint/tsconfig-utils@https://registry.npmjs.org/@typescript-eslint/tsconfig-utils/-/tsconfig-utils-8.58.2.tgz 0ms (cache hit)
1553 http cache @typescript-eslint/scope-manager@https://registry.npmjs.org/@typescript-eslint/scope-manager/-/scope-manager-8.58.2.tgz 0ms (cache hit)
1554 http cache @typescript-eslint/project-service@https://registry.npmjs.org/@typescript-eslint/project-service/-/project-service-8.58.2.tgz 0ms (cache hit)
1555 http cache @typescript-eslint/parser@https://registry.npmjs.org/@typescript-eslint/parser/-/parser-8.58.2.tgz 0ms (cache hit)
1556 http cache @typescript-eslint/eslint-plugin@https://registry.npmjs.org/@typescript-eslint/eslint-plugin/-/eslint-plugin-8.58.2.tgz 1ms (cache hit)
1557 http cache @types/react-dom@https://registry.npmjs.org/@types/react-dom/-/react-dom-19.2.3.tgz 0ms (cache hit)
1558 http cache @types/react@https://registry.npmjs.org/@types/react/-/react-19.2.14.tgz 0ms (cache hit)
1559 http cache @types/node@https://registry.npmjs.org/@types/node/-/node-22.19.17.tgz 0ms (cache hit)
1560 http cache @types/json-schema@https://registry.npmjs.org/@types/json-schema/-/json-schema-7.0.15.tgz 0ms (cache hit)
1561 http cache @types/d3-timer@https://registry.npmjs.org/@types/d3-timer/-/d3-timer-3.0.2.tgz 0ms (cache hit)
1562 http cache @types/d3-shape@https://registry.npmjs.org/@types/d3-shape/-/d3-shape-3.1.8.tgz 0ms (cache hit)
1563 http cache @types/d3-scale@https://registry.npmjs.org/@types/d3-scale/-/d3-scale-4.0.9.tgz 0ms (cache hit)
1564 http cache @types/d3-path@https://registry.npmjs.org/@types/d3-path/-/d3-path-3.1.1.tgz 0ms (cache hit)
1565 http cache @types/d3-time@https://registry.npmjs.org/@types/d3-time/-/d3-time-3.0.4.tgz 0ms (cache hit)
1566 http cache @types/d3-ease@https://registry.npmjs.org/@types/d3-ease/-/d3-ease-3.0.2.tgz 1ms (cache hit)
1567 http cache @types/d3-color@https://registry.npmjs.org/@types/d3-color/-/d3-color-3.1.3.tgz 0ms (cache hit)
1568 http cache @types/d3-interpolate@https://registry.npmjs.org/@types/d3-interpolate/-/d3-interpolate-3.0.4.tgz 0ms (cache hit)
1569 http cache @types/d3-array@https://registry.npmjs.org/@types/d3-array/-/d3-array-3.2.2.tgz 0ms (cache hit)
1570 http cache @types/babel__traverse@https://registry.npmjs.org/@types/babel__traverse/-/babel__traverse-7.28.0.tgz 1ms (cache hit)
1571 http cache @types/babel__template@https://registry.npmjs.org/@types/babel__template/-/babel__template-7.4.4.tgz 0ms (cache hit)
1572 http cache @types/babel__generator@https://registry.npmjs.org/@types/babel__generator/-/babel__generator-7.27.0.tgz 0ms (cache hit)
1573 http cache @types/babel__core@https://registry.npmjs.org/@types/babel__core/-/babel__core-7.20.5.tgz 0ms (cache hit)
1574 http cache @tanstack/virtual-file-routes@https://registry.npmjs.org/@tanstack/virtual-file-routes/-/virtual-file-routes-1.161.7.tgz 0ms (cache hit)
1575 http cache @tanstack/store@https://registry.npmjs.org/@tanstack/store/-/store-0.9.3.tgz 0ms (cache hit)
1576 http cache @tanstack/start-storage-context@https://registry.npmjs.org/@tanstack/start-storage-context/-/start-storage-context-1.166.29.tgz 0ms (cache hit)
1577 http cache @tanstack/start-server-core@https://registry.npmjs.org/@tanstack/start-server-core/-/start-server-core-1.167.19.tgz 0ms (cache hit)
1578 http cache @tanstack/start-fn-stubs@https://registry.npmjs.org/@tanstack/start-fn-stubs/-/start-fn-stubs-1.161.6.tgz 0ms (cache hit)
1579 http cache @tanstack/start-plugin-core@https://registry.npmjs.org/@tanstack/start-plugin-core/-/start-plugin-core-1.167.34.tgz 0ms (cache hit)
1580 http cache @tanstack/start-client-core@https://registry.npmjs.org/@tanstack/start-client-core/-/start-client-core-1.167.17.tgz 0ms (cache hit)
1581 http cache @tanstack/router-utils@https://registry.npmjs.org/@tanstack/router-utils/-/router-utils-1.161.6.tgz 0ms (cache hit)
1582 http cache @tanstack/router-plugin@https://registry.npmjs.org/@tanstack/router-plugin/-/router-plugin-1.167.22.tgz 0ms (cache hit)
1583 http cache @tanstack/router-generator@https://registry.npmjs.org/@tanstack/router-generator/-/router-generator-1.166.32.tgz 1ms (cache hit)
1584 http cache @tanstack/router-core@https://registry.npmjs.org/@tanstack/router-core/-/router-core-1.168.15.tgz 0ms (cache hit)
1585 http cache @tanstack/react-store@https://registry.npmjs.org/@tanstack/react-store/-/react-store-0.9.3.tgz 0ms (cache hit)
1586 http cache @tanstack/react-start-rsc@https://registry.npmjs.org/@tanstack/react-start-rsc/-/react-start-rsc-0.0.18.tgz 1ms (cache hit)
1587 http cache embla-carousel@https://registry.npmjs.org/embla-carousel/-/embla-carousel-8.6.0.tgz 0ms (cache hit)
1588 http cache @tanstack/react-start-client@https://registry.npmjs.org/@tanstack/react-start-client/-/react-start-client-1.166.38.tgz 0ms (cache hit)
1589 http cache @tanstack/react-start@https://registry.npmjs.org/@tanstack/react-start/-/react-start-1.167.39.tgz 0ms (cache hit)
1590 http cache @tanstack/react-router@https://registry.npmjs.org/@tanstack/react-router/-/react-router-1.168.21.tgz 0ms (cache hit)
1591 http cache @tanstack/react-query@https://registry.npmjs.org/@tanstack/react-query/-/react-query-5.99.0.tgz 0ms (cache hit)
1592 http cache @tanstack/query-core@https://registry.npmjs.org/@tanstack/query-core/-/query-core-5.99.0.tgz 0ms (cache hit)
1593 http cache @tanstack/history@https://registry.npmjs.org/@tanstack/history/-/history-1.161.6.tgz 0ms (cache hit)
1594 http cache @tailwindcss/vite@https://registry.npmjs.org/@tailwindcss/vite/-/vite-4.2.2.tgz 0ms (cache hit)
1595 http cache @tailwindcss/oxide-android-arm64@https://registry.npmjs.org/@tailwindcss/oxide-android-arm64/-/oxide-android-arm64-4.2.2.tgz 0ms (cache hit)
1596 http cache @tailwindcss/oxide@https://registry.npmjs.org/@tailwindcss/oxide/-/oxide-4.2.2.tgz 0ms (cache hit)
1597 http cache @tabby_ai/hijri-converter@https://registry.npmjs.org/@tabby_ai/hijri-converter/-/hijri-converter-1.0.5.tgz 0ms (cache hit)
1598 http cache @standard-schema/utils@https://registry.npmjs.org/@standard-schema/utils/-/utils-0.3.0.tgz 0ms (cache hit)
1599 http cache @speed-highlight/core@https://registry.npmjs.org/@speed-highlight/core/-/core-1.2.15.tgz 0ms (cache hit)
1600 http cache @sindresorhus/is@https://registry.npmjs.org/@sindresorhus/is/-/is-7.2.0.tgz 1ms (cache hit)
1601 http cache @rolldown/pluginutils@https://registry.npmjs.org/@rolldown/pluginutils/-/pluginutils-1.0.0-beta.40.tgz 0ms (cache hit)
1602 http cache @radix-ui/rect@https://registry.npmjs.org/@radix-ui/rect/-/rect-1.1.1.tgz 1ms (cache hit)
1603 http cache @radix-ui/react-visually-hidden@https://registry.npmjs.org/@radix-ui/react-visually-hidden/-/react-visually-hidden-1.2.3.tgz 0ms (cache hit)
1604 http cache @radix-ui/react-use-size@https://registry.npmjs.org/@radix-ui/react-use-size/-/react-use-size-1.1.1.tgz 1ms (cache hit)
1605 http cache @radix-ui/react-use-rect@https://registry.npmjs.org/@radix-ui/react-use-rect/-/react-use-rect-1.1.1.tgz 0ms (cache hit)
1606 http cache @radix-ui/react-use-previous@https://registry.npmjs.org/@radix-ui/react-use-previous/-/react-use-previous-1.1.1.tgz 0ms (cache hit)
1607 http cache @radix-ui/react-use-layout-effect@https://registry.npmjs.org/@radix-ui/react-use-layout-effect/-/react-use-layout-effect-1.1.1.tgz 0ms (cache hit)
1608 http cache @radix-ui/react-use-is-hydrated@https://registry.npmjs.org/@radix-ui/react-use-is-hydrated/-/react-use-is-hydrated-0.1.0.tgz 0ms (cache hit)
1609 http cache @radix-ui/react-use-escape-keydown@https://registry.npmjs.org/@radix-ui/react-use-escape-keydown/-/react-use-escape-keydown-1.1.1.tgz 0ms (cache hit)
1610 http cache @radix-ui/react-use-effect-event@https://registry.npmjs.org/@radix-ui/react-use-effect-event/-/react-use-effect-event-0.0.2.tgz 0ms (cache hit)
1611 http cache @radix-ui/react-use-controllable-state@https://registry.npmjs.org/@radix-ui/react-use-controllable-state/-/react-use-controllable-state-1.2.2.tgz 1ms (cache hit)
1612 http cache @radix-ui/react-use-callback-ref@https://registry.npmjs.org/@radix-ui/react-use-callback-ref/-/react-use-callback-ref-1.1.1.tgz 0ms (cache hit)
1613 http cache @radix-ui/react-tooltip@https://registry.npmjs.org/@radix-ui/react-tooltip/-/react-tooltip-1.2.8.tgz 0ms (cache hit)
1614 http cache @radix-ui/react-toggle-group@https://registry.npmjs.org/@radix-ui/react-toggle-group/-/react-toggle-group-1.1.11.tgz 1ms (cache hit)
1615 http cache @radix-ui/react-toggle@https://registry.npmjs.org/@radix-ui/react-toggle/-/react-toggle-1.1.10.tgz 0ms (cache hit)
1616 http cache @radix-ui/react-tabs@https://registry.npmjs.org/@radix-ui/react-tabs/-/react-tabs-1.1.13.tgz 0ms (cache hit)
1617 http cache @radix-ui/react-switch@https://registry.npmjs.org/@radix-ui/react-switch/-/react-switch-1.2.6.tgz 0ms (cache hit)
1618 http cache @radix-ui/react-slot@https://registry.npmjs.org/@radix-ui/react-slot/-/react-slot-1.2.4.tgz 0ms (cache hit)
1619 http cache @radix-ui/react-slider@https://registry.npmjs.org/@radix-ui/react-slider/-/react-slider-1.3.6.tgz 0ms (cache hit)
1620 http cache @radix-ui/react-separator@https://registry.npmjs.org/@radix-ui/react-separator/-/react-separator-1.1.8.tgz 0ms (cache hit)
1621 http cache @radix-ui/react-select@https://registry.npmjs.org/@radix-ui/react-select/-/react-select-2.2.6.tgz 1ms (cache hit)
1622 http cache @radix-ui/react-scroll-area@https://registry.npmjs.org/@radix-ui/react-scroll-area/-/react-scroll-area-1.2.10.tgz 0ms (cache hit)
1623 http cache @radix-ui/react-roving-focus@https://registry.npmjs.org/@radix-ui/react-roving-focus/-/react-roving-focus-1.1.11.tgz 0ms (cache hit)
1624 http cache @radix-ui/react-radio-group@https://registry.npmjs.org/@radix-ui/react-radio-group/-/react-radio-group-1.3.8.tgz 0ms (cache hit)
1625 http cache @radix-ui/react-primitive@https://registry.npmjs.org/@radix-ui/react-primitive/-/react-primitive-2.1.3.tgz 0ms (cache hit)
1626 http cache @radix-ui/react-presence@https://registry.npmjs.org/@radix-ui/react-presence/-/react-presence-1.1.5.tgz 0ms (cache hit)
1627 http cache @radix-ui/react-portal@https://registry.npmjs.org/@radix-ui/react-portal/-/react-portal-1.1.9.tgz 0ms (cache hit)
1628 http cache @radix-ui/react-popper@https://registry.npmjs.org/@radix-ui/react-popper/-/react-popper-1.2.8.tgz 0ms (cache hit)
1629 http cache @radix-ui/react-popover@https://registry.npmjs.org/@radix-ui/react-popover/-/react-popover-1.1.15.tgz 0ms (cache hit)
1630 http cache @radix-ui/react-navigation-menu@https://registry.npmjs.org/@radix-ui/react-navigation-menu/-/react-navigation-menu-1.2.14.tgz 0ms (cache hit)
1631 http cache @radix-ui/react-menubar@https://registry.npmjs.org/@radix-ui/react-menubar/-/react-menubar-1.1.16.tgz 0ms (cache hit)
1632 http cache @tailwindcss/node@https://registry.npmjs.org/@tailwindcss/node/-/node-4.2.2.tgz 0ms (cache hit)
1633 http cache @radix-ui/react-menu@https://registry.npmjs.org/@radix-ui/react-menu/-/react-menu-2.1.16.tgz 0ms (cache hit)
1634 http cache @radix-ui/react-id@https://registry.npmjs.org/@radix-ui/react-id/-/react-id-1.1.1.tgz 0ms (cache hit)
1635 http cache @radix-ui/react-label@https://registry.npmjs.org/@radix-ui/react-label/-/react-label-2.1.8.tgz 0ms (cache hit)
1636 http cache @radix-ui/react-hover-card@https://registry.npmjs.org/@radix-ui/react-hover-card/-/react-hover-card-1.1.15.tgz 1ms (cache hit)
1637 http cache @radix-ui/react-focus-scope@https://registry.npmjs.org/@radix-ui/react-focus-scope/-/react-focus-scope-1.1.7.tgz 0ms (cache hit)
1638 http cache @radix-ui/react-focus-guards@https://registry.npmjs.org/@radix-ui/react-focus-guards/-/react-focus-guards-1.1.3.tgz 0ms (cache hit)
1639 http cache @radix-ui/react-dropdown-menu@https://registry.npmjs.org/@radix-ui/react-dropdown-menu/-/react-dropdown-menu-2.1.16.tgz 0ms (cache hit)
1640 http cache @radix-ui/react-progress@https://registry.npmjs.org/@radix-ui/react-progress/-/react-progress-1.1.8.tgz 1ms (cache hit)
1641 http cache @radix-ui/react-dismissable-layer@https://registry.npmjs.org/@radix-ui/react-dismissable-layer/-/react-dismissable-layer-1.1.11.tgz 1ms (cache hit)
1642 http cache @radix-ui/react-direction@https://registry.npmjs.org/@radix-ui/react-direction/-/react-direction-1.1.1.tgz 1ms (cache hit)
1643 http cache @radix-ui/react-dialog@https://registry.npmjs.org/@radix-ui/react-dialog/-/react-dialog-1.1.15.tgz 0ms (cache hit)
1644 http cache @radix-ui/react-context-menu@https://registry.npmjs.org/@radix-ui/react-context-menu/-/react-context-menu-2.2.16.tgz 0ms (cache hit)
1645 http cache @radix-ui/react-context@https://registry.npmjs.org/@radix-ui/react-context/-/react-context-1.1.2.tgz 0ms (cache hit)
1646 http cache @radix-ui/react-compose-refs@https://registry.npmjs.org/@radix-ui/react-compose-refs/-/react-compose-refs-1.1.2.tgz 0ms (cache hit)
1647 http cache @radix-ui/react-collection@https://registry.npmjs.org/@radix-ui/react-collection/-/react-collection-1.1.7.tgz 0ms (cache hit)
1648 http cache @radix-ui/react-collapsible@https://registry.npmjs.org/@radix-ui/react-collapsible/-/react-collapsible-1.1.12.tgz 0ms (cache hit)
1649 http cache @radix-ui/react-checkbox@https://registry.npmjs.org/@radix-ui/react-checkbox/-/react-checkbox-1.3.3.tgz 0ms (cache hit)
1650 http cache @radix-ui/react-avatar@https://registry.npmjs.org/@radix-ui/react-avatar/-/react-avatar-1.1.11.tgz 0ms (cache hit)
1651 http cache @radix-ui/react-aspect-ratio@https://registry.npmjs.org/@radix-ui/react-aspect-ratio/-/react-aspect-ratio-1.1.8.tgz 1ms (cache hit)
1652 http cache @radix-ui/react-arrow@https://registry.npmjs.org/@radix-ui/react-arrow/-/react-arrow-1.1.7.tgz 0ms (cache hit)
1653 http cache @radix-ui/react-alert-dialog@https://registry.npmjs.org/@radix-ui/react-alert-dialog/-/react-alert-dialog-1.1.15.tgz 0ms (cache hit)
1654 http cache @radix-ui/react-accordion@https://registry.npmjs.org/@radix-ui/react-accordion/-/react-accordion-1.2.12.tgz 0ms (cache hit)
1655 http cache @radix-ui/number@https://registry.npmjs.org/@radix-ui/number/-/number-1.1.1.tgz 0ms (cache hit)
1656 http cache @poppinss/exception@https://registry.npmjs.org/@poppinss/exception/-/exception-1.2.3.tgz 0ms (cache hit)
1657 http cache @poppinss/dumper@https://registry.npmjs.org/@poppinss/dumper/-/dumper-0.6.5.tgz 0ms (cache hit)
1658 http cache @radix-ui/primitive@https://registry.npmjs.org/@radix-ui/primitive/-/primitive-1.1.3.tgz 0ms (cache hit)
1659 http cache @poppinss/colors@https://registry.npmjs.org/@poppinss/colors/-/colors-4.1.6.tgz 1ms (cache hit)
1660 http cache @pkgr/core@https://registry.npmjs.org/@pkgr/core/-/core-0.2.9.tgz 0ms (cache hit)
1661 http cache @oozcitak/util@https://registry.npmjs.org/@oozcitak/util/-/util-10.0.0.tgz 1ms (cache hit)
1662 http cache @oozcitak/infra@https://registry.npmjs.org/@oozcitak/infra/-/infra-2.0.2.tgz 0ms (cache hit)
1663 http cache @oozcitak/dom@https://registry.npmjs.org/@oozcitak/dom/-/dom-2.0.2.tgz 0ms (cache hit)
1664 http cache @oozcitak/url@https://registry.npmjs.org/@oozcitak/url/-/url-3.0.0.tgz 1ms (cache hit)
1665 http cache @jridgewell/sourcemap-codec@https://registry.npmjs.org/@jridgewell/sourcemap-codec/-/sourcemap-codec-1.5.5.tgz 0ms (cache hit)
1666 http cache @jridgewell/resolve-uri@https://registry.npmjs.org/@jridgewell/resolve-uri/-/resolve-uri-3.1.2.tgz 0ms (cache hit)
1667 http cache @jridgewell/trace-mapping@https://registry.npmjs.org/@jridgewell/trace-mapping/-/trace-mapping-0.3.31.tgz 0ms (cache hit)
1668 http cache @jridgewell/gen-mapping@https://registry.npmjs.org/@jridgewell/gen-mapping/-/gen-mapping-0.3.13.tgz 0ms (cache hit)
1669 http cache @img/colour@https://registry.npmjs.org/@img/colour/-/colour-1.1.0.tgz 0ms (cache hit)
1670 http cache @humanwhocodes/retry@https://registry.npmjs.org/@humanwhocodes/retry/-/retry-0.4.3.tgz 0ms (cache hit)
1671 http cache @humanwhocodes/module-importer@https://registry.npmjs.org/@humanwhocodes/module-importer/-/module-importer-1.0.1.tgz 0ms (cache hit)
1672 http cache @humanfs/node@https://registry.npmjs.org/@humanfs/node/-/node-0.16.7.tgz 0ms (cache hit)
1673 http cache @jridgewell/remapping@https://registry.npmjs.org/@jridgewell/remapping/-/remapping-2.3.5.tgz 1ms (cache hit)
1674 http cache @humanfs/core@https://registry.npmjs.org/@humanfs/core/-/core-0.19.1.tgz 0ms (cache hit)
1675 http cache @hookform/resolvers@https://registry.npmjs.org/@hookform/resolvers/-/resolvers-5.2.2.tgz 0ms (cache hit)
1676 http cache @floating-ui/utils@https://registry.npmjs.org/@floating-ui/utils/-/utils-0.2.11.tgz 0ms (cache hit)
1677 http cache @floating-ui/react-dom@https://registry.npmjs.org/@floating-ui/react-dom/-/react-dom-2.1.8.tgz 0ms (cache hit)
1678 http cache @floating-ui/dom@https://registry.npmjs.org/@floating-ui/dom/-/dom-1.7.6.tgz 1ms (cache hit)
1679 http cache @floating-ui/core@https://registry.npmjs.org/@floating-ui/core/-/core-1.7.5.tgz 0ms (cache hit)
1680 http cache @eslint/object-schema@https://registry.npmjs.org/@eslint/object-schema/-/object-schema-2.1.7.tgz 0ms (cache hit)
1681 http cache @eslint/plugin-kit@https://registry.npmjs.org/@eslint/plugin-kit/-/plugin-kit-0.4.1.tgz 1ms (cache hit)
1682 http cache @eslint/js@https://registry.npmjs.org/@eslint/js/-/js-9.39.4.tgz 0ms (cache hit)
1683 http cache @eslint/eslintrc@https://registry.npmjs.org/@eslint/eslintrc/-/eslintrc-3.3.5.tgz 0ms (cache hit)
1684 http cache @eslint/config-helpers@https://registry.npmjs.org/@eslint/config-helpers/-/config-helpers-0.4.2.tgz 0ms (cache hit)
1685 http cache @eslint/core@https://registry.npmjs.org/@eslint/core/-/core-0.17.0.tgz 0ms (cache hit)
1686 http cache @eslint/config-array@https://registry.npmjs.org/@eslint/config-array/-/config-array-0.21.2.tgz 0ms (cache hit)
1687 http cache @eslint-community/regexpp@https://registry.npmjs.org/@eslint-community/regexpp/-/regexpp-4.12.2.tgz 0ms (cache hit)
1688 http cache @eslint-community/eslint-utils@https://registry.npmjs.org/@eslint-community/eslint-utils/-/eslint-utils-4.9.1.tgz 0ms (cache hit)
1689 http cache @date-fns/tz@https://registry.npmjs.org/@date-fns/tz/-/tz-1.4.1.tgz 0ms (cache hit)
1690 http cache @cspotcode/source-map-support@https://registry.npmjs.org/@cspotcode/source-map-support/-/source-map-support-0.8.1.tgz 0ms (cache hit)
1691 http cache @cloudflare/vite-plugin@https://registry.npmjs.org/@cloudflare/vite-plugin/-/vite-plugin-1.32.2.tgz 0ms (cache hit)
1692 http cache @cloudflare/unenv-preset@https://registry.npmjs.org/@cloudflare/unenv-preset/-/unenv-preset-2.16.0.tgz 0ms (cache hit)
1693 http cache @cloudflare/kv-asset-handler@https://registry.npmjs.org/@cloudflare/kv-asset-handler/-/kv-asset-handler-0.4.2.tgz 0ms (cache hit)
1694 http cache @babel/types@https://registry.npmjs.org/@babel/types/-/types-7.29.0.tgz 0ms (cache hit)
1695 http cache @babel/traverse@https://registry.npmjs.org/@babel/traverse/-/traverse-7.29.0.tgz 0ms (cache hit)
1696 http cache @babel/template@https://registry.npmjs.org/@babel/template/-/template-7.28.6.tgz 0ms (cache hit)
1697 http cache @babel/runtime@https://registry.npmjs.org/@babel/runtime/-/runtime-7.29.2.tgz 0ms (cache hit)
1698 http cache @babel/plugin-transform-react-jsx-source@https://registry.npmjs.org/@babel/plugin-transform-react-jsx-source/-/plugin-transform-react-jsx-source-7.27.1.tgz 0ms (cache hit)
1699 http cache @babel/plugin-transform-react-jsx-self@https://registry.npmjs.org/@babel/plugin-transform-react-jsx-self/-/plugin-transform-react-jsx-self-7.27.1.tgz 1ms (cache hit)
1700 http cache @babel/plugin-syntax-typescript@https://registry.npmjs.org/@babel/plugin-syntax-typescript/-/plugin-syntax-typescript-7.28.6.tgz 0ms (cache hit)
1701 http cache @babel/plugin-syntax-jsx@https://registry.npmjs.org/@babel/plugin-syntax-jsx/-/plugin-syntax-jsx-7.28.6.tgz 0ms (cache hit)
1702 http cache @babel/parser@https://registry.npmjs.org/@babel/parser/-/parser-7.29.2.tgz 0ms (cache hit)
1703 http cache @babel/helpers@https://registry.npmjs.org/@babel/helpers/-/helpers-7.29.2.tgz 0ms (cache hit)
1704 http cache @babel/helper-validator-option@https://registry.npmjs.org/@babel/helper-validator-option/-/helper-validator-option-7.27.1.tgz 1ms (cache hit)
1705 http cache @babel/helper-validator-identifier@https://registry.npmjs.org/@babel/helper-validator-identifier/-/helper-validator-identifier-7.28.5.tgz 0ms (cache hit)
1706 http cache @babel/helper-string-parser@https://registry.npmjs.org/@babel/helper-string-parser/-/helper-string-parser-7.27.1.tgz 1ms (cache hit)
1707 http cache @babel/helper-plugin-utils@https://registry.npmjs.org/@babel/helper-plugin-utils/-/helper-plugin-utils-7.28.6.tgz 0ms (cache hit)
1708 http cache @babel/helper-module-transforms@https://registry.npmjs.org/@babel/helper-module-transforms/-/helper-module-transforms-7.28.6.tgz 0ms (cache hit)
1709 http cache @babel/helper-module-imports@https://registry.npmjs.org/@babel/helper-module-imports/-/helper-module-imports-7.28.6.tgz 0ms (cache hit)
1710 http cache @babel/helper-globals@https://registry.npmjs.org/@babel/helper-globals/-/helper-globals-7.28.0.tgz 0ms (cache hit)
1711 http cache @babel/helper-compilation-targets@https://registry.npmjs.org/@babel/helper-compilation-targets/-/helper-compilation-targets-7.28.6.tgz 0ms (cache hit)
1712 http cache @tanstack/react-start-server@https://registry.npmjs.org/@tanstack/react-start-server/-/react-start-server-1.166.39.tgz 0ms (cache hit)
1713 http cache @babel/core@https://registry.npmjs.org/@babel/core/-/core-7.29.0.tgz 0ms (cache hit)
1714 http cache @babel/compat-data@https://registry.npmjs.org/@babel/compat-data/-/compat-data-7.29.0.tgz 0ms (cache hit)
1715 http cache @babel/code-frame@https://registry.npmjs.org/@babel/code-frame/-/code-frame-7.29.0.tgz 1ms (cache hit)
1716 http cache @rolldown/pluginutils@https://registry.npmjs.org/@rolldown/pluginutils/-/pluginutils-1.0.1.tgz 0ms (cache hit)
1717 http cache @oxc-project/types@https://registry.npmjs.org/@oxc-project/types/-/types-0.140.0.tgz 0ms (cache hit)
1718 http cache srvx@https://registry.npmjs.org/srvx/-/srvx-0.12.4.tgz 0ms (cache hit)
1719 http cache rou3@https://registry.npmjs.org/rou3/-/rou3-0.9.1.tgz 0ms (cache hit)
1720 http cache chalk@https://registry.npmjs.org/chalk/-/chalk-5.6.2.tgz 1ms (cache hit)
1721 http cache ws@https://registry.npmjs.org/ws/-/ws-8.21.1.tgz 0ms (cache hit)
1722 http cache srvx@https://registry.npmjs.org/srvx/-/srvx-0.11.22.tgz 0ms (cache hit)
1723 http cache env-runner@https://registry.npmjs.org/env-runner/-/env-runner-0.1.16.tgz 0ms (cache hit)
1724 http cache esbuild@https://registry.npmjs.org/esbuild/-/esbuild-0.27.3.tgz 0ms (cache hit)
1725 http cache @esbuild/android-arm64@https://registry.npmjs.org/@esbuild/android-arm64/-/android-arm64-0.27.3.tgz 0ms (cache hit)
1726 http cache esbuild@https://registry.npmjs.org/esbuild/-/esbuild-0.27.7.tgz 0ms (cache hit)
1727 http cache @esbuild/android-arm64@https://registry.npmjs.org/@esbuild/android-arm64/-/android-arm64-0.27.7.tgz 0ms (cache hit)
1728 http cache esbuild@https://registry.npmjs.org/esbuild/-/esbuild-0.27.7.tgz 1ms (cache hit)
1729 http cache @esbuild/android-arm64@https://registry.npmjs.org/@esbuild/android-arm64/-/android-arm64-0.27.7.tgz 0ms (cache hit)
1730 http cache semver@https://registry.npmjs.org/semver/-/semver-7.7.4.tgz 0ms (cache hit)
1731 http cache picomatch@https://registry.npmjs.org/picomatch/-/picomatch-2.3.2.tgz 1ms (cache hit)
1732 http cache react-is@https://registry.npmjs.org/react-is/-/react-is-16.13.1.tgz 0ms (cache hit)
1733 http cache entities@https://registry.npmjs.org/entities/-/entities-6.0.1.tgz 0ms (cache hit)
1734 http cache undici@https://registry.npmjs.org/undici/-/undici-7.24.4.tgz 1ms (cache hit)
1735 http cache entities@https://registry.npmjs.org/entities/-/entities-7.0.1.tgz 0ms (cache hit)
1736 http cache glob-parent@https://registry.npmjs.org/glob-parent/-/glob-parent-6.0.2.tgz 0ms (cache hit)
1737 http cache chalk@https://registry.npmjs.org/chalk/-/chalk-5.6.2.tgz 0ms (cache hit)
1738 http cache unstorage@https://registry.npmjs.org/unstorage/-/unstorage-2.0.0-alpha.7.tgz 0ms (cache hit)
1739 http cache @rolldown/pluginutils@https://registry.npmjs.org/@rolldown/pluginutils/-/pluginutils-1.0.0-rc.3.tgz 1ms (cache hit)
1740 http cache eslint-visitor-keys@https://registry.npmjs.org/eslint-visitor-keys/-/eslint-visitor-keys-5.0.1.tgz 0ms (cache hit)
1741 http cache semver@https://registry.npmjs.org/semver/-/semver-7.7.4.tgz 0ms (cache hit)
1742 http cache minimatch@https://registry.npmjs.org/minimatch/-/minimatch-10.2.5.tgz 0ms (cache hit)
1743 http cache brace-expansion@https://registry.npmjs.org/brace-expansion/-/brace-expansion-5.0.5.tgz 0ms (cache hit)
1744 http cache balanced-match@https://registry.npmjs.org/balanced-match/-/balanced-match-4.0.4.tgz 0ms (cache hit)
1745 http cache ignore@https://registry.npmjs.org/ignore/-/ignore-7.0.5.tgz 0ms (cache hit)
1746 http cache @babel/code-frame@https://registry.npmjs.org/@babel/code-frame/-/code-frame-7.27.1.tgz 0ms (cache hit)
1747 http cache @radix-ui/react-slot@https://registry.npmjs.org/@radix-ui/react-slot/-/react-slot-1.2.3.tgz 1ms (cache hit)
1748 http cache @radix-ui/react-primitive@https://registry.npmjs.org/@radix-ui/react-primitive/-/react-primitive-2.1.4.tgz 0ms (cache hit)
1749 http cache picomatch@https://registry.npmjs.org/picomatch/-/picomatch-2.3.2.tgz 0ms (cache hit)
1750 http cache @radix-ui/react-slot@https://registry.npmjs.org/@radix-ui/react-slot/-/react-slot-1.2.3.tgz 0ms (cache hit)
1751 http cache @radix-ui/react-primitive@https://registry.npmjs.org/@radix-ui/react-primitive/-/react-primitive-2.1.4.tgz 0ms (cache hit)
1752 http cache @radix-ui/react-slot@https://registry.npmjs.org/@radix-ui/react-slot/-/react-slot-1.2.3.tgz 0ms (cache hit)
1753 http cache @radix-ui/react-slot@https://registry.npmjs.org/@radix-ui/react-slot/-/react-slot-1.2.3.tgz 0ms (cache hit)
1754 http cache @radix-ui/react-context@https://registry.npmjs.org/@radix-ui/react-context/-/react-context-1.1.3.tgz 0ms (cache hit)
1755 http cache @radix-ui/react-slot@https://registry.npmjs.org/@radix-ui/react-slot/-/react-slot-1.2.3.tgz 0ms (cache hit)
1756 http cache @radix-ui/react-primitive@https://registry.npmjs.org/@radix-ui/react-primitive/-/react-primitive-2.1.4.tgz 0ms (cache hit)
1757 http cache @radix-ui/react-slot@https://registry.npmjs.org/@radix-ui/react-slot/-/react-slot-1.2.3.tgz 0ms (cache hit)
1758 http cache @radix-ui/react-slot@https://registry.npmjs.org/@radix-ui/react-slot/-/react-slot-1.2.3.tgz 0ms (cache hit)
1759 http cache @radix-ui/react-primitive@https://registry.npmjs.org/@radix-ui/react-primitive/-/react-primitive-2.1.4.tgz 0ms (cache hit)
1760 http cache @radix-ui/react-context@https://registry.npmjs.org/@radix-ui/react-context/-/react-context-1.1.3.tgz 0ms (cache hit)
1761 http cache @radix-ui/react-primitive@https://registry.npmjs.org/@radix-ui/react-primitive/-/react-primitive-2.1.4.tgz 0ms (cache hit)
1762 http cache @radix-ui/react-slot@https://registry.npmjs.org/@radix-ui/react-slot/-/react-slot-1.2.3.tgz 0ms (cache hit)
1763 http cache supports-color@https://registry.npmjs.org/supports-color/-/supports-color-10.2.2.tgz 0ms (cache hit)
1764 http cache globals@https://registry.npmjs.org/globals/-/globals-14.0.0.tgz 1ms (cache hit)
1765 http cache eslint-visitor-keys@https://registry.npmjs.org/eslint-visitor-keys/-/eslint-visitor-keys-3.4.3.tgz 0ms (cache hit)
1766 http cache @jridgewell/trace-mapping@https://registry.npmjs.org/@jridgewell/trace-mapping/-/trace-mapping-0.3.9.tgz 0ms (cache hit)
1767 http cache @babel/generator@https://registry.npmjs.org/@babel/generator/-/generator-7.29.1.tgz 0ms (cache hit)
1768 http cache optionator@https://registry.npmjs.org/optionator/-/optionator-0.9.4.tgz 0ms (cache hit)
1769 http cache gensync@https://registry.npmjs.org/gensync/-/gensync-1.0.0-beta.2.tgz 0ms (cache hit)
1770 verbose audit error FetchError: request to https://registry.npmjs.org/-/npm/v1/security/advisories/bulk failed, reason: Client network socket disconnected before secure TLS connection was established
1770 verbose audit error     at ClientRequest.<anonymous> (/data/data/com.termux/files/usr/lib/node_modules/npm/node_modules/minipass-fetch/lib/index.js:130:14)
1770 verbose audit error     at ClientRequest.emit (node:events:509:20)
1770 verbose audit error     at emitErrorEvent (node:_http_client:111:11)
1770 verbose audit error     at _destroy (node:_http_client:1006:9)
1770 verbose audit error     at onSocketNT (node:_http_client:1027:5)
1770 verbose audit error     at process.processTicksAndRejections (node:internal/process/task_queues:91:21) {
1770 verbose audit error   code: 'ECONNRESET',
1770 verbose audit error   path: null,
1770 verbose audit error   host: 'registry.npmjs.org',
1770 verbose audit error   port: 443,
1770 verbose audit error   localAddress: null,
1770 verbose audit error   errno: 'ECONNRESET',
1770 verbose audit error   type: 'system'
1770 verbose audit error }
1771 silly audit error undefined
1772 silly audit report null
1773 warn deprecated whatwg-encoding@3.1.1: Use @exodus/bytes instead for a more spec-conformant and faster implementation
1774 silly ADD node_modules/undici
1775 silly ADD node_modules/httpxy
1776 silly ADD node_modules/exsolve
1777 silly ADD node_modules/frac
1778 silly ADD node_modules/word
1779 silly ADD node_modules/wmf
1780 silly ADD node_modules/ssf
1781 silly ADD node_modules/crc-32
1782 silly ADD node_modules/codepage
1783 silly ADD node_modules/cfb
1784 silly ADD node_modules/adler-32
1785 silly ADD node_modules/@types/estree
1786 silly ADD node_modules/@rollup/rollup-android-arm64
1787 silly ADD node_modules/@rolldown/binding-android-arm64
1788 silly ADD node_modules/@oxc-project/types
1789 silly ADD node_modules/@oxc-parser/binding-android-arm64
1790 silly ADD node_modules/rolldown
1791 silly ADD node_modules/rolldown/node_modules/@rolldown/pluginutils
1792 silly ADD node_modules/rolldown/node_modules/@oxc-project/types
1793 silly ADD node_modules/ohash
1794 silly ADD node_modules/ofetch
1795 silly ADD node_modules/ocache
1796 silly ADD node_modules/nf3
1797 silly ADD node_modules/hookable
1798 silly ADD node_modules/h3
1799 silly ADD node_modules/h3/node_modules/srvx
1800 silly ADD node_modules/h3/node_modules/rou3
1801 silly ADD node_modules/db0
1802 silly ADD node_modules/crossws
1803 silly ADD node_modules/consola
1804 silly ADD node_modules/shell-quote
1805 silly ADD node_modules/@tanstack/devtools-event-client
1806 silly ADD node_modules/oxc-parser
1807 silly ADD node_modules/launch-editor
1808 silly ADD node_modules/@tanstack/devtools-event-bus
1809 silly ADD node_modules/@tanstack/devtools-event-bus/node_modules/ws
1810 silly ADD node_modules/@tanstack/devtools-client
1811 silly ADD node_modules/@tanstack/devtools-bundler-core
1812 silly ADD node_modules/@tanstack/devtools-bundler-core/node_modules/chalk
1813 silly ADD node_modules/iceberg-js
1814 silly ADD node_modules/@supabase/phoenix
1815 silly ADD node_modules/@supabase/storage-js
1816 silly ADD node_modules/@supabase/realtime-js
1817 silly ADD node_modules/@supabase/postgrest-js
1818 silly ADD node_modules/@supabase/functions-js
1819 silly ADD node_modules/@supabase/auth-js
1820 silly ADD node_modules/@tanstack/devtools-vite
1821 silly ADD node_modules/@tanstack/devtools-vite/node_modules/chalk
1822 silly ADD node_modules/@lovable.dev/vite-plugin-hmr-gate
1823 silly ADD node_modules/@lovable.dev/vite-plugin-dev-server-bridge
1824 silly ADD node_modules/xlsx
1825 silly ADD node_modules/rollup
1826 silly ADD node_modules/jiti
1827 silly ADD node_modules/nitro
1828 silly ADD node_modules/nitro/node_modules/unstorage
1829 silly ADD node_modules/nitro/node_modules/srvx
1830 silly ADD node_modules/nitro/node_modules/env-runner
1831 silly ADD node_modules/@supabase/supabase-js
1832 silly ADD node_modules/@lovable.dev/vite-tanstack-config
1833 silly ADD node_modules/zod
1834 silly ADD node_modules/youch-core
1835 silly ADD node_modules/youch
1836 silly ADD node_modules/yocto-queue
1837 silly ADD node_modules/yallist
1838 silly ADD node_modules/xmlbuilder2
1839 silly ADD node_modules/ws
1840 silly ADD node_modules/wrangler
1841 silly ADD node_modules/wrangler/node_modules/esbuild
1842 silly ADD node_modules/wrangler/node_modules/@esbuild/android-arm64
1843 silly ADD node_modules/workerd
1844 silly ADD node_modules/word-wrap
1845 silly ADD node_modules/which
1846 silly ADD node_modules/whatwg-mimetype
1847 silly ADD node_modules/whatwg-encoding
1848 silly ADD node_modules/webpack-virtual-modules
1849 silly ADD node_modules/vitefu
1850 silly ADD node_modules/vite-tsconfig-paths
1851 silly ADD node_modules/vite
1852 silly ADD node_modules/vite/node_modules/esbuild
1853 silly ADD node_modules/vite/node_modules/@esbuild/android-arm64
1854 silly ADD node_modules/victory-vendor
1855 silly ADD node_modules/vaul
1856 silly ADD node_modules/use-sync-external-store
1857 silly ADD node_modules/use-sidecar
1858 silly ADD node_modules/use-callback-ref
1859 silly ADD node_modules/uri-js
1860 silly ADD node_modules/update-browserslist-db
1861 silly ADD node_modules/unplugin
1862 silly ADD node_modules/unenv
1863 silly ADD node_modules/undici-types
1864 silly ADD node_modules/ufo
1865 silly ADD node_modules/typescript-eslint
1866 silly ADD node_modules/typescript
1867 silly ADD node_modules/type-check
1868 silly ADD node_modules/tw-animate-css
1869 silly ADD node_modules/tsx
1870 silly ADD node_modules/tsx/node_modules/esbuild
1871 silly ADD node_modules/tsx/node_modules/@esbuild/android-arm64
1872 silly ADD node_modules/tslib
1873 silly ADD node_modules/tsconfck
1874 silly ADD node_modules/ts-api-utils
1875 silly ADD node_modules/to-regex-range
1876 silly ADD node_modules/tinyglobby
1877 silly ADD node_modules/tiny-invariant
1878 silly ADD node_modules/tapable
1879 silly ADD node_modules/tailwindcss
1880 silly ADD node_modules/tailwind-merge
1881 silly ADD node_modules/synckit
1882 silly ADD node_modules/supports-color
1883 silly ADD node_modules/strip-json-comments
1884 silly ADD node_modules/srvx
1885 silly ADD node_modules/source-map-js
1886 silly ADD node_modules/source-map
1887 silly ADD node_modules/sonner
1888 silly ADD node_modules/shebang-regex
1889 silly ADD node_modules/shebang-command
1890 silly ADD node_modules/sharp
1891 silly ADD node_modules/sharp/node_modules/semver
1892 silly ADD node_modules/seroval-plugins
1893 silly ADD node_modules/seroval
1894 silly ADD node_modules/semver
1895 silly ADD node_modules/scheduler
1896 silly ADD node_modules/safer-buffer
1897 silly ADD node_modules/rou3
1898 silly ADD node_modules/resolve-pkg-maps
1899 silly ADD node_modules/resolve-from
1900 silly ADD node_modules/recharts-scale
1901 silly ADD node_modules/recharts
1902 silly ADD node_modules/readdirp
1903 silly ADD node_modules/readdirp/node_modules/picomatch
1904 silly ADD node_modules/react-transition-group
1905 silly ADD node_modules/react-style-singleton
1906 silly ADD node_modules/react-smooth
1907 silly ADD node_modules/react-resizable-panels
1908 silly ADD node_modules/react-remove-scroll-bar
1909 silly ADD node_modules/react-remove-scroll
1910 silly ADD node_modules/react-refresh
1911 silly ADD node_modules/react-is
1912 silly ADD node_modules/react-hook-form
1913 silly ADD node_modules/react-dom
1914 silly ADD node_modules/react-day-picker
1915 silly ADD node_modules/react
1916 silly ADD node_modules/punycode
1917 silly ADD node_modules/prop-types
1918 silly ADD node_modules/prop-types/node_modules/react-is
1919 silly ADD node_modules/prettier-linter-helpers
1920 silly ADD node_modules/prettier
1921 silly ADD node_modules/prelude-ls
1922 silly ADD node_modules/postcss
1923 silly ADD node_modules/picomatch
1924 silly ADD node_modules/picocolors
1925 silly ADD node_modules/pathe
1926 silly ADD node_modules/path-to-regexp
1927 silly ADD node_modules/path-key
1928 silly ADD node_modules/path-exists
1929 silly ADD node_modules/parse5-parser-stream
1930 silly ADD node_modules/parse5-htmlparser2-tree-adapter
1931 silly ADD node_modules/parse5
1932 silly ADD node_modules/parse5/node_modules/entities
1933 silly ADD node_modules/parent-module
1934 silly ADD node_modules/p-locate
1935 silly ADD node_modules/p-limit
1936 silly ADD node_modules/optionator
1937 silly ADD node_modules/object-assign
1938 silly ADD node_modules/nth-check
1939 silly ADD node_modules/normalize-path
1940 silly ADD node_modules/node-releases
1941 silly ADD node_modules/natural-compare
1942 silly ADD node_modules/nanoid
1943 silly ADD node_modules/ms
1944 silly ADD node_modules/minimatch
1945 silly ADD node_modules/miniflare
1946 silly ADD node_modules/miniflare/node_modules/undici
1947 silly ADD node_modules/magic-string
1948 silly ADD node_modules/lucide-react
1949 silly ADD node_modules/lru-cache
1950 silly ADD node_modules/loose-envify
1951 silly ADD node_modules/lodash.merge
1952 silly ADD node_modules/lodash
1953 silly ADD node_modules/locate-path
1954 silly ADD node_modules/lightningcss-android-arm64
1955 silly ADD node_modules/lightningcss
1956 silly ADD node_modules/levn
1957 silly ADD node_modules/kleur
1958 silly ADD node_modules/keyv
1959 silly ADD node_modules/json5
1960 silly ADD node_modules/json-stable-stringify-without-jsonify
1961 silly ADD node_modules/json-schema-traverse
1962 silly ADD node_modules/json-buffer
1963 silly ADD node_modules/jsesc
1964 silly ADD node_modules/js-yaml
1965 silly ADD node_modules/js-tokens
1966 silly ADD node_modules/isexe
1967 silly ADD node_modules/isbot
1968 silly ADD node_modules/is-number
1969 silly ADD node_modules/is-glob
1970 silly ADD node_modules/is-extglob
1971 silly ADD node_modules/is-binary-path
1972 silly ADD node_modules/internmap
1973 silly ADD node_modules/input-otp
1974 silly ADD node_modules/imurmurhash
1975 silly ADD node_modules/import-fresh
1976 silly ADD node_modules/ignore
1977 silly ADD node_modules/iconv-lite
1978 silly ADD node_modules/htmlparser2
1979 silly ADD node_modules/htmlparser2/node_modules/entities
1980 silly ADD node_modules/has-flag
1981 silly ADD node_modules/h3-v2
1982 silly ADD node_modules/graceful-fs
1983 silly ADD node_modules/globrex
1984 silly ADD node_modules/globals
1985 silly ADD node_modules/glob-parent
1986 silly ADD node_modules/get-tsconfig
1987 silly ADD node_modules/get-nonce
1988 silly ADD node_modules/gensync
1989 silly ADD node_modules/flatted
1990 silly ADD node_modules/flat-cache
1991 silly ADD node_modules/find-up
1992 silly ADD node_modules/fill-range
1993 silly ADD node_modules/file-entry-cache
1994 silly ADD node_modules/fdir
1995 silly ADD node_modules/fast-levenshtein
1996 silly ADD node_modules/fast-json-stable-stringify
1997 silly ADD node_modules/fast-equals
1998 silly ADD node_modules/fast-diff
1999 silly ADD node_modules/fast-deep-equal
2000 silly ADD node_modules/eventemitter3
2001 silly ADD node_modules/esutils
2002 silly ADD node_modules/estraverse
2003 silly ADD node_modules/esrecurse
2004 silly ADD node_modules/esquery
2005 silly ADD node_modules/espree
2006 silly ADD node_modules/eslint-visitor-keys
2007 silly ADD node_modules/eslint-scope
2008 silly ADD node_modules/eslint-plugin-react-refresh
2009 silly ADD node_modules/eslint-plugin-react-hooks
2010 silly ADD node_modules/eslint-plugin-prettier
2011 silly ADD node_modules/eslint-config-prettier
2012 silly ADD node_modules/eslint
2013 silly ADD node_modules/eslint/node_modules/glob-parent
2014 silly ADD node_modules/escape-string-regexp
2015 silly ADD node_modules/escalade
2016 silly ADD node_modules/error-stack-parser-es
2017 silly ADD node_modules/entities
2018 silly ADD node_modules/enhanced-resolve
2019 silly ADD node_modules/encoding-sniffer
2020 silly ADD node_modules/embla-carousel-reactive-utils
2021 silly ADD node_modules/embla-carousel-react
2022 silly ADD node_modules/embla-carousel
2023 silly ADD node_modules/electron-to-chromium
2024 silly ADD node_modules/domutils
2025 silly ADD node_modules/domhandler
2026 silly ADD node_modules/domelementtype
2027 silly ADD node_modules/dom-serializer
2028 silly ADD node_modules/dom-helpers
2029 silly ADD node_modules/diff
2030 silly ADD node_modules/detect-node-es
2031 silly ADD node_modules/detect-libc
2032 silly ADD node_modules/deep-is
2033 silly ADD node_modules/decimal.js-light
2034 silly ADD node_modules/debug
2035 silly ADD node_modules/date-fns-jalali
2036 silly ADD node_modules/date-fns
2037 silly ADD node_modules/d3-timer
2038 silly ADD node_modules/d3-time-format
2039 silly ADD node_modules/d3-time
2040 silly ADD node_modules/d3-shape
2041 silly ADD node_modules/d3-scale
2042 silly ADD node_modules/d3-path
2043 silly ADD node_modules/d3-interpolate
2044 silly ADD node_modules/d3-format
2045 silly ADD node_modules/d3-ease
2046 silly ADD node_modules/d3-color
2047 silly ADD node_modules/d3-array
2048 silly ADD node_modules/csstype
2049 silly ADD node_modules/css-what
2050 silly ADD node_modules/css-select
2051 silly ADD node_modules/cross-spawn
2052 silly ADD node_modules/cookie-es
2053 silly ADD node_modules/cookie
2054 silly ADD node_modules/convert-source-map
2055 silly ADD node_modules/concat-map
2056 silly ADD node_modules/color-name
2057 silly ADD node_modules/color-convert
2058 silly ADD node_modules/cmdk
2059 silly ADD node_modules/clsx
2060 silly ADD node_modules/class-variance-authority
2061 silly ADD node_modules/chokidar
2062 silly ADD node_modules/cheerio-select
2063 silly ADD node_modules/cheerio
2064 silly ADD node_modules/chalk
2065 silly ADD node_modules/caniuse-lite
2066 silly ADD node_modules/callsites
2067 silly ADD node_modules/browserslist
2068 silly ADD node_modules/braces
2069 silly ADD node_modules/brace-expansion
2070 silly ADD node_modules/boolbase
2071 silly ADD node_modules/blake3-wasm
2072 silly ADD node_modules/binary-extensions
2073 silly ADD node_modules/baseline-browser-mapping
2074 silly ADD node_modules/balanced-match
2075 silly ADD node_modules/babel-dead-code-elimination
2076 silly ADD node_modules/aria-hidden
2077 silly ADD node_modules/argparse
2078 silly ADD node_modules/anymatch
2079 silly ADD node_modules/anymatch/node_modules/picomatch
2080 silly ADD node_modules/ansis
2081 silly ADD node_modules/ansi-styles
2082 silly ADD node_modules/ajv
2083 silly ADD node_modules/acorn-jsx
2084 silly ADD node_modules/acorn
2085 silly ADD node_modules/@vitejs/plugin-react
2086 silly ADD node_modules/@vitejs/plugin-react/node_modules/@rolldown/pluginutils
2087 silly ADD node_modules/@typescript-eslint/visitor-keys
2088 silly ADD node_modules/@typescript-eslint/visitor-keys/node_modules/eslint-visitor-keys
2089 silly ADD node_modules/@typescript-eslint/utils
2090 silly ADD node_modules/@typescript-eslint/typescript-estree
2091 silly ADD node_modules/@typescript-eslint/typescript-estree/node_modules/semver
2092 silly ADD node_modules/@typescript-eslint/typescript-estree/node_modules/minimatch
2093 silly ADD node_modules/@typescript-eslint/typescript-estree/node_modules/brace-expansion
2094 silly ADD node_modules/@typescript-eslint/typescript-estree/node_modules/balanced-match
2095 silly ADD node_modules/@typescript-eslint/types
2096 silly ADD node_modules/@typescript-eslint/type-utils
2097 silly ADD node_modules/@typescript-eslint/tsconfig-utils
2098 silly ADD node_modules/@typescript-eslint/scope-manager
2099 silly ADD node_modules/@typescript-eslint/project-service
2100 silly ADD node_modules/@typescript-eslint/parser
2101 silly ADD node_modules/@typescript-eslint/eslint-plugin
2102 silly ADD node_modules/@typescript-eslint/eslint-plugin/node_modules/ignore
2103 silly ADD node_modules/@types/react-dom
2104 silly ADD node_modules/@types/react
2105 silly ADD node_modules/@types/node
2106 silly ADD node_modules/@types/json-schema
2107 silly ADD node_modules/@types/d3-timer
2108 silly ADD node_modules/@types/d3-time
2109 silly ADD node_modules/@types/d3-shape
2110 silly ADD node_modules/@types/d3-scale
2111 silly ADD node_modules/@types/d3-path
2112 silly ADD node_modules/@types/d3-interpolate
2113 silly ADD node_modules/@types/d3-ease
2114 silly ADD node_modules/@types/d3-color
2115 silly ADD node_modules/@types/d3-array
2116 silly ADD node_modules/@types/babel__traverse
2117 silly ADD node_modules/@types/babel__template
2118 silly ADD node_modules/@types/babel__generator
2119 silly ADD node_modules/@types/babel__core
2120 silly ADD node_modules/@tanstack/virtual-file-routes
2121 silly ADD node_modules/@tanstack/store
2122 silly ADD node_modules/@tanstack/start-storage-context
2123 silly ADD node_modules/@tanstack/start-server-core
2124 silly ADD node_modules/@tanstack/start-plugin-core
2125 silly ADD node_modules/@tanstack/start-plugin-core/node_modules/@babel/code-frame
2126 silly ADD node_modules/@tanstack/start-fn-stubs
2127 silly ADD node_modules/@tanstack/start-client-core
2128 silly ADD node_modules/@tanstack/router-utils
2129 silly ADD node_modules/@tanstack/router-plugin
2130 silly ADD node_modules/@tanstack/router-generator
2131 silly ADD node_modules/@tanstack/router-core
2132 silly ADD node_modules/@tanstack/react-store
2133 silly ADD node_modules/@tanstack/react-start-server
2134 silly ADD node_modules/@tanstack/react-start-rsc
2135 silly ADD node_modules/@tanstack/react-start-client
2136 silly ADD node_modules/@tanstack/react-start
2137 silly ADD node_modules/@tanstack/react-router
2138 silly ADD node_modules/@tanstack/react-query
2139 silly ADD node_modules/@tanstack/query-core
2140 silly ADD node_modules/@tanstack/history
2141 silly ADD node_modules/@tailwindcss/vite
2142 silly ADD node_modules/@tailwindcss/oxide-android-arm64
2143 silly ADD node_modules/@tailwindcss/oxide
2144 silly ADD node_modules/@tailwindcss/node
2145 silly ADD node_modules/@tabby_ai/hijri-converter
2146 silly ADD node_modules/@standard-schema/utils
2147 silly ADD node_modules/@speed-highlight/core
2148 silly ADD node_modules/@sindresorhus/is
2149 silly ADD node_modules/@rolldown/pluginutils
2150 silly ADD node_modules/@radix-ui/rect
2151 silly ADD node_modules/@radix-ui/react-visually-hidden
2152 silly ADD node_modules/@radix-ui/react-use-size
2153 silly ADD node_modules/@radix-ui/react-use-rect
2154 silly ADD node_modules/@radix-ui/react-use-previous
2155 silly ADD node_modules/@radix-ui/react-use-layout-effect
2156 silly ADD node_modules/@radix-ui/react-use-is-hydrated
2157 silly ADD node_modules/@radix-ui/react-use-escape-keydown
2158 silly ADD node_modules/@radix-ui/react-use-effect-event
2159 silly ADD node_modules/@radix-ui/react-use-controllable-state
2160 silly ADD node_modules/@radix-ui/react-use-callback-ref
2161 silly ADD node_modules/@radix-ui/react-tooltip
2162 silly ADD node_modules/@radix-ui/react-tooltip/node_modules/@radix-ui/react-slot
2163 silly ADD node_modules/@radix-ui/react-toggle-group
2164 silly ADD node_modules/@radix-ui/react-toggle
2165 silly ADD node_modules/@radix-ui/react-tabs
2166 silly ADD node_modules/@radix-ui/react-switch
2167 silly ADD node_modules/@radix-ui/react-slot
2168 silly ADD node_modules/@radix-ui/react-slider
2169 silly ADD node_modules/@radix-ui/react-separator
2170 silly ADD node_modules/@radix-ui/react-separator/node_modules/@radix-ui/react-primitive
2171 silly ADD node_modules/@radix-ui/react-select
2172 silly ADD node_modules/@radix-ui/react-select/node_modules/@radix-ui/react-slot
2173 silly ADD node_modules/@radix-ui/react-scroll-area
2174 silly ADD node_modules/@radix-ui/react-roving-focus
2175 silly ADD node_modules/@radix-ui/react-radio-group
2176 silly ADD node_modules/@radix-ui/react-progress
2177 silly ADD node_modules/@radix-ui/react-progress/node_modules/@radix-ui/react-primitive
2178 silly ADD node_modules/@radix-ui/react-progress/node_modules/@radix-ui/react-context
2179 silly ADD node_modules/@radix-ui/react-primitive
2180 silly ADD node_modules/@radix-ui/react-primitive/node_modules/@radix-ui/react-slot
2181 silly ADD node_modules/@radix-ui/react-presence
2182 silly ADD node_modules/@radix-ui/react-portal
2183 silly ADD node_modules/@radix-ui/react-popper
2184 silly ADD node_modules/@radix-ui/react-popover
2185 silly ADD node_modules/@radix-ui/react-popover/node_modules/@radix-ui/react-slot
2186 silly ADD node_modules/@radix-ui/react-navigation-menu
2187 silly ADD node_modules/@radix-ui/react-menubar
2188 silly ADD node_modules/@radix-ui/react-menu
2189 silly ADD node_modules/@radix-ui/react-menu/node_modules/@radix-ui/react-slot
2190 silly ADD node_modules/@radix-ui/react-label
2191 silly ADD node_modules/@radix-ui/react-label/node_modules/@radix-ui/react-primitive
2192 silly ADD node_modules/@radix-ui/react-id
2193 silly ADD node_modules/@radix-ui/react-hover-card
2194 silly ADD node_modules/@radix-ui/react-focus-scope
2195 silly ADD node_modules/@radix-ui/react-focus-guards
2196 silly ADD node_modules/@radix-ui/react-dropdown-menu
2197 silly ADD node_modules/@radix-ui/react-dismissable-layer
2198 silly ADD node_modules/@radix-ui/react-direction
2199 silly ADD node_modules/@radix-ui/react-dialog
2200 silly ADD node_modules/@radix-ui/react-dialog/node_modules/@radix-ui/react-slot
2201 silly ADD node_modules/@radix-ui/react-context-menu
2202 silly ADD node_modules/@radix-ui/react-context
2203 silly ADD node_modules/@radix-ui/react-compose-refs
2204 silly ADD node_modules/@radix-ui/react-collection
2205 silly ADD node_modules/@radix-ui/react-collection/node_modules/@radix-ui/react-slot
2206 silly ADD node_modules/@radix-ui/react-collapsible
2207 silly ADD node_modules/@radix-ui/react-checkbox
2208 silly ADD node_modules/@radix-ui/react-avatar
2209 silly ADD node_modules/@radix-ui/react-avatar/node_modules/@radix-ui/react-primitive
2210 silly ADD node_modules/@radix-ui/react-avatar/node_modules/@radix-ui/react-context
2211 silly ADD node_modules/@radix-ui/react-aspect-ratio
2212 silly ADD node_modules/@radix-ui/react-aspect-ratio/node_modules/@radix-ui/react-primitive
2213 silly ADD node_modules/@radix-ui/react-arrow
2214 silly ADD node_modules/@radix-ui/react-alert-dialog
2215 silly ADD node_modules/@radix-ui/react-alert-dialog/node_modules/@radix-ui/react-slot
2216 silly ADD node_modules/@radix-ui/react-accordion
2217 silly ADD node_modules/@radix-ui/primitive
2218 silly ADD node_modules/@radix-ui/number
2219 silly ADD node_modules/@poppinss/exception
2220 silly ADD node_modules/@poppinss/dumper
2221 silly ADD node_modules/@poppinss/dumper/node_modules/supports-color
2222 silly ADD node_modules/@poppinss/colors
2223 silly ADD node_modules/@pkgr/core
2224 silly ADD node_modules/@oozcitak/util
2225 silly ADD node_modules/@oozcitak/url
2226 silly ADD node_modules/@oozcitak/infra
2227 silly ADD node_modules/@oozcitak/dom
2228 silly ADD node_modules/@jridgewell/trace-mapping
2229 silly ADD node_modules/@jridgewell/sourcemap-codec
2230 silly ADD node_modules/@jridgewell/resolve-uri
2231 silly ADD node_modules/@jridgewell/remapping
2232 silly ADD node_modules/@jridgewell/gen-mapping
2233 silly ADD node_modules/@img/colour
2234 silly ADD node_modules/@humanwhocodes/retry
2235 silly ADD node_modules/@humanwhocodes/module-importer
2236 silly ADD node_modules/@humanfs/node
2237 silly ADD node_modules/@humanfs/core
2238 silly ADD node_modules/@hookform/resolvers
2239 silly ADD node_modules/@floating-ui/utils
2240 silly ADD node_modules/@floating-ui/react-dom
2241 silly ADD node_modules/@floating-ui/dom
2242 silly ADD node_modules/@floating-ui/core
2243 silly ADD node_modules/@eslint/plugin-kit
2244 silly ADD node_modules/@eslint/object-schema
2245 silly ADD node_modules/@eslint/js
2246 silly ADD node_modules/@eslint/eslintrc
2247 silly ADD node_modules/@eslint/eslintrc/node_modules/globals
2248 silly ADD node_modules/@eslint/core
2249 silly ADD node_modules/@eslint/config-helpers
2250 silly ADD node_modules/@eslint/config-array
2251 silly ADD node_modules/@eslint-community/regexpp
2252 silly ADD node_modules/@eslint-community/eslint-utils
2253 silly ADD node_modules/@eslint-community/eslint-utils/node_modules/eslint-visitor-keys
2254 silly ADD node_modules/@date-fns/tz
2255 silly ADD node_modules/@cspotcode/source-map-support
2256 silly ADD node_modules/@cspotcode/source-map-support/node_modules/@jridgewell/trace-mapping
2257 silly ADD node_modules/@cloudflare/vite-plugin
2258 silly ADD node_modules/@cloudflare/unenv-preset
2259 silly ADD node_modules/@cloudflare/kv-asset-handler
2260 silly ADD node_modules/@babel/types
2261 silly ADD node_modules/@babel/traverse
2262 silly ADD node_modules/@babel/template
2263 silly ADD node_modules/@babel/runtime
2264 silly ADD node_modules/@babel/plugin-transform-react-jsx-source
2265 silly ADD node_modules/@babel/plugin-transform-react-jsx-self
2266 silly ADD node_modules/@babel/plugin-syntax-typescript
2267 silly ADD node_modules/@babel/plugin-syntax-jsx
2268 silly ADD node_modules/@babel/parser
2269 silly ADD node_modules/@babel/helpers
2270 silly ADD node_modules/@babel/helper-validator-option
2271 silly ADD node_modules/@babel/helper-validator-identifier
2272 silly ADD node_modules/@babel/helper-string-parser
2273 silly ADD node_modules/@babel/helper-plugin-utils
2274 silly ADD node_modules/@babel/helper-module-transforms
2275 silly ADD node_modules/@babel/helper-module-imports
2276 silly ADD node_modules/@babel/helper-globals
2277 silly ADD node_modules/@babel/helper-compilation-targets
2278 silly ADD node_modules/@babel/generator
2279 silly ADD node_modules/@babel/core
2280 silly ADD node_modules/@babel/compat-data
2281 silly ADD node_modules/@babel/code-frame
2282 verbose cwd /data/data/com.termux/files/home/markzinmaanow-main
2283 verbose os Linux 6.1.128-android14-11-32532371-abX218USQSCEZF3
2284 verbose node v26.4.0
2285 verbose npm  v11.18.0
2286 verbose exit 0
2287 info ok
