0 verbose cli /data/data/com.termux/files/usr/bin/node /data/data/com.termux/files/usr/bin/npm
1 info using npm@11.18.0
2 info using node@v26.4.0
3 silly config load:file:/data/data/com.termux/files/usr/lib/node_modules/npm/npmrc
4 silly config load:file:/storage/emulated/0/Download/markzinmaanow-main/.npmrc
5 silly config load:file:/data/data/com.termux/files/home/.npmrc
6 silly config load:file:/data/data/com.termux/files/usr/etc/npmrc
7 verbose title npm install
8 verbose argv "install"
9 verbose logfile logs-max:10 dir:/data/data/com.termux/files/home/.npm/_logs/2026-07-27T19_47_39_694Z-
10 verbose logfile /data/data/com.termux/files/home/.npm/_logs/2026-07-27T19_47_39_694Z-debug-0.log
11 silly logfile done cleaning log files
12 silly packumentCache heap:996409344 maxSize:249102336 maxEntrySize:124551168
13 silly idealTree buildDeps
14 silly fetch manifest @supabase/supabase-js@^2.105.0
15 silly packumentCache full:https://registry.npmjs.org/@supabase%2fsupabase-js cache-miss
16 http fetch GET 200 https://registry.npmjs.org/npm 3391ms
17 http fetch GET 200 https://registry.npmjs.org/@supabase%2fsupabase-js 2712ms (cache miss)
18 silly packumentCache full:https://registry.npmjs.org/@supabase%2fsupabase-js set size:undefined disposed:false
19 silly fetch manifest nitro@3.0.260603-beta
20 silly packumentCache full:https://registry.npmjs.org/nitro cache-miss
21 http fetch GET 200 https://registry.npmjs.org/nitro 4515ms (cache miss)
22 silly packumentCache full:https://registry.npmjs.org/nitro set size:undefined disposed:false
23 silly fetch manifest @vercel/queue@^0.2.0
24 silly packumentCache full:https://registry.npmjs.org/@vercel%2fqueue cache-miss
25 http fetch GET 200 https://registry.npmjs.org/@vercel%2fqueue 596ms (cache miss)
26 silly packumentCache full:https://registry.npmjs.org/@vercel%2fqueue set size:undefined disposed:false
27 silly fetch manifest dotenv@*
28 silly packumentCache full:https://registry.npmjs.org/dotenv cache-miss
29 http fetch GET 200 https://registry.npmjs.org/dotenv 619ms (cache miss)
30 silly packumentCache full:https://registry.npmjs.org/dotenv set size:undefined disposed:false
31 silly fetch manifest giget@*
32 silly packumentCache full:https://registry.npmjs.org/giget cache-miss
33 http fetch GET 200 https://registry.npmjs.org/giget 4017ms (cache miss)
34 silly packumentCache full:https://registry.npmjs.org/giget set size:undefined disposed:false
35 silly fetch manifest jiti@^2.7.0
36 silly packumentCache full:https://registry.npmjs.org/jiti cache-miss
37 http fetch GET 200 https://registry.npmjs.org/jiti 612ms (cache miss)
38 silly packumentCache full:https://registry.npmjs.org/jiti set size:undefined disposed:false
39 silly fetch manifest rollup@^4.60.4
40 silly packumentCache full:https://registry.npmjs.org/rollup cache-miss
41 http fetch GET 200 https://registry.npmjs.org/rollup 11859ms (cache miss)
42 silly packumentCache full:https://registry.npmjs.org/rollup set size:undefined disposed:false
43 silly fetch manifest vite@^7.3.1
44 silly packumentCache full:https://registry.npmjs.org/vite cache-miss
45 http fetch GET 200 https://registry.npmjs.org/vite 25637ms (cache miss)
46 silly packumentCache full:https://registry.npmjs.org/vite set size:undefined disposed:false
47 silly fetch manifest @types/node@^22.16.5
48 silly packumentCache full:https://registry.npmjs.org/@types%2fnode cache-miss
49 http fetch GET 200 https://registry.npmjs.org/@types%2fnode 31797ms (cache miss)
50 silly packumentCache full:https://registry.npmjs.org/@types%2fnode set size:undefined disposed:false
51 silly fetch manifest less@^4.0.0
52 silly packumentCache full:https://registry.npmjs.org/less cache-miss
53 http fetch GET 200 https://registry.npmjs.org/less 1062ms (cache miss)
54 silly packumentCache full:https://registry.npmjs.org/less set size:undefined disposed:false
55 silly fetch manifest lightningcss@^1.21.0
56 silly packumentCache full:https://registry.npmjs.org/lightningcss cache-miss
57 http fetch GET 200 https://registry.npmjs.org/lightningcss 1144ms (cache miss)
58 silly packumentCache full:https://registry.npmjs.org/lightningcss set size:undefined disposed:false
59 silly fetch manifest sass@^1.70.0
60 silly packumentCache full:https://registry.npmjs.org/sass cache-miss
61 http fetch GET 200 https://registry.npmjs.org/sass 2088ms (cache miss)
62 silly packumentCache full:https://registry.npmjs.org/sass set size:undefined disposed:false
63 silly fetch manifest sass-embedded@^1.70.0
64 silly packumentCache full:https://registry.npmjs.org/sass-embedded cache-miss
65 http fetch GET 200 https://registry.npmjs.org/sass-embedded 2142ms (cache miss)
66 silly packumentCache full:https://registry.npmjs.org/sass-embedded set size:undefined disposed:false
67 silly fetch manifest stylus@>=0.54.8
68 silly packumentCache full:https://registry.npmjs.org/stylus cache-miss
69 http fetch GET 200 https://registry.npmjs.org/stylus 778ms (cache miss)
70 silly packumentCache full:https://registry.npmjs.org/stylus set size:undefined disposed:false
71 silly fetch manifest sugarss@^5.0.0
72 silly packumentCache full:https://registry.npmjs.org/sugarss cache-miss
73 http fetch GET 200 https://registry.npmjs.org/sugarss 629ms (cache miss)
74 silly packumentCache full:https://registry.npmjs.org/sugarss set size:undefined disposed:false
75 silly fetch manifest postcss@^8.3.3
76 silly packumentCache full:https://registry.npmjs.org/postcss cache-miss
77 http fetch GET 200 https://registry.npmjs.org/postcss 1457ms (cache miss)
78 silly packumentCache full:https://registry.npmjs.org/postcss set size:undefined disposed:false
79 silly fetch manifest terser@^5.16.0
80 silly packumentCache full:https://registry.npmjs.org/terser cache-miss
81 http fetch GET 200 https://registry.npmjs.org/terser 7203ms (cache miss)
82 silly packumentCache full:https://registry.npmjs.org/terser set size:undefined disposed:false
83 silly fetch manifest tsx@^4.8.1
84 silly packumentCache full:https://registry.npmjs.org/tsx cache-miss
85 http fetch GET 200 https://registry.npmjs.org/tsx 1163ms (cache miss)
86 silly packumentCache full:https://registry.npmjs.org/tsx set size:undefined disposed:false
87 silly fetch manifest yaml@^2.4.2
88 silly packumentCache full:https://registry.npmjs.org/yaml cache-miss
89 http fetch GET 200 https://registry.npmjs.org/yaml 3165ms (cache miss)
90 silly packumentCache full:https://registry.npmjs.org/yaml set size:undefined disposed:false
91 silly fetch manifest xml2js@^0.6.2
92 silly packumentCache full:https://registry.npmjs.org/xml2js cache-miss
93 http fetch GET 200 https://registry.npmjs.org/xml2js 514ms (cache miss)
94 silly packumentCache full:https://registry.npmjs.org/xml2js set size:undefined disposed:false
95 silly fetch manifest zephyr-agent@^0.2.0
96 silly packumentCache full:https://registry.npmjs.org/zephyr-agent cache-miss
97 http fetch GET 200 https://registry.npmjs.org/zephyr-agent 2896ms (cache miss)
98 silly packumentCache full:https://registry.npmjs.org/zephyr-agent set size:undefined disposed:false
99 silly fetch manifest https-proxy-agent@^7.0.6
100 silly packumentCache full:https://registry.npmjs.org/https-proxy-agent cache-miss
101 http fetch GET 200 https://registry.npmjs.org/https-proxy-agent 365ms (cache miss)
102 silly packumentCache full:https://registry.npmjs.org/https-proxy-agent set size:undefined disposed:false
103 silly fetch manifest xlsx@^0.18.5
104 silly packumentCache full:https://registry.npmjs.org/xlsx cache-miss
105 http fetch GET 200 https://registry.npmjs.org/xlsx 2402ms (cache miss)
106 silly packumentCache full:https://registry.npmjs.org/xlsx set size:undefined disposed:false
107 silly fetch manifest @lovable.dev/vite-tanstack-config@2.7.7
108 silly packumentCache full:https://registry.npmjs.org/@lovable.dev%2fvite-tanstack-config cache-miss
109 http fetch GET 200 https://registry.npmjs.org/@lovable.dev%2fvite-tanstack-config 969ms (cache miss)
110 silly packumentCache full:https://registry.npmjs.org/@lovable.dev%2fvite-tanstack-config set size:undefined disposed:false
111 silly fetch manifest @tailwindcss/vite@^4.2.1
112 silly packumentCache full:https://registry.npmjs.org/@tailwindcss%2fvite cache-miss
113 http fetch GET 200 https://registry.npmjs.org/@tailwindcss%2fvite 5332ms (cache miss)
114 silly packumentCache full:https://registry.npmjs.org/@tailwindcss%2fvite set size:undefined disposed:false
115 silly fetch manifest jiti@>=1.21.0
116 silly packumentCache full:https://registry.npmjs.org/jiti cache-miss
117 http cache https://registry.npmjs.org/jiti 60ms (cache hit)
118 silly packumentCache full:https://registry.npmjs.org/jiti set size:387989 disposed:false
119 silly fetch manifest @tanstack/react-start@^1.167.14
120 silly packumentCache full:https://registry.npmjs.org/@tanstack%2freact-start cache-miss
121 http fetch GET 200 https://registry.npmjs.org/@tanstack%2freact-start 3422ms (cache miss)
122 silly packumentCache full:https://registry.npmjs.org/@tanstack%2freact-start set size:undefined disposed:false
123 silly fetch manifest @rsbuild/core@^2.0.0
124 silly packumentCache full:https://registry.npmjs.org/@rsbuild%2fcore cache-miss
125 http fetch GET 200 https://registry.npmjs.org/@rsbuild%2fcore 3133ms (cache miss)
126 silly packumentCache full:https://registry.npmjs.org/@rsbuild%2fcore set size:undefined disposed:false
127 silly fetch manifest core-js@>= 3.0.0
128 silly packumentCache full:https://registry.npmjs.org/core-js cache-miss
129 http fetch GET 200 https://registry.npmjs.org/core-js 2792ms (cache miss)
130 silly packumentCache full:https://registry.npmjs.org/core-js set size:undefined disposed:false
131 silly fetch manifest react@^19.2.0
132 silly packumentCache full:https://registry.npmjs.org/react cache-miss
133 http fetch GET 200 https://registry.npmjs.org/react 21204ms (cache miss)
134 silly packumentCache full:https://registry.npmjs.org/react set size:undefined disposed:false
135 silly fetch manifest react-dom@^19.2.0
136 silly packumentCache full:https://registry.npmjs.org/react-dom cache-miss
137 http fetch GET 200 https://registry.npmjs.org/react-dom 14615ms (cache miss)
138 silly packumentCache full:https://registry.npmjs.org/react-dom set size:undefined disposed:false
139 silly fetch manifest @vitejs/plugin-react@^5.0.4
140 silly packumentCache full:https://registry.npmjs.org/@vitejs%2fplugin-react cache-miss
141 http fetch GET 200 https://registry.npmjs.org/@vitejs%2fplugin-react 1177ms (cache miss)
142 silly packumentCache full:https://registry.npmjs.org/@vitejs%2fplugin-react set size:undefined disposed:false
143 silly fetch manifest vite-tsconfig-paths@^6.0.2
144 silly packumentCache full:https://registry.npmjs.org/vite-tsconfig-paths cache-miss
145 http fetch GET 200 https://registry.npmjs.org/vite-tsconfig-paths 1440ms (cache miss)
146 silly packumentCache full:https://registry.npmjs.org/vite-tsconfig-paths set size:undefined disposed:false
147 silly placeDep ROOT @lovable.dev/vite-tanstack-config@2.7.7 REPLACE for:  want: 2.7.7
148 silly placeDep ROOT @supabase/supabase-js@2.110.9 OK for:  want: ^2.105.0
149 silly placeDep ROOT nitro@3.0.260603-beta OK for:  want: 3.0.260603-beta
150 silly placeDep ROOT jiti@2.7.0 REPLACE for: nitro@3.0.260603-beta want: ^2.7.0
151 silly placeDep ROOT rollup@4.62.3 REPLACE for: nitro@3.0.260603-beta want: ^4.60.4
152 silly placeDep ROOT xlsx@0.18.5 OK for:  want: ^0.18.5
153 silly fetch manifest @lovable.dev/vite-plugin-dev-server-bridge@^1.2.1
154 silly packumentCache full:https://registry.npmjs.org/@lovable.dev%2fvite-plugin-dev-server-bridge cache-miss
155 silly fetch manifest @lovable.dev/vite-plugin-hmr-gate@^1.1.3
156 silly packumentCache full:https://registry.npmjs.org/@lovable.dev%2fvite-plugin-hmr-gate cache-miss
157 silly fetch manifest @tanstack/devtools-vite@^0.8.1
158 silly packumentCache full:https://registry.npmjs.org/@tanstack%2fdevtools-vite cache-miss
159 silly fetch manifest @supabase/auth-js@2.110.9
160 silly packumentCache full:https://registry.npmjs.org/@supabase%2fauth-js cache-miss
161 silly fetch manifest @supabase/storage-js@2.110.9
162 silly packumentCache full:https://registry.npmjs.org/@supabase%2fstorage-js cache-miss
163 silly fetch manifest @supabase/realtime-js@2.110.9
164 silly packumentCache full:https://registry.npmjs.org/@supabase%2frealtime-js cache-miss
165 silly fetch manifest @supabase/functions-js@2.110.9
166 silly packumentCache full:https://registry.npmjs.org/@supabase%2ffunctions-js cache-miss
167 http fetch GET 200 https://registry.npmjs.org/@lovable.dev%2fvite-plugin-hmr-gate 431ms (cache miss)
168 silly packumentCache full:https://registry.npmjs.org/@lovable.dev%2fvite-plugin-hmr-gate set size:undefined disposed:false
169 silly fetch manifest @supabase/postgrest-js@2.110.9
170 silly packumentCache full:https://registry.npmjs.org/@supabase%2fpostgrest-js cache-miss
171 http fetch GET 200 https://registry.npmjs.org/@lovable.dev%2fvite-plugin-dev-server-bridge 447ms (cache miss)
172 silly packumentCache full:https://registry.npmjs.org/@lovable.dev%2fvite-plugin-dev-server-bridge set size:undefined disposed:false
173 silly fetch manifest h3@^2.0.1-rc.22
174 silly packumentCache full:https://registry.npmjs.org/h3 cache-miss
175 http fetch GET 200 https://registry.npmjs.org/@supabase%2ffunctions-js 1254ms (cache miss)
176 silly packumentCache full:https://registry.npmjs.org/@supabase%2ffunctions-js set size:undefined disposed:false
177 silly fetch manifest db0@^0.3.4
178 silly packumentCache full:https://registry.npmjs.org/db0 cache-miss
179 http fetch GET 200 https://registry.npmjs.org/@supabase%2fauth-js 2076ms (cache miss)
180 silly packumentCache full:https://registry.npmjs.org/@supabase%2fauth-js set size:undefined disposed:false
181 silly fetch manifest nf3@^0.3.17
182 silly packumentCache full:https://registry.npmjs.org/nf3 cache-miss
183 http fetch GET 200 https://registry.npmjs.org/@tanstack%2fdevtools-vite 2179ms (cache miss)
184 silly packumentCache full:https://registry.npmjs.org/@tanstack%2fdevtools-vite set size:undefined disposed:false
185 silly fetch manifest srvx@^0.11.16
186 silly packumentCache full:https://registry.npmjs.org/srvx cache-miss
187 http fetch GET 200 https://registry.npmjs.org/@supabase%2frealtime-js 2293ms (cache miss)
188 silly packumentCache full:https://registry.npmjs.org/@supabase%2frealtime-js set size:undefined disposed:false
189 silly fetch manifest ohash@^2.0.11
190 silly packumentCache full:https://registry.npmjs.org/ohash cache-miss
191 http fetch GET 200 https://registry.npmjs.org/nf3 316ms (cache miss)
192 silly packumentCache full:https://registry.npmjs.org/nf3 set size:undefined disposed:false
193 silly fetch manifest ocache@^0.1.4
194 silly packumentCache full:https://registry.npmjs.org/ocache cache-miss
195 http fetch GET 200 https://registry.npmjs.org/srvx 531ms (cache miss)
196 silly packumentCache full:https://registry.npmjs.org/srvx set size:undefined disposed:false
197 silly fetch manifest ofetch@^2.0.0-alpha.3
198 silly packumentCache full:https://registry.npmjs.org/ofetch cache-miss
199 http fetch GET 200 https://registry.npmjs.org/ocache 322ms (cache miss)
200 silly packumentCache full:https://registry.npmjs.org/ocache set size:undefined disposed:false
201 silly fetch manifest consola@^3.4.2
202 silly packumentCache full:https://registry.npmjs.org/consola cache-miss
203 http fetch GET 200 https://registry.npmjs.org/ohash 523ms (cache miss)
204 silly packumentCache full:https://registry.npmjs.org/ohash set size:undefined disposed:false
205 silly fetch manifest crossws@^0.4.5
206 silly packumentCache full:https://registry.npmjs.org/crossws cache-miss
207 http fetch GET 200 https://registry.npmjs.org/crossws 204ms (cache miss)
208 silly packumentCache full:https://registry.npmjs.org/crossws set size:undefined disposed:false
209 silly fetch manifest hookable@^6.1.1
210 silly packumentCache full:https://registry.npmjs.org/hookable cache-miss
211 http fetch GET 200 https://registry.npmjs.org/consola 514ms (cache miss)
212 silly packumentCache full:https://registry.npmjs.org/consola set size:undefined disposed:false
213 silly fetch manifest rolldown@^1.0.3
214 silly packumentCache full:https://registry.npmjs.org/rolldown cache-miss
215 http fetch GET 200 https://registry.npmjs.org/db0 2135ms (cache miss)
216 silly packumentCache full:https://registry.npmjs.org/db0 set size:undefined disposed:false
217 silly fetch manifest unstorage@^2.0.0-alpha.7
218 silly packumentCache full:https://registry.npmjs.org/unstorage cache-miss
219 http fetch GET 200 https://registry.npmjs.org/ofetch 725ms (cache miss)
220 silly packumentCache full:https://registry.npmjs.org/ofetch set size:undefined disposed:false
221 silly fetch manifest env-runner@^0.1.9
222 silly packumentCache full:https://registry.npmjs.org/env-runner cache-miss
223 http fetch GET 200 https://registry.npmjs.org/@supabase%2fstorage-js 3502ms (cache miss)
224 silly packumentCache full:https://registry.npmjs.org/@supabase%2fstorage-js set size:undefined disposed:false
225 silly fetch manifest @types/estree@1.0.9
226 silly packumentCache full:https://registry.npmjs.org/@types%2festree cache-miss
227 http fetch GET 200 https://registry.npmjs.org/h3 3142ms (cache miss)
228 silly packumentCache full:https://registry.npmjs.org/h3 set size:undefined disposed:false
229 silly fetch manifest @rollup/rollup-darwin-x64@4.62.3
230 silly packumentCache full:https://registry.npmjs.org/@rollup%2frollup-darwin-x64 cache-miss
231 http fetch GET 200 https://registry.npmjs.org/hookable 796ms (cache miss)
232 silly packumentCache full:https://registry.npmjs.org/hookable set size:undefined disposed:false
233 silly fetch manifest @rollup/rollup-freebsd-x64@4.62.3
234 silly packumentCache full:https://registry.npmjs.org/@rollup%2frollup-freebsd-x64 cache-miss
235 http fetch GET 200 https://registry.npmjs.org/@types%2festree 1263ms (cache miss)
236 silly packumentCache full:https://registry.npmjs.org/@types%2festree set size:undefined disposed:false
237 silly fetch manifest @rollup/rollup-openbsd-x64@4.62.3
238 silly packumentCache full:https://registry.npmjs.org/@rollup%2frollup-openbsd-x64 cache-miss
239 http fetch GET 200 https://registry.npmjs.org/unstorage 1376ms (cache miss)
240 silly packumentCache full:https://registry.npmjs.org/unstorage set size:undefined disposed:false
241 silly fetch manifest @rollup/rollup-darwin-arm64@4.62.3
242 silly packumentCache full:https://registry.npmjs.org/@rollup%2frollup-darwin-arm64 cache-miss
243 http fetch GET 200 https://registry.npmjs.org/@supabase%2fpostgrest-js 4442ms (cache miss)
244 silly packumentCache full:https://registry.npmjs.org/@supabase%2fpostgrest-js set size:undefined disposed:false
245 silly fetch manifest @rollup/rollup-android-arm64@4.62.3
246 silly packumentCache full:https://registry.npmjs.org/@rollup%2frollup-android-arm64 cache-miss
247 http fetch GET 200 https://registry.npmjs.org/@rollup%2frollup-openbsd-x64 330ms (cache miss)
248 silly packumentCache full:https://registry.npmjs.org/@rollup%2frollup-openbsd-x64 set size:undefined disposed:false
249 silly fetch manifest @rollup/rollup-freebsd-arm64@4.62.3
250 silly packumentCache full:https://registry.npmjs.org/@rollup%2frollup-freebsd-arm64 cache-miss
251 http fetch GET 200 https://registry.npmjs.org/@rollup%2frollup-freebsd-x64 1423ms (cache miss)
252 silly packumentCache full:https://registry.npmjs.org/@rollup%2frollup-freebsd-x64 set size:undefined disposed:false
253 silly fetch manifest @rollup/rollup-linux-x64-gnu@4.62.3
254 silly packumentCache full:https://registry.npmjs.org/@rollup%2frollup-linux-x64-gnu cache-miss
255 http fetch GET 200 https://registry.npmjs.org/env-runner 1976ms (cache miss)
256 silly packumentCache full:https://registry.npmjs.org/env-runner set size:undefined disposed:false
257 silly fetch manifest @rollup/rollup-win32-x64-gnu@4.62.3
258 silly packumentCache full:https://registry.npmjs.org/@rollup%2frollup-win32-x64-gnu cache-miss
259 http fetch GET 200 https://registry.npmjs.org/@rollup%2frollup-freebsd-arm64 618ms (cache miss)
260 silly packumentCache full:https://registry.npmjs.org/@rollup%2frollup-freebsd-arm64 set size:undefined disposed:false
261 silly fetch manifest @rollup/rollup-linux-x64-musl@4.62.3
262 silly packumentCache full:https://registry.npmjs.org/@rollup%2frollup-linux-x64-musl cache-miss
263 http fetch GET 200 https://registry.npmjs.org/@rollup%2frollup-win32-x64-gnu 354ms (cache miss)
264 silly packumentCache full:https://registry.npmjs.org/@rollup%2frollup-win32-x64-gnu set size:undefined disposed:false
265 silly fetch manifest @rollup/rollup-win32-x64-msvc@4.62.3
266 silly packumentCache full:https://registry.npmjs.org/@rollup%2frollup-win32-x64-msvc cache-miss
267 http fetch GET 200 https://registry.npmjs.org/@rollup%2frollup-darwin-arm64 1353ms (cache miss)
268 silly packumentCache full:https://registry.npmjs.org/@rollup%2frollup-darwin-arm64 set size:undefined disposed:false
269 silly fetch manifest @rollup/rollup-linux-arm64-gnu@4.62.3
270 silly packumentCache full:https://registry.npmjs.org/@rollup%2frollup-linux-arm64-gnu cache-miss
271 http fetch GET 200 https://registry.npmjs.org/@rollup%2frollup-android-arm64 1455ms (cache miss)
272 silly packumentCache full:https://registry.npmjs.org/@rollup%2frollup-android-arm64 set size:undefined disposed:false
273 silly fetch manifest @rollup/rollup-linux-ppc64-gnu@4.62.3
274 silly packumentCache full:https://registry.npmjs.org/@rollup%2frollup-linux-ppc64-gnu cache-miss
275 http fetch GET 200 https://registry.npmjs.org/rolldown 3454ms (cache miss)
276 silly packumentCache full:https://registry.npmjs.org/rolldown set size:undefined disposed:false
277 silly fetch manifest @rollup/rollup-linux-s390x-gnu@4.62.3
278 silly packumentCache full:https://registry.npmjs.org/@rollup%2frollup-linux-s390x-gnu cache-miss
279 http fetch GET 200 https://registry.npmjs.org/@rollup%2frollup-linux-ppc64-gnu 506ms (cache miss)
280 silly packumentCache full:https://registry.npmjs.org/@rollup%2frollup-linux-ppc64-gnu set size:undefined disposed:false
281 silly fetch manifest @rollup/rollup-win32-ia32-msvc@4.62.3
282 silly packumentCache full:https://registry.npmjs.org/@rollup%2frollup-win32-ia32-msvc cache-miss
283 http fetch GET 200 https://registry.npmjs.org/@rollup%2frollup-win32-x64-msvc 1256ms (cache miss)
284 silly packumentCache full:https://registry.npmjs.org/@rollup%2frollup-win32-x64-msvc set size:undefined disposed:false
285 silly fetch manifest @rollup/rollup-android-arm-eabi@4.62.3
286 silly packumentCache full:https://registry.npmjs.org/@rollup%2frollup-android-arm-eabi cache-miss
287 http fetch GET 200 https://registry.npmjs.org/@rollup%2frollup-linux-x64-gnu 1915ms (cache miss)
288 silly packumentCache full:https://registry.npmjs.org/@rollup%2frollup-linux-x64-gnu set size:undefined disposed:false
289 silly fetch manifest @rollup/rollup-linux-arm64-musl@4.62.3
290 silly packumentCache full:https://registry.npmjs.org/@rollup%2frollup-linux-arm64-musl cache-miss
291 http fetch GET 200 https://registry.npmjs.org/@rollup%2frollup-linux-s390x-gnu 510ms (cache miss)
292 silly packumentCache full:https://registry.npmjs.org/@rollup%2frollup-linux-s390x-gnu set size:undefined disposed:false
293 silly fetch manifest @rollup/rollup-linux-ppc64-musl@4.62.3
294 silly packumentCache full:https://registry.npmjs.org/@rollup%2frollup-linux-ppc64-musl cache-miss
295 http fetch GET 200 https://registry.npmjs.org/@rollup%2frollup-linux-ppc64-musl 320ms (cache miss)
296 silly packumentCache full:https://registry.npmjs.org/@rollup%2frollup-linux-ppc64-musl set size:undefined disposed:false
297 silly fetch manifest @rollup/rollup-win32-arm64-msvc@4.62.3
298 silly packumentCache full:https://registry.npmjs.org/@rollup%2frollup-win32-arm64-msvc cache-miss
299 http fetch GET 200 https://registry.npmjs.org/@rollup%2frollup-darwin-x64 4241ms (cache miss)
300 silly packumentCache full:https://registry.npmjs.org/@rollup%2frollup-darwin-x64 set size:undefined disposed:false
301 silly fetch manifest @rollup/rollup-linux-loong64-gnu@4.62.3
302 silly packumentCache full:https://registry.npmjs.org/@rollup%2frollup-linux-loong64-gnu cache-miss
303 http fetch GET 200 https://registry.npmjs.org/@rollup%2frollup-android-arm-eabi 791ms (cache miss)
304 silly packumentCache full:https://registry.npmjs.org/@rollup%2frollup-android-arm-eabi set size:undefined disposed:false
305 silly fetch manifest @rollup/rollup-linux-riscv64-gnu@4.62.3
306 silly packumentCache full:https://registry.npmjs.org/@rollup%2frollup-linux-riscv64-gnu cache-miss
307 http fetch GET 200 https://registry.npmjs.org/@rollup%2frollup-linux-arm64-gnu 1742ms (cache miss)
308 silly packumentCache full:https://registry.npmjs.org/@rollup%2frollup-linux-arm64-gnu set size:undefined disposed:false
309 silly fetch manifest @rollup/rollup-openharmony-arm64@4.62.3
310 silly packumentCache full:https://registry.npmjs.org/@rollup%2frollup-openharmony-arm64 cache-miss
311 http fetch GET 200 https://registry.npmjs.org/@rollup%2frollup-win32-ia32-msvc 1281ms (cache miss)
312 silly packumentCache full:https://registry.npmjs.org/@rollup%2frollup-win32-ia32-msvc set size:undefined disposed:false
313 silly fetch manifest @rollup/rollup-linux-loong64-musl@4.62.3
314 silly packumentCache full:https://registry.npmjs.org/@rollup%2frollup-linux-loong64-musl cache-miss
315 http fetch GET 200 https://registry.npmjs.org/@rollup%2frollup-linux-loong64-gnu 518ms (cache miss)
316 silly packumentCache full:https://registry.npmjs.org/@rollup%2frollup-linux-loong64-gnu set size:undefined disposed:false
317 silly fetch manifest @rollup/rollup-linux-riscv64-musl@4.62.3
318 silly packumentCache full:https://registry.npmjs.org/@rollup%2frollup-linux-riscv64-musl cache-miss
319 http fetch GET 200 https://registry.npmjs.org/@rollup%2frollup-linux-arm64-musl 1142ms (cache miss)
320 silly packumentCache full:https://registry.npmjs.org/@rollup%2frollup-linux-arm64-musl set size:undefined disposed:false
321 silly fetch manifest @rollup/rollup-linux-arm-gnueabihf@4.62.3
322 silly packumentCache full:https://registry.npmjs.org/@rollup%2frollup-linux-arm-gnueabihf cache-miss
323 http fetch GET 200 https://registry.npmjs.org/@rollup%2frollup-linux-loong64-musl 357ms (cache miss)
324 silly packumentCache full:https://registry.npmjs.org/@rollup%2frollup-linux-loong64-musl set size:undefined disposed:false
325 silly fetch manifest @rollup/rollup-linux-arm-musleabihf@4.62.3
326 silly packumentCache full:https://registry.npmjs.org/@rollup%2frollup-linux-arm-musleabihf cache-miss
327 http fetch GET 200 https://registry.npmjs.org/@rollup%2frollup-win32-arm64-msvc 819ms (cache miss)
328 silly packumentCache full:https://registry.npmjs.org/@rollup%2frollup-win32-arm64-msvc set size:undefined disposed:false
329 silly fetch manifest cfb@~1.2.1
330 silly packumentCache full:https://registry.npmjs.org/cfb cache-miss
331 http fetch GET 200 https://registry.npmjs.org/@rollup%2frollup-linux-riscv64-gnu 781ms (cache miss)
332 silly packumentCache full:https://registry.npmjs.org/@rollup%2frollup-linux-riscv64-gnu set size:undefined disposed:false
333 silly fetch manifest ssf@~0.11.2
334 silly packumentCache full:https://registry.npmjs.org/ssf cache-miss
335 http fetch GET 200 https://registry.npmjs.org/@rollup%2frollup-linux-x64-musl 3087ms (cache miss)
336 silly packumentCache full:https://registry.npmjs.org/@rollup%2frollup-linux-x64-musl set size:undefined disposed:false
337 silly fetch manifest wmf@~1.0.1
338 silly packumentCache full:https://registry.npmjs.org/wmf cache-miss
339 http fetch GET 200 https://registry.npmjs.org/@rollup%2frollup-openharmony-arm64 892ms (cache miss)
340 silly packumentCache full:https://registry.npmjs.org/@rollup%2frollup-openharmony-arm64 set size:undefined disposed:false
341 silly fetch manifest word@~0.3.0
342 silly packumentCache full:https://registry.npmjs.org/word cache-miss
343 http fetch GET 200 https://registry.npmjs.org/cfb 553ms (cache miss)
344 silly packumentCache full:https://registry.npmjs.org/cfb set size:undefined disposed:false
345 silly fetch manifest crc-32@~1.2.1
346 silly packumentCache full:https://registry.npmjs.org/crc-32 cache-miss
347 http fetch GET 200 https://registry.npmjs.org/ssf 509ms (cache miss)
348 silly packumentCache full:https://registry.npmjs.org/ssf set size:undefined disposed:false
349 silly fetch manifest adler-32@~1.3.0
350 silly packumentCache full:https://registry.npmjs.org/adler-32 cache-miss
351 http fetch GET 200 https://registry.npmjs.org/word 478ms (cache miss)
352 silly packumentCache full:https://registry.npmjs.org/word set size:undefined disposed:false
353 silly fetch manifest codepage@~1.15.0
354 silly packumentCache full:https://registry.npmjs.org/codepage cache-miss
355 http fetch GET 200 https://registry.npmjs.org/crc-32 561ms (cache miss)
356 silly packumentCache full:https://registry.npmjs.org/crc-32 set size:undefined disposed:false
357 http fetch GET 200 https://registry.npmjs.org/@rollup%2frollup-linux-arm-gnueabihf 1264ms (cache miss)
358 silly packumentCache full:https://registry.npmjs.org/@rollup%2frollup-linux-arm-gnueabihf set size:undefined disposed:false
359 http fetch GET 200 https://registry.npmjs.org/@rollup%2frollup-linux-arm-musleabihf 1206ms (cache miss)
360 silly packumentCache full:https://registry.npmjs.org/@rollup%2frollup-linux-arm-musleabihf set size:undefined disposed:false
361 http fetch GET 200 https://registry.npmjs.org/@rollup%2frollup-linux-riscv64-musl 1423ms (cache miss)
362 silly packumentCache full:https://registry.npmjs.org/@rollup%2frollup-linux-riscv64-musl set size:undefined disposed:false
363 http fetch GET 200 https://registry.npmjs.org/adler-32 602ms (cache miss)
364 silly packumentCache full:https://registry.npmjs.org/adler-32 set size:undefined disposed:false
365 http fetch GET 200 https://registry.npmjs.org/codepage 552ms (cache miss)
366 silly packumentCache full:https://registry.npmjs.org/codepage set size:undefined disposed:false
367 http fetch GET 200 https://registry.npmjs.org/wmf 1283ms (cache miss)
368 silly packumentCache full:https://registry.npmjs.org/wmf set size:undefined disposed:false
369 silly fetch manifest vite@>=5.0.0 <9.0.0
370 silly packumentCache full:https://registry.npmjs.org/vite cache-miss
371 http cache https://registry.npmjs.org/vite 353ms (cache hit)
372 silly packumentCache full:https://registry.npmjs.org/vite set size:38911891 disposed:false
373 silly fetch manifest @types/node@^20.19.0 || >=22.12.0
374 silly packumentCache full:https://registry.npmjs.org/@types%2fnode cache-miss
375 http cache https://registry.npmjs.org/@types%2fnode 132ms (cache hit)
376 silly packumentCache full:https://registry.npmjs.org/@types%2fnode set size:11084776 disposed:false
377 silly fetch manifest @vitejs/devtools@^0.3.0
378 silly packumentCache full:https://registry.npmjs.org/@vitejs%2fdevtools cache-miss
379 http fetch GET 200 https://registry.npmjs.org/@vitejs%2fdevtools 881ms (cache miss)
380 silly packumentCache full:https://registry.npmjs.org/@vitejs%2fdevtools set size:undefined disposed:false
381 silly fetch manifest esbuild@^0.27.0 || ^0.28.0
382 silly packumentCache full:https://registry.npmjs.org/esbuild cache-miss
383 http fetch GET 200 https://registry.npmjs.org/esbuild 5875ms (cache miss)
384 silly packumentCache full:https://registry.npmjs.org/esbuild set size:undefined disposed:false
385 silly placeDep ROOT @lovable.dev/vite-plugin-dev-server-bridge@1.2.1 OK for: @lovable.dev/vite-tanstack-config@2.7.7 want: ^1.2.1
386 silly placeDep ROOT @lovable.dev/vite-plugin-hmr-gate@1.1.4 OK for: @lovable.dev/vite-tanstack-config@2.7.7 want: ^1.1.3
387 silly placeDep ROOT @tanstack/devtools-vite@0.8.3 OK for: @lovable.dev/vite-tanstack-config@2.7.7 want: ^0.8.1
388 silly fetch manifest chalk@^5.6.2
389 silly packumentCache full:https://registry.npmjs.org/chalk cache-miss
390 silly fetch manifest @tanstack/devtools-bundler-core@0.1.1
391 silly packumentCache full:https://registry.npmjs.org/@tanstack%2fdevtools-bundler-core cache-miss
392 silly fetch manifest @tanstack/devtools-client@0.0.8
393 silly packumentCache full:https://registry.npmjs.org/@tanstack%2fdevtools-client cache-miss
394 silly fetch manifest @tanstack/devtools-event-bus@0.4.2
395 silly packumentCache full:https://registry.npmjs.org/@tanstack%2fdevtools-event-bus cache-miss
396 http fetch GET 200 https://registry.npmjs.org/@tanstack%2fdevtools-event-bus 641ms (cache miss)
397 silly packumentCache full:https://registry.npmjs.org/@tanstack%2fdevtools-event-bus set size:undefined disposed:false
398 http fetch GET 200 https://registry.npmjs.org/@tanstack%2fdevtools-bundler-core 683ms (cache miss)
399 silly packumentCache full:https://registry.npmjs.org/@tanstack%2fdevtools-bundler-core set size:undefined disposed:false
400 http fetch GET 200 https://registry.npmjs.org/@tanstack%2fdevtools-client 723ms (cache miss)
401 silly packumentCache full:https://registry.npmjs.org/@tanstack%2fdevtools-client set size:undefined disposed:false
402 http fetch GET 200 https://registry.npmjs.org/chalk 931ms (cache miss)
403 silly packumentCache full:https://registry.npmjs.org/chalk set size:undefined disposed:false
404 silly placeDep ROOT @supabase/auth-js@2.110.9 OK for: @supabase/supabase-js@2.110.9 want: 2.110.9
405 silly placeDep ROOT @supabase/functions-js@2.110.9 OK for: @supabase/supabase-js@2.110.9 want: 2.110.9
406 silly placeDep ROOT @supabase/postgrest-js@2.110.9 OK for: @supabase/supabase-js@2.110.9 want: 2.110.9
407 silly placeDep ROOT @supabase/realtime-js@2.110.9 OK for: @supabase/supabase-js@2.110.9 want: 2.110.9
408 silly placeDep ROOT @supabase/storage-js@2.110.9 OK for: @supabase/supabase-js@2.110.9 want: 2.110.9
409 silly fetch manifest @supabase/phoenix@0.4.5
410 silly packumentCache full:https://registry.npmjs.org/@supabase%2fphoenix cache-miss
411 silly fetch manifest iceberg-js@^0.8.1
412 silly packumentCache full:https://registry.npmjs.org/iceberg-js cache-miss
413 http fetch GET 200 https://registry.npmjs.org/iceberg-js 233ms (cache miss)
414 silly packumentCache full:https://registry.npmjs.org/iceberg-js set size:undefined disposed:false
415 http fetch GET 200 https://registry.npmjs.org/@supabase%2fphoenix 361ms (cache miss)
416 silly packumentCache full:https://registry.npmjs.org/@supabase%2fphoenix set size:undefined disposed:false
417 silly placeDep ROOT @supabase/phoenix@0.4.5 OK for: @supabase/realtime-js@2.110.9 want: 0.4.5
418 silly placeDep ROOT iceberg-js@0.8.1 OK for: @supabase/storage-js@2.110.9 want: ^0.8.1
419 silly placeDep ROOT @tanstack/devtools-bundler-core@0.1.1 OK for: @tanstack/devtools-vite@0.8.3 want: 0.1.1
420 silly placeDep ROOT @tanstack/devtools-client@0.0.8 OK for: @tanstack/devtools-vite@0.8.3 want: 0.0.8
421 silly placeDep ROOT @tanstack/devtools-event-bus@0.4.2 OK for: @tanstack/devtools-vite@0.8.3 want: 0.4.2
422 silly placeDep node_modules/@tanstack/devtools-vite chalk@5.6.2 OK for: @tanstack/devtools-vite@0.8.3 want: ^5.6.2
423 silly fetch manifest launch-editor@^2.11.1
424 silly packumentCache full:https://registry.npmjs.org/launch-editor cache-miss
425 silly fetch manifest oxc-parser@^0.120.0
426 silly packumentCache full:https://registry.npmjs.org/oxc-parser cache-miss
427 silly fetch manifest @tanstack/devtools-event-client@^0.5.0
428 silly packumentCache full:https://registry.npmjs.org/@tanstack%2fdevtools-event-client cache-miss
429 silly fetch manifest ws@^8.18.3
430 silly packumentCache full:https://registry.npmjs.org/ws cache-miss
431 http fetch GET 200 https://registry.npmjs.org/launch-editor 365ms (cache miss)
432 silly packumentCache full:https://registry.npmjs.org/launch-editor set size:undefined disposed:false
433 http fetch GET 200 https://registry.npmjs.org/@tanstack%2fdevtools-event-client 537ms (cache miss)
434 silly packumentCache full:https://registry.npmjs.org/@tanstack%2fdevtools-event-client set size:undefined disposed:false
435 http fetch GET 200 https://registry.npmjs.org/oxc-parser 1419ms (cache miss)
436 silly packumentCache full:https://registry.npmjs.org/oxc-parser set size:undefined disposed:false
437 http fetch GET 200 https://registry.npmjs.org/ws 1580ms (cache miss)
438 silly packumentCache full:https://registry.npmjs.org/ws set size:undefined disposed:false
439 silly placeDep node_modules/@tanstack/devtools-bundler-core chalk@5.6.2 OK for: @tanstack/devtools-bundler-core@0.1.1 want: ^5.6.2
440 silly placeDep ROOT launch-editor@2.14.1 OK for: @tanstack/devtools-bundler-core@0.1.1 want: ^2.11.1
441 silly placeDep ROOT oxc-parser@0.120.0 OK for: @tanstack/devtools-bundler-core@0.1.1 want: ^0.120.0
442 silly fetch manifest shell-quote@^1.8.4
443 silly packumentCache full:https://registry.npmjs.org/shell-quote cache-miss
444 silly fetch manifest @oxc-project/types@^0.120.0
445 silly packumentCache full:https://registry.npmjs.org/@oxc-project%2ftypes cache-miss
446 silly fetch manifest @oxc-parser/binding-darwin-x64@0.120.0
447 silly packumentCache full:https://registry.npmjs.org/@oxc-parser%2fbinding-darwin-x64 cache-miss
448 silly fetch manifest @oxc-parser/binding-freebsd-x64@0.120.0
449 silly packumentCache full:https://registry.npmjs.org/@oxc-parser%2fbinding-freebsd-x64 cache-miss
450 silly fetch manifest @oxc-parser/binding-wasm32-wasi@0.120.0
451 silly packumentCache full:https://registry.npmjs.org/@oxc-parser%2fbinding-wasm32-wasi cache-miss
452 silly fetch manifest @oxc-parser/binding-darwin-arm64@0.120.0
453 silly packumentCache full:https://registry.npmjs.org/@oxc-parser%2fbinding-darwin-arm64 cache-miss
454 silly fetch manifest @oxc-parser/binding-android-arm64@0.120.0
455 silly packumentCache full:https://registry.npmjs.org/@oxc-parser%2fbinding-android-arm64 cache-miss
456 http fetch GET 200 https://registry.npmjs.org/@oxc-parser%2fbinding-wasm32-wasi 452ms (cache miss)
457 silly packumentCache full:https://registry.npmjs.org/@oxc-parser%2fbinding-wasm32-wasi set size:undefined disposed:false
458 silly fetch manifest @oxc-parser/binding-linux-x64-gnu@0.120.0
459 silly packumentCache full:https://registry.npmjs.org/@oxc-parser%2fbinding-linux-x64-gnu cache-miss
460 http fetch GET 200 https://registry.npmjs.org/@oxc-parser%2fbinding-android-arm64 542ms (cache miss)
461 silly packumentCache full:https://registry.npmjs.org/@oxc-parser%2fbinding-android-arm64 set size:undefined disposed:false
462 silly fetch manifest @oxc-parser/binding-linux-x64-musl@0.120.0
463 silly packumentCache full:https://registry.npmjs.org/@oxc-parser%2fbinding-linux-x64-musl cache-miss
464 http fetch GET 200 https://registry.npmjs.org/@oxc-parser%2fbinding-freebsd-x64 562ms (cache miss)
465 silly packumentCache full:https://registry.npmjs.org/@oxc-parser%2fbinding-freebsd-x64 set size:undefined disposed:false
466 silly fetch manifest @oxc-parser/binding-win32-x64-msvc@0.120.0
467 silly packumentCache full:https://registry.npmjs.org/@oxc-parser%2fbinding-win32-x64-msvc cache-miss
468 http fetch GET 200 https://registry.npmjs.org/@oxc-project%2ftypes 758ms (cache miss)
469 silly packumentCache full:https://registry.npmjs.org/@oxc-project%2ftypes set size:undefined disposed:false
470 silly fetch manifest @oxc-parser/binding-linux-arm64-gnu@0.120.0
471 silly packumentCache full:https://registry.npmjs.org/@oxc-parser%2fbinding-linux-arm64-gnu cache-miss
472 http fetch GET 200 https://registry.npmjs.org/@oxc-parser%2fbinding-darwin-arm64 875ms (cache miss)
473 silly packumentCache full:https://registry.npmjs.org/@oxc-parser%2fbinding-darwin-arm64 set size:undefined disposed:false
474 silly fetch manifest @oxc-parser/binding-linux-ppc64-gnu@0.120.0
475 silly packumentCache full:https://registry.npmjs.org/@oxc-parser%2fbinding-linux-ppc64-gnu cache-miss
476 http fetch GET 200 https://registry.npmjs.org/@oxc-parser%2fbinding-darwin-x64 1006ms (cache miss)
477 silly packumentCache full:https://registry.npmjs.org/@oxc-parser%2fbinding-darwin-x64 set size:undefined disposed:false
478 silly fetch manifest @oxc-parser/binding-linux-s390x-gnu@0.120.0
479 silly packumentCache full:https://registry.npmjs.org/@oxc-parser%2fbinding-linux-s390x-gnu cache-miss
480 http fetch GET 200 https://registry.npmjs.org/shell-quote 1036ms (cache miss)
481 silly packumentCache full:https://registry.npmjs.org/shell-quote set size:undefined disposed:false
482 silly fetch manifest @oxc-parser/binding-win32-ia32-msvc@0.120.0
483 silly packumentCache full:https://registry.npmjs.org/@oxc-parser%2fbinding-win32-ia32-msvc cache-miss
484 http fetch GET 200 https://registry.npmjs.org/@oxc-parser%2fbinding-linux-x64-gnu 607ms (cache miss)
485 silly packumentCache full:https://registry.npmjs.org/@oxc-parser%2fbinding-linux-x64-gnu set size:undefined disposed:false
486 silly fetch manifest @oxc-parser/binding-android-arm-eabi@0.120.0
487 silly packumentCache full:https://registry.npmjs.org/@oxc-parser%2fbinding-android-arm-eabi cache-miss
488 http fetch GET 200 https://registry.npmjs.org/@oxc-parser%2fbinding-linux-ppc64-gnu 430ms (cache miss)
489 silly packumentCache full:https://registry.npmjs.org/@oxc-parser%2fbinding-linux-ppc64-gnu set size:undefined disposed:false
490 silly fetch manifest @oxc-parser/binding-linux-arm64-musl@0.120.0
491 silly packumentCache full:https://registry.npmjs.org/@oxc-parser%2fbinding-linux-arm64-musl cache-miss
492 http fetch GET 200 https://registry.npmjs.org/@oxc-parser%2fbinding-linux-s390x-gnu 394ms (cache miss)
493 silly packumentCache full:https://registry.npmjs.org/@oxc-parser%2fbinding-linux-s390x-gnu set size:undefined disposed:false
494 silly fetch manifest @oxc-parser/binding-win32-arm64-msvc@0.120.0
495 silly packumentCache full:https://registry.npmjs.org/@oxc-parser%2fbinding-win32-arm64-msvc cache-miss
496 http fetch GET 200 https://registry.npmjs.org/@oxc-parser%2fbinding-android-arm-eabi 379ms (cache miss)
497 silly packumentCache full:https://registry.npmjs.org/@oxc-parser%2fbinding-android-arm-eabi set size:undefined disposed:false
498 silly fetch manifest @oxc-parser/binding-linux-riscv64-gnu@0.120.0
499 silly packumentCache full:https://registry.npmjs.org/@oxc-parser%2fbinding-linux-riscv64-gnu cache-miss
500 http fetch GET 200 https://registry.npmjs.org/@oxc-parser%2fbinding-linux-x64-musl 976ms (cache miss)
501 silly packumentCache full:https://registry.npmjs.org/@oxc-parser%2fbinding-linux-x64-musl set size:undefined disposed:false
502 silly fetch manifest @oxc-parser/binding-openharmony-arm64@0.120.0
503 silly packumentCache full:https://registry.npmjs.org/@oxc-parser%2fbinding-openharmony-arm64 cache-miss
504 http fetch GET 200 https://registry.npmjs.org/@oxc-parser%2fbinding-win32-x64-msvc 1073ms (cache miss)
505 silly packumentCache full:https://registry.npmjs.org/@oxc-parser%2fbinding-win32-x64-msvc set size:undefined disposed:false
506 silly fetch manifest @oxc-parser/binding-linux-riscv64-musl@0.120.0
507 silly packumentCache full:https://registry.npmjs.org/@oxc-parser%2fbinding-linux-riscv64-musl cache-miss
508 http fetch GET 200 https://registry.npmjs.org/@oxc-parser%2fbinding-win32-ia32-msvc 643ms (cache miss)
509 silly packumentCache full:https://registry.npmjs.org/@oxc-parser%2fbinding-win32-ia32-msvc set size:undefined disposed:false
510 silly fetch manifest @oxc-parser/binding-linux-arm-gnueabihf@0.120.0
511 silly packumentCache full:https://registry.npmjs.org/@oxc-parser%2fbinding-linux-arm-gnueabihf cache-miss
512 http fetch GET 200 https://registry.npmjs.org/@oxc-parser%2fbinding-openharmony-arm64 474ms (cache miss)
513 silly packumentCache full:https://registry.npmjs.org/@oxc-parser%2fbinding-openharmony-arm64 set size:undefined disposed:false
514 silly fetch manifest @oxc-parser/binding-linux-arm-musleabihf@0.120.0
515 silly packumentCache full:https://registry.npmjs.org/@oxc-parser%2fbinding-linux-arm-musleabihf cache-miss
516 http fetch GET 200 https://registry.npmjs.org/@oxc-parser%2fbinding-linux-arm64-gnu 1297ms (cache miss)
517 silly packumentCache full:https://registry.npmjs.org/@oxc-parser%2fbinding-linux-arm64-gnu set size:undefined disposed:false
518 http fetch GET 200 https://registry.npmjs.org/@oxc-parser%2fbinding-linux-riscv64-musl 456ms (cache miss)
519 silly packumentCache full:https://registry.npmjs.org/@oxc-parser%2fbinding-linux-riscv64-musl set size:undefined disposed:false
520 http fetch GET 200 https://registry.npmjs.org/@oxc-parser%2fbinding-win32-arm64-msvc 755ms (cache miss)
521 silly packumentCache full:https://registry.npmjs.org/@oxc-parser%2fbinding-win32-arm64-msvc set size:undefined disposed:false
522 http fetch GET 200 https://registry.npmjs.org/@oxc-parser%2fbinding-linux-riscv64-gnu 833ms (cache miss)
523 silly packumentCache full:https://registry.npmjs.org/@oxc-parser%2fbinding-linux-riscv64-gnu set size:undefined disposed:false
524 http fetch GET 200 https://registry.npmjs.org/@oxc-parser%2fbinding-linux-arm-gnueabihf 725ms (cache miss)
525 silly packumentCache full:https://registry.npmjs.org/@oxc-parser%2fbinding-linux-arm-gnueabihf set size:undefined disposed:false
526 http fetch GET 200 https://registry.npmjs.org/@oxc-parser%2fbinding-linux-arm-musleabihf 384ms (cache miss)
527 silly packumentCache full:https://registry.npmjs.org/@oxc-parser%2fbinding-linux-arm-musleabihf set size:undefined disposed:false
528 http fetch GET 200 https://registry.npmjs.org/@oxc-parser%2fbinding-linux-arm64-musl 1472ms (cache miss)
529 silly packumentCache full:https://registry.npmjs.org/@oxc-parser%2fbinding-linux-arm64-musl set size:undefined disposed:false
530 silly placeDep ROOT @tanstack/devtools-event-client@0.5.0 OK for: @tanstack/devtools-client@0.0.8 want: ^0.5.0
531 silly fetch manifest bufferutil@^4.0.1
532 silly packumentCache full:https://registry.npmjs.org/bufferutil cache-miss
533 http fetch GET 200 https://registry.npmjs.org/bufferutil 352ms (cache miss)
534 silly packumentCache full:https://registry.npmjs.org/bufferutil set size:undefined disposed:false
535 silly fetch manifest utf-8-validate@>=5.0.2
536 silly packumentCache full:https://registry.npmjs.org/utf-8-validate cache-miss
537 http fetch GET 200 https://registry.npmjs.org/utf-8-validate 979ms (cache miss)
538 silly packumentCache full:https://registry.npmjs.org/utf-8-validate set size:undefined disposed:false
539 silly placeDep node_modules/@tanstack/devtools-event-bus ws@8.21.1 OK for: @tanstack/devtools-event-bus@0.4.2 want: ^8.18.3
540 silly placeDep ROOT shell-quote@1.10.0 OK for: launch-editor@2.14.1 want: ^1.8.4
541 silly fetch manifest @electric-sql/pglite@*
542 silly packumentCache full:https://registry.npmjs.org/@electric-sql%2fpglite cache-miss
543 http fetch GET 200 https://registry.npmjs.org/@electric-sql%2fpglite 460ms (cache miss)
544 silly packumentCache full:https://registry.npmjs.org/@electric-sql%2fpglite set size:undefined disposed:false
545 silly fetch manifest @libsql/client@*
546 silly packumentCache full:https://registry.npmjs.org/@libsql%2fclient cache-miss
547 http fetch GET 200 https://registry.npmjs.org/@libsql%2fclient 729ms (cache miss)
548 silly packumentCache full:https://registry.npmjs.org/@libsql%2fclient set size:undefined disposed:false
549 silly fetch manifest better-sqlite3@*
550 silly packumentCache full:https://registry.npmjs.org/better-sqlite3 cache-miss
551 http fetch GET 200 https://registry.npmjs.org/better-sqlite3 1067ms (cache miss)
552 silly packumentCache full:https://registry.npmjs.org/better-sqlite3 set size:undefined disposed:false
553 silly fetch manifest drizzle-orm@*
554 silly packumentCache full:https://registry.npmjs.org/drizzle-orm cache-miss
555 http fetch GET 200 https://registry.npmjs.org/drizzle-orm 154671ms (cache miss)
556 silly packumentCache full:https://registry.npmjs.org/drizzle-orm set size:undefined disposed:false
557 silly fetch manifest @aws-sdk/client-rds-data@>=3
558 silly packumentCache full:https://registry.npmjs.org/@aws-sdk%2fclient-rds-data cache-miss
559 http fetch GET 200 https://registry.npmjs.org/@aws-sdk%2fclient-rds-data 4766ms (cache miss)
560 silly packumentCache full:https://registry.npmjs.org/@aws-sdk%2fclient-rds-data set size:undefined disposed:false
561 silly fetch manifest @cloudflare/workers-types@>=4
562 silly packumentCache full:https://registry.npmjs.org/@cloudflare%2fworkers-types cache-miss
563 http fetch GET 200 https://registry.npmjs.org/@cloudflare%2fworkers-types 1819ms (cache miss)
564 silly packumentCache full:https://registry.npmjs.org/@cloudflare%2fworkers-types set size:undefined disposed:false
565 silly fetch manifest @libsql/client-wasm@>=0.10.0
566 silly packumentCache full:https://registry.npmjs.org/@libsql%2fclient-wasm cache-miss
567 http fetch GET 200 https://registry.npmjs.org/@libsql%2fclient-wasm 502ms (cache miss)
568 silly packumentCache full:https://registry.npmjs.org/@libsql%2fclient-wasm set size:undefined disposed:false
569 silly fetch manifest @neondatabase/serverless@>=0.10.0
570 silly packumentCache full:https://registry.npmjs.org/@neondatabase%2fserverless cache-miss
571 http fetch GET 200 https://registry.npmjs.org/@neondatabase%2fserverless 831ms (cache miss)
572 silly packumentCache full:https://registry.npmjs.org/@neondatabase%2fserverless set size:undefined disposed:false
573 silly fetch manifest @op-engineering/op-sqlite@>=2
574 silly packumentCache full:https://registry.npmjs.org/@op-engineering%2fop-sqlite cache-miss
575 http fetch GET 200 https://registry.npmjs.org/@op-engineering%2fop-sqlite 794ms (cache miss)
576 silly packumentCache full:https://registry.npmjs.org/@op-engineering%2fop-sqlite set size:undefined disposed:false
577 silly fetch manifest @sqlite.org/sqlite-wasm@*
578 silly packumentCache full:https://registry.npmjs.org/@sqlite.org%2fsqlite-wasm cache-miss
579 http fetch GET 200 https://registry.npmjs.org/@sqlite.org%2fsqlite-wasm 1046ms (cache miss)
580 silly packumentCache full:https://registry.npmjs.org/@sqlite.org%2fsqlite-wasm set size:undefined disposed:false
581 silly fetch manifest react@*
582 silly packumentCache full:https://registry.npmjs.org/react cache-miss
583 http cache https://registry.npmjs.org/react 233ms (cache hit)
584 silly packumentCache full:https://registry.npmjs.org/react set size:6834859 disposed:false
585 silly fetch manifest react-native@*
586 silly packumentCache full:https://registry.npmjs.org/react-native cache-miss
587 http fetch GET 200 https://registry.npmjs.org/react-native 32077ms (cache miss)
588 silly packumentCache full:https://registry.npmjs.org/react-native set size:undefined disposed:false
589 silly fetch manifest @react-native/jest-preset@0.86.2
590 silly packumentCache full:https://registry.npmjs.org/@react-native%2fjest-preset cache-miss
591 http fetch GET 200 https://registry.npmjs.org/@react-native%2fjest-preset 609ms (cache miss)
592 silly packumentCache full:https://registry.npmjs.org/@react-native%2fjest-preset set size:undefined disposed:false
593 silly fetch manifest @types/react@^19.1.1
594 silly packumentCache full:https://registry.npmjs.org/@types%2freact cache-miss
595 http fetch GET 200 https://registry.npmjs.org/@types%2freact 4003ms (cache miss)
596 silly packumentCache full:https://registry.npmjs.org/@types%2freact set size:undefined disposed:false
597 silly fetch manifest @opentelemetry/api@^1.4.1
598 silly packumentCache full:https://registry.npmjs.org/@opentelemetry%2fapi cache-miss
599 http fetch GET 200 https://registry.npmjs.org/@opentelemetry%2fapi 1223ms (cache miss)
600 silly packumentCache full:https://registry.npmjs.org/@opentelemetry%2fapi set size:undefined disposed:false
601 silly fetch manifest @planetscale/database@>=1.13
602 silly packumentCache full:https://registry.npmjs.org/@planetscale%2fdatabase cache-miss
603 http fetch GET 200 https://registry.npmjs.org/@planetscale%2fdatabase 711ms (cache miss)
604 silly packumentCache full:https://registry.npmjs.org/@planetscale%2fdatabase set size:undefined disposed:false
605 silly fetch manifest @prisma/client@*
606 silly packumentCache full:https://registry.npmjs.org/@prisma%2fclient cache-miss
607 http fetch GET 200 https://registry.npmjs.org/@prisma%2fclient 120043ms (cache miss)
608 silly packumentCache full:https://registry.npmjs.org/@prisma%2fclient set size:undefined disposed:false
609 silly fetch manifest prisma@*
610 silly packumentCache full:https://registry.npmjs.org/prisma cache-miss
611 http fetch GET 200 https://registry.npmjs.org/prisma 296226ms (cache miss)
612 silly packumentCache full:https://registry.npmjs.org/prisma set size:undefined disposed:false
613 silly fetch manifest typescript@>=5.4.0
614 silly packumentCache full:https://registry.npmjs.org/typescript cache-miss
615 http fetch GET 200 https://registry.npmjs.org/typescript 82881ms (cache miss)
616 silly packumentCache full:https://registry.npmjs.org/typescript set size:undefined disposed:false
617 silly fetch manifest @tidbcloud/serverless@*
618 silly packumentCache full:https://registry.npmjs.org/@tidbcloud%2fserverless cache-miss
619 http fetch GET 200 https://registry.npmjs.org/@tidbcloud%2fserverless 1782ms (cache miss)
620 silly packumentCache full:https://registry.npmjs.org/@tidbcloud%2fserverless set size:undefined disposed:false
621 silly fetch manifest @types/better-sqlite3@*
622 silly packumentCache full:https://registry.npmjs.org/@types%2fbetter-sqlite3 cache-miss
623 http fetch GET 200 https://registry.npmjs.org/@types%2fbetter-sqlite3 2028ms (cache miss)
624 silly packumentCache full:https://registry.npmjs.org/@types%2fbetter-sqlite3 set size:undefined disposed:false
625 silly fetch manifest @types/pg@*
626 silly packumentCache full:https://registry.npmjs.org/@types%2fpg cache-miss
627 http fetch GET 200 https://registry.npmjs.org/@types%2fpg 10502ms (cache miss)
628 silly packumentCache full:https://registry.npmjs.org/@types%2fpg set size:undefined disposed:false
629 silly fetch manifest @types/sql.js@*
630 silly packumentCache full:https://registry.npmjs.org/@types%2fsql.js cache-miss
631 http fetch GET 200 https://registry.npmjs.org/@types%2fsql.js 962ms (cache miss)
632 silly packumentCache full:https://registry.npmjs.org/@types%2fsql.js set size:undefined disposed:false
633 silly fetch manifest @upstash/redis@>=1.34.7
634 silly packumentCache full:https://registry.npmjs.org/@upstash%2fredis cache-miss
635 http fetch GET 200 https://registry.npmjs.org/@upstash%2fredis 38965ms (cache miss)
636 silly packumentCache full:https://registry.npmjs.org/@upstash%2fredis set size:undefined disposed:false
637 silly fetch manifest @vercel/postgres@>=0.8.0
638 silly packumentCache full:https://registry.npmjs.org/@vercel%2fpostgres cache-miss
639 http fetch GET 200 https://registry.npmjs.org/@vercel%2fpostgres 1057ms (cache miss)
640 silly packumentCache full:https://registry.npmjs.org/@vercel%2fpostgres set size:undefined disposed:false
641 silly fetch manifest @xata.io/client@*
642 silly packumentCache full:https://registry.npmjs.org/@xata.io%2fclient cache-miss
643 http fetch GET 200 https://registry.npmjs.org/@xata.io%2fclient 142819ms (cache miss)
644 silly packumentCache full:https://registry.npmjs.org/@xata.io%2fclient set size:undefined disposed:false
645 silly fetch manifest bun-types@*
646 silly packumentCache full:https://registry.npmjs.org/bun-types cache-miss
647 http fetch GET 200 https://registry.npmjs.org/bun-types 6757ms (cache miss)
648 silly packumentCache full:https://registry.npmjs.org/bun-types set size:undefined disposed:false
649 silly fetch manifest expo-sqlite@>=14.0.0
650 silly packumentCache full:https://registry.npmjs.org/expo-sqlite cache-miss
651 http fetch GET 200 https://registry.npmjs.org/expo-sqlite 2458ms (cache miss)
652 silly packumentCache full:https://registry.npmjs.org/expo-sqlite set size:undefined disposed:false
653 silly fetch manifest expo@*
654 silly packumentCache full:https://registry.npmjs.org/expo cache-miss
655 http fetch GET 200 https://registry.npmjs.org/expo 7955ms (cache miss)
656 silly packumentCache full:https://registry.npmjs.org/expo set size:undefined disposed:false
657 silly fetch manifest @expo/metro-runtime@*
658 silly packumentCache full:https://registry.npmjs.org/@expo%2fmetro-runtime cache-miss
659 http fetch GET 200 https://registry.npmjs.org/@expo%2fmetro-runtime 1583ms (cache miss)
660 silly packumentCache full:https://registry.npmjs.org/@expo%2fmetro-runtime set size:undefined disposed:false
661 silly fetch manifest react-dom@*
662 silly packumentCache full:https://registry.npmjs.org/react-dom cache-miss
663 http fetch GET 200 https://registry.npmjs.org/react-dom 361ms (cache revalidated)
664 silly packumentCache full:https://registry.npmjs.org/react-dom set size:9168012 disposed:false
665 silly fetch manifest react-native-web@*
666 silly packumentCache full:https://registry.npmjs.org/react-native-web cache-miss
667 http fetch GET 200 https://registry.npmjs.org/react-native-web 3387ms (cache miss)
668 silly packumentCache full:https://registry.npmjs.org/react-native-web set size:undefined disposed:false
669 silly fetch manifest react-native-webview@*
670 silly packumentCache full:https://registry.npmjs.org/react-native-webview cache-miss
671 http fetch GET 200 https://registry.npmjs.org/react-native-webview 3409ms (cache miss)
672 silly packumentCache full:https://registry.npmjs.org/react-native-webview set size:undefined disposed:false
673 silly fetch manifest gel@>=2
674 silly packumentCache full:https://registry.npmjs.org/gel cache-miss
675 http fetch GET 200 https://registry.npmjs.org/gel 661ms (cache miss)
676 silly packumentCache full:https://registry.npmjs.org/gel set size:undefined disposed:false
677 silly fetch manifest knex@*
678 silly packumentCache full:https://registry.npmjs.org/knex cache-miss
679 http fetch GET 200 https://registry.npmjs.org/knex 2524ms (cache miss)
680 silly packumentCache full:https://registry.npmjs.org/knex set size:undefined disposed:false
681 silly fetch manifest pg-query-stream@^4.14.0
682 silly packumentCache full:https://registry.npmjs.org/pg-query-stream cache-miss
683 http fetch GET 200 https://registry.npmjs.org/pg-query-stream 1108ms (cache miss)
684 silly packumentCache full:https://registry.npmjs.org/pg-query-stream set size:undefined disposed:false
685 silly fetch manifest pg@^8
686 silly packumentCache full:https://registry.npmjs.org/pg cache-miss
687 http fetch GET 200 https://registry.npmjs.org/pg 4181ms (cache miss)
688 silly packumentCache full:https://registry.npmjs.org/pg set size:undefined disposed:false
689 silly fetch manifest pg-native@>=3.0.1
690 silly packumentCache full:https://registry.npmjs.org/pg-native cache-miss
691 http fetch GET 200 https://registry.npmjs.org/pg-native 555ms (cache miss)
692 silly packumentCache full:https://registry.npmjs.org/pg-native set size:undefined disposed:false
693 silly fetch manifest kysely@*
694 silly packumentCache full:https://registry.npmjs.org/kysely cache-miss
695 http fetch GET 200 https://registry.npmjs.org/kysely 2085ms (cache miss)
696 silly packumentCache full:https://registry.npmjs.org/kysely set size:undefined disposed:false
697 silly fetch manifest mysql2@>=2
698 silly packumentCache full:https://registry.npmjs.org/mysql2 cache-miss
699 http fetch GET 200 https://registry.npmjs.org/mysql2 1877ms (cache miss)
700 silly packumentCache full:https://registry.npmjs.org/mysql2 set size:undefined disposed:false
701 silly fetch manifest @types/node@>= 8
702 silly packumentCache full:https://registry.npmjs.org/@types%2fnode cache-miss
703 http fetch GET 200 https://registry.npmjs.org/@types%2fnode 677ms (cache revalidated)
704 silly packumentCache full:https://registry.npmjs.org/@types%2fnode set size:11084776 disposed:false
705 silly fetch manifest postgres@>=3
706 silly packumentCache full:https://registry.npmjs.org/postgres cache-miss
707 http fetch GET 200 https://registry.npmjs.org/postgres 1087ms (cache miss)
708 silly packumentCache full:https://registry.npmjs.org/postgres set size:undefined disposed:false
709 silly fetch manifest sql.js@>=1
710 silly packumentCache full:https://registry.npmjs.org/sql.js cache-miss
711 http fetch GET 200 https://registry.npmjs.org/sql.js 649ms (cache miss)
712 silly packumentCache full:https://registry.npmjs.org/sql.js set size:undefined disposed:false
713 silly fetch manifest sqlite3@>=5
714 silly packumentCache full:https://registry.npmjs.org/sqlite3 cache-miss
715 http fetch GET 200 https://registry.npmjs.org/sqlite3 1284ms (cache miss)
716 silly packumentCache full:https://registry.npmjs.org/sqlite3 set size:undefined disposed:false
717 silly fetch manifest @azure/app-configuration@^1.11.0
718 silly packumentCache full:https://registry.npmjs.org/@azure%2fapp-configuration cache-miss
719 http fetch GET 200 https://registry.npmjs.org/@azure%2fapp-configuration 4560ms (cache miss)
720 silly packumentCache full:https://registry.npmjs.org/@azure%2fapp-configuration set size:undefined disposed:false
721 silly fetch manifest @azure/cosmos@^4.9.1
722 silly packumentCache full:https://registry.npmjs.org/@azure%2fcosmos cache-miss
723 http fetch GET 200 https://registry.npmjs.org/@azure%2fcosmos 11682ms (cache miss)
724 silly packumentCache full:https://registry.npmjs.org/@azure%2fcosmos set size:undefined disposed:false
725 silly fetch manifest @azure/data-tables@^13.3.2
726 silly packumentCache full:https://registry.npmjs.org/@azure%2fdata-tables cache-miss
727 http fetch GET 200 https://registry.npmjs.org/@azure%2fdata-tables 3678ms (cache miss)
728 silly packumentCache full:https://registry.npmjs.org/@azure%2fdata-tables set size:undefined disposed:false
729 silly fetch manifest @azure/identity@^4.13.0
730 silly packumentCache full:https://registry.npmjs.org/@azure%2fidentity cache-miss
731 http fetch GET 200 https://registry.npmjs.org/@azure%2fidentity 10960ms (cache miss)
732 silly packumentCache full:https://registry.npmjs.org/@azure%2fidentity set size:undefined disposed:false
733 silly fetch manifest @azure/keyvault-secrets@^4.10.0
734 silly packumentCache full:https://registry.npmjs.org/@azure%2fkeyvault-secrets cache-miss
735 http fetch GET 200 https://registry.npmjs.org/@azure%2fkeyvault-secrets 5043ms (cache miss)
736 silly packumentCache full:https://registry.npmjs.org/@azure%2fkeyvault-secrets set size:undefined disposed:false
737 silly fetch manifest @azure/storage-blob@^12.31.0
738 silly packumentCache full:https://registry.npmjs.org/@azure%2fstorage-blob cache-miss
739 http fetch GET 200 https://registry.npmjs.org/@azure%2fstorage-blob 5818ms (cache miss)
740 silly packumentCache full:https://registry.npmjs.org/@azure%2fstorage-blob set size:undefined disposed:false
741 silly fetch manifest @capacitor/preferences@^6 || ^7 || ^8
742 silly packumentCache full:https://registry.npmjs.org/@capacitor%2fpreferences cache-miss
743 http fetch GET 200 https://registry.npmjs.org/@capacitor%2fpreferences 6691ms (cache miss)
744 silly packumentCache full:https://registry.npmjs.org/@capacitor%2fpreferences set size:undefined disposed:false
745 silly fetch manifest @capacitor/core@>=8.0.0
746 silly packumentCache full:https://registry.npmjs.org/@capacitor%2fcore cache-miss
747 http fetch GET 200 https://registry.npmjs.org/@capacitor%2fcore 5777ms (cache miss)
748 silly packumentCache full:https://registry.npmjs.org/@capacitor%2fcore set size:undefined disposed:false
749 silly fetch manifest @deno/kv@>=0.13.0
750 silly packumentCache full:https://registry.npmjs.org/@deno%2fkv cache-miss
751 http fetch GET 200 https://registry.npmjs.org/@deno%2fkv 361ms (cache miss)
752 silly packumentCache full:https://registry.npmjs.org/@deno%2fkv set size:undefined disposed:false
753 silly fetch manifest @netlify/blobs@^6.5.0 || ^7.0.0 || ^8.1.0 || ^9.0.0 || ^10.0.0
754 silly packumentCache full:https://registry.npmjs.org/@netlify%2fblobs cache-miss
755 http fetch GET 200 https://registry.npmjs.org/@netlify%2fblobs 693ms (cache miss)
756 silly packumentCache full:https://registry.npmjs.org/@netlify%2fblobs set size:undefined disposed:false
757 silly fetch manifest @planetscale/database@^1.19.0
758 silly packumentCache full:https://registry.npmjs.org/@planetscale%2fdatabase cache-miss
759 http fetch GET 200 https://registry.npmjs.org/@planetscale%2fdatabase 818ms (cache revalidated)
760 silly packumentCache full:https://registry.npmjs.org/@planetscale%2fdatabase set size:131439 disposed:false
761 silly fetch manifest @upstash/redis@^1.36.2
762 silly packumentCache full:https://registry.npmjs.org/@upstash%2fredis cache-miss
763 http cache https://registry.npmjs.org/@upstash%2fredis 72ms (cache hit)
764 silly packumentCache full:https://registry.npmjs.org/@upstash%2fredis set size:3769711 disposed:false
765 silly fetch manifest @vercel/blob@>=0.27.3
766 silly packumentCache full:https://registry.npmjs.org/@vercel%2fblob cache-miss
767 http fetch GET 200 https://registry.npmjs.org/@vercel%2fblob 1041ms (cache miss)
768 silly packumentCache full:https://registry.npmjs.org/@vercel%2fblob set size:undefined disposed:false
769 silly fetch manifest @vercel/functions@^2.2.12 || ^3.0.0
770 silly packumentCache full:https://registry.npmjs.org/@vercel%2ffunctions cache-miss
771 http fetch GET 200 https://registry.npmjs.org/@vercel%2ffunctions 542ms (cache miss)
772 silly packumentCache full:https://registry.npmjs.org/@vercel%2ffunctions set size:undefined disposed:false
773 silly fetch manifest @aws-sdk/credential-provider-web-identity@*
774 silly packumentCache full:https://registry.npmjs.org/@aws-sdk%2fcredential-provider-web-identity cache-miss
775 http fetch GET 200 https://registry.npmjs.org/@aws-sdk%2fcredential-provider-web-identity 1761ms (cache miss)
776 silly packumentCache full:https://registry.npmjs.org/@aws-sdk%2fcredential-provider-web-identity set size:undefined disposed:false
777 silly fetch manifest ws@>=8
778 silly packumentCache full:https://registry.npmjs.org/ws cache-miss
779 http fetch GET 200 https://registry.npmjs.org/ws 212ms (cache revalidated)
780 silly packumentCache full:https://registry.npmjs.org/ws set size:426890 disposed:false
781 silly fetch manifest @vercel/kv@^1.0.1
782 silly packumentCache full:https://registry.npmjs.org/@vercel%2fkv cache-miss
783 http fetch GET 200 https://registry.npmjs.org/@vercel%2fkv 357ms (cache miss)
784 silly packumentCache full:https://registry.npmjs.org/@vercel%2fkv set size:undefined disposed:false
785 silly fetch manifest aws4fetch@^1.0.20
786 silly packumentCache full:https://registry.npmjs.org/aws4fetch cache-miss
787 http fetch GET 200 https://registry.npmjs.org/aws4fetch 459ms (cache miss)
788 silly packumentCache full:https://registry.npmjs.org/aws4fetch set size:undefined disposed:false
789 silly fetch manifest chokidar@^4 || ^5
790 silly packumentCache full:https://registry.npmjs.org/chokidar cache-miss
791 http fetch GET 200 https://registry.npmjs.org/chokidar 685ms (cache miss)
792 silly packumentCache full:https://registry.npmjs.org/chokidar set size:undefined disposed:false
793 silly fetch manifest idb-keyval@^6.2.2
794 silly packumentCache full:https://registry.npmjs.org/idb-keyval cache-miss
795 http fetch GET 200 https://registry.npmjs.org/idb-keyval 697ms (cache miss)
796 silly packumentCache full:https://registry.npmjs.org/idb-keyval set size:undefined disposed:false
797 silly fetch manifest ioredis@^5.9.3
798 silly packumentCache full:https://registry.npmjs.org/ioredis cache-miss
799 http fetch GET 200 https://registry.npmjs.org/ioredis 1969ms (cache miss)
800 silly packumentCache full:https://registry.npmjs.org/ioredis set size:undefined disposed:false
801 silly fetch manifest lru-cache@^11.2.6
802 silly packumentCache full:https://registry.npmjs.org/lru-cache cache-miss
803 http fetch GET 200 https://registry.npmjs.org/lru-cache 1716ms (cache miss)
804 silly packumentCache full:https://registry.npmjs.org/lru-cache set size:undefined disposed:false
805 silly fetch manifest mongodb@^6 || ^7
806 silly packumentCache full:https://registry.npmjs.org/mongodb cache-miss
807 http fetch GET 200 https://registry.npmjs.org/mongodb 2767ms (cache miss)
808 silly packumentCache full:https://registry.npmjs.org/mongodb set size:undefined disposed:false
809 silly fetch manifest @aws-sdk/credential-providers@^3.806.0
810 silly packumentCache full:https://registry.npmjs.org/@aws-sdk%2fcredential-providers cache-miss
811 http fetch GET 200 https://registry.npmjs.org/@aws-sdk%2fcredential-providers 3972ms (cache miss)
812 silly packumentCache full:https://registry.npmjs.org/@aws-sdk%2fcredential-providers set size:undefined disposed:false
813 silly fetch manifest @mongodb-js/zstd@^7.0.0
814 silly packumentCache full:https://registry.npmjs.org/@mongodb-js%2fzstd cache-miss
815 http fetch GET 200 https://registry.npmjs.org/@mongodb-js%2fzstd 323ms (cache miss)
816 silly packumentCache full:https://registry.npmjs.org/@mongodb-js%2fzstd set size:undefined disposed:false
817 silly fetch manifest gcp-metadata@^7.0.1
818 silly packumentCache full:https://registry.npmjs.org/gcp-metadata cache-miss
819 http fetch GET 200 https://registry.npmjs.org/gcp-metadata 2994ms (cache miss)
820 silly packumentCache full:https://registry.npmjs.org/gcp-metadata set size:undefined disposed:false
821 silly fetch manifest kerberos@^7.0.0
822 silly packumentCache full:https://registry.npmjs.org/kerberos cache-miss
823 http fetch GET 200 https://registry.npmjs.org/kerberos 422ms (cache miss)
824 silly packumentCache full:https://registry.npmjs.org/kerberos set size:undefined disposed:false
825 silly fetch manifest mongodb-client-encryption@^7.2.0
826 silly packumentCache full:https://registry.npmjs.org/mongodb-client-encryption cache-miss
827 http fetch GET 200 https://registry.npmjs.org/mongodb-client-encryption 1075ms (cache miss)
828 silly packumentCache full:https://registry.npmjs.org/mongodb-client-encryption set size:undefined disposed:false
829 silly fetch manifest snappy@^7.3.2
830 silly packumentCache full:https://registry.npmjs.org/snappy cache-miss
831 http fetch GET 200 https://registry.npmjs.org/snappy 3105ms (cache miss)
832 silly packumentCache full:https://registry.npmjs.org/snappy set size:undefined disposed:false
833 silly fetch manifest socks@^2.8.6
834 silly packumentCache full:https://registry.npmjs.org/socks cache-miss
835 http fetch GET 200 https://registry.npmjs.org/socks 835ms (cache miss)
836 silly packumentCache full:https://registry.npmjs.org/socks set size:undefined disposed:false
837 silly fetch manifest uploadthing@^7.7.4
838 silly packumentCache full:https://registry.npmjs.org/uploadthing cache-miss
839 http fetch GET 200 https://registry.npmjs.org/uploadthing 1104ms (cache miss)
840 silly packumentCache full:https://registry.npmjs.org/uploadthing set size:undefined disposed:false
841 silly fetch manifest express@*
842 silly packumentCache full:https://registry.npmjs.org/express cache-miss
843 http fetch GET 200 https://registry.npmjs.org/express 1842ms (cache miss)
844 silly packumentCache full:https://registry.npmjs.org/express set size:undefined disposed:false
845 silly fetch manifest tailwindcss@^3.0.0 || ^4.0.0-beta.0
846 silly packumentCache full:https://registry.npmjs.org/tailwindcss cache-miss
847 http fetch GET 200 https://registry.npmjs.org/tailwindcss 14300ms (cache miss)
848 silly packumentCache full:https://registry.npmjs.org/tailwindcss set size:undefined disposed:false
849 silly fetch manifest @netlify/runtime@^4.1.23
850 silly packumentCache full:https://registry.npmjs.org/@netlify%2fruntime cache-miss
851 http fetch GET 200 https://registry.npmjs.org/@netlify%2fruntime 852ms (cache miss)
852 silly packumentCache full:https://registry.npmjs.org/@netlify%2fruntime set size:undefined disposed:false
853 silly fetch manifest miniflare@^4.20260515.0
854 silly packumentCache full:https://registry.npmjs.org/miniflare cache-miss
855 http fetch GET 200 https://registry.npmjs.org/miniflare 7122ms (cache miss)
856 silly packumentCache full:https://registry.npmjs.org/miniflare set size:undefined disposed:false
857 silly fetch manifest wrangler@^4.0.0
858 silly packumentCache full:https://registry.npmjs.org/wrangler cache-miss
859 http fetch GET 200 https://registry.npmjs.org/wrangler 25740ms (cache miss)
860 silly packumentCache full:https://registry.npmjs.org/wrangler set size:undefined disposed:false
861 silly fetch manifest @cloudflare/workers-types@^5.20260722.1
862 silly packumentCache full:https://registry.npmjs.org/@cloudflare%2fworkers-types cache-miss
863 http fetch GET 200 https://registry.npmjs.org/@cloudflare%2fworkers-types 714ms (cache revalidated)
864 silly packumentCache full:https://registry.npmjs.org/@cloudflare%2fworkers-types set size:1810466 disposed:false
865 silly placeDep ROOT consola@3.4.2 OK for: nitro@3.0.260603-beta want: ^3.4.2
866 silly placeDep ROOT crossws@0.4.10 OK for: nitro@3.0.260603-beta want: ^0.4.5
867 silly placeDep ROOT db0@0.3.4 OK for: nitro@3.0.260603-beta want: ^0.3.4
868 silly placeDep node_modules/nitro env-runner@0.1.16 OK for: nitro@3.0.260603-beta want: ^0.1.9
869 silly placeDep node_modules/nitro miniflare@4.20260722.0 OK for: env-runner@0.1.16 want: ^4.20260515.0
870 silly placeDep ROOT h3@2.0.1-rc.26 OK for: nitro@3.0.260603-beta want: ^2.0.1-rc.22
871 silly placeDep ROOT hookable@6.1.1 OK for: nitro@3.0.260603-beta want: ^6.1.1
872 silly placeDep ROOT nf3@0.3.23 OK for: nitro@3.0.260603-beta want: ^0.3.17
873 silly placeDep ROOT ocache@0.1.5 OK for: nitro@3.0.260603-beta want: ^0.1.4
874 silly placeDep ROOT ofetch@2.0.0-alpha.3 OK for: nitro@3.0.260603-beta want: ^2.0.0-alpha.3
875 silly placeDep ROOT ohash@2.0.11 OK for: nitro@3.0.260603-beta want: ^2.0.11
876 silly placeDep ROOT rolldown@1.2.0 OK for: nitro@3.0.260603-beta want: ^1.0.3
877 silly placeDep node_modules/nitro srvx@0.11.22 OK for: nitro@3.0.260603-beta want: ^0.11.16
878 silly placeDep node_modules/nitro unstorage@2.0.0-alpha.7 OK for: nitro@3.0.260603-beta want: ^2.0.0-alpha.7
879 silly placeDep node_modules/nitro chokidar@5.0.0 OK for: unstorage@2.0.0-alpha.7 want: ^4 || ^5
880 silly placeDep node_modules/nitro lru-cache@11.5.2 OK for: unstorage@2.0.0-alpha.7 want: ^11.2.6
881 silly fetch manifest exsolve@^1.1.0
882 silly packumentCache full:https://registry.npmjs.org/exsolve cache-miss
883 silly fetch manifest httpxy@^0.5.4
884 silly packumentCache full:https://registry.npmjs.org/httpxy cache-miss
885 silly fetch manifest srvx@^0.11.19
886 silly packumentCache full:https://registry.npmjs.org/srvx cache-miss
887 silly fetch manifest sharp@0.35.2
888 silly packumentCache full:https://registry.npmjs.org/sharp cache-miss
889 silly fetch manifest undici@7.28.0
890 silly packumentCache full:https://registry.npmjs.org/undici cache-miss
891 silly fetch manifest workerd@1.20260722.1
892 silly packumentCache full:https://registry.npmjs.org/workerd cache-miss
893 silly fetch manifest ws@8.21.0
894 silly packumentCache full:https://registry.npmjs.org/ws cache-hit
895 silly fetch manifest rou3@^0.9.1
896 silly packumentCache full:https://registry.npmjs.org/rou3 cache-miss
897 http fetch GET 200 https://registry.npmjs.org/exsolve 455ms (cache miss)
898 silly packumentCache full:https://registry.npmjs.org/exsolve set size:undefined disposed:false
899 silly fetch manifest srvx@^0.12.4
900 silly packumentCache full:https://registry.npmjs.org/srvx cache-miss
901 http fetch GET 200 https://registry.npmjs.org/httpxy 467ms (cache miss)
902 silly packumentCache full:https://registry.npmjs.org/httpxy set size:undefined disposed:false
903 silly fetch manifest @oxc-project/types@=0.140.0
904 silly packumentCache full:https://registry.npmjs.org/@oxc-project%2ftypes cache-miss
905 http fetch GET 200 https://registry.npmjs.org/srvx 226ms (cache revalidated)
906 silly packumentCache full:https://registry.npmjs.org/srvx set size:290186 disposed:false
907 silly fetch manifest @rolldown/pluginutils@^1.0.0
908 silly packumentCache full:https://registry.npmjs.org/@rolldown%2fpluginutils cache-miss
909 http fetch GET 200 https://registry.npmjs.org/@oxc-project%2ftypes 254ms (cache revalidated)
910 silly packumentCache full:https://registry.npmjs.org/@oxc-project%2ftypes set size:242657 disposed:false
911 silly fetch manifest @rolldown/binding-darwin-x64@1.2.0
912 silly packumentCache full:https://registry.npmjs.org/@rolldown%2fbinding-darwin-x64 cache-miss
913 http fetch GET 200 https://registry.npmjs.org/srvx 1657ms (cache revalidated)
914 silly packumentCache full:https://registry.npmjs.org/srvx set size:290186 disposed:false
915 silly packumentCache full:https://registry.npmjs.org/srvx dispose
916 silly fetch manifest @rolldown/binding-win32-x64-msvc@1.2.0
917 silly packumentCache full:https://registry.npmjs.org/@rolldown%2fbinding-win32-x64-msvc cache-miss
918 http fetch GET 200 https://registry.npmjs.org/workerd 2080ms (cache miss)
919 silly packumentCache full:https://registry.npmjs.org/workerd set size:undefined disposed:false
920 silly fetch manifest @rolldown/binding-linux-x64-gnu@1.2.0
921 silly packumentCache full:https://registry.npmjs.org/@rolldown%2fbinding-linux-x64-gnu cache-miss
922 http fetch GET 200 https://registry.npmjs.org/rou3 2562ms (cache miss)
923 silly packumentCache full:https://registry.npmjs.org/rou3 set size:undefined disposed:false
924 silly fetch manifest @rolldown/binding-linux-x64-musl@1.2.0
925 silly packumentCache full:https://registry.npmjs.org/@rolldown%2fbinding-linux-x64-musl cache-miss
926 http fetch GET 200 https://registry.npmjs.org/@rolldown%2fpluginutils 1864ms (cache miss)
927 silly packumentCache full:https://registry.npmjs.org/@rolldown%2fpluginutils set size:undefined disposed:false
928 silly fetch manifest @rolldown/binding-freebsd-x64@1.2.0
929 silly packumentCache full:https://registry.npmjs.org/@rolldown%2fbinding-freebsd-x64 cache-miss
930 http fetch GET 200 https://registry.npmjs.org/undici 2992ms (cache miss)
931 silly packumentCache full:https://registry.npmjs.org/undici set size:undefined disposed:false
932 silly fetch manifest @rolldown/binding-linux-arm-gnueabihf@1.2.0
933 silly packumentCache full:https://registry.npmjs.org/@rolldown%2fbinding-linux-arm-gnueabihf cache-miss
934 http fetch GET 200 https://registry.npmjs.org/sharp 3432ms (cache miss)
935 silly packumentCache full:https://registry.npmjs.org/sharp set size:undefined disposed:false
936 silly fetch manifest @rolldown/binding-linux-arm64-gnu@1.2.0
937 silly packumentCache full:https://registry.npmjs.org/@rolldown%2fbinding-linux-arm64-gnu cache-miss
938 http fetch GET 200 https://registry.npmjs.org/@rolldown%2fbinding-linux-x64-gnu 2959ms (cache miss)
939 silly packumentCache full:https://registry.npmjs.org/@rolldown%2fbinding-linux-x64-gnu set size:undefined disposed:false
940 silly fetch manifest @rolldown/binding-darwin-arm64@1.2.0
941 silly packumentCache full:https://registry.npmjs.org/@rolldown%2fbinding-darwin-arm64 cache-miss
942 http fetch GET 200 https://registry.npmjs.org/@rolldown%2fbinding-linux-x64-musl 3604ms (cache miss)
943 silly packumentCache full:https://registry.npmjs.org/@rolldown%2fbinding-linux-x64-musl set size:undefined disposed:false
944 silly fetch manifest @rolldown/binding-linux-arm64-musl@1.2.0
945 silly packumentCache full:https://registry.npmjs.org/@rolldown%2fbinding-linux-arm64-musl cache-miss
946 http fetch GET 200 https://registry.npmjs.org/@rolldown%2fbinding-darwin-x64 5512ms (cache miss)
947 silly packumentCache full:https://registry.npmjs.org/@rolldown%2fbinding-darwin-x64 set size:undefined disposed:false
948 silly fetch manifest @rolldown/binding-openharmony-arm64@1.2.0
949 silly packumentCache full:https://registry.npmjs.org/@rolldown%2fbinding-openharmony-arm64 cache-miss
950 http fetch GET 200 https://registry.npmjs.org/@rolldown%2fbinding-linux-arm-gnueabihf 3275ms (cache miss)
951 silly packumentCache full:https://registry.npmjs.org/@rolldown%2fbinding-linux-arm-gnueabihf set size:undefined disposed:false
952 silly fetch manifest @rolldown/binding-win32-arm64-msvc@1.2.0
953 silly packumentCache full:https://registry.npmjs.org/@rolldown%2fbinding-win32-arm64-msvc cache-miss
954 http fetch GET 200 https://registry.npmjs.org/@rolldown%2fbinding-linux-arm64-gnu 2888ms (cache miss)
955 silly packumentCache full:https://registry.npmjs.org/@rolldown%2fbinding-linux-arm64-gnu set size:undefined disposed:false
956 silly fetch manifest @rolldown/binding-android-arm64@1.2.0
957 silly packumentCache full:https://registry.npmjs.org/@rolldown%2fbinding-android-arm64 cache-miss
958 http fetch GET 200 https://registry.npmjs.org/@rolldown%2fbinding-darwin-arm64 1448ms (cache miss)
959 silly packumentCache full:https://registry.npmjs.org/@rolldown%2fbinding-darwin-arm64 set size:undefined disposed:false
960 silly fetch manifest @rolldown/binding-wasm32-wasi@1.2.0
961 silly packumentCache full:https://registry.npmjs.org/@rolldown%2fbinding-wasm32-wasi cache-miss
962 http fetch GET 200 https://registry.npmjs.org/@rolldown%2fbinding-freebsd-x64 4122ms (cache miss)
963 silly packumentCache full:https://registry.npmjs.org/@rolldown%2fbinding-freebsd-x64 set size:undefined disposed:false
964 silly fetch manifest @rolldown/binding-linux-s390x-gnu@1.2.0
965 silly packumentCache full:https://registry.npmjs.org/@rolldown%2fbinding-linux-s390x-gnu cache-miss
966 http fetch GET 200 https://registry.npmjs.org/@rolldown%2fbinding-openharmony-arm64 524ms (cache miss)
967 silly packumentCache full:https://registry.npmjs.org/@rolldown%2fbinding-openharmony-arm64 set size:undefined disposed:false
968 silly fetch manifest @rolldown/binding-linux-ppc64-gnu@1.2.0
969 silly packumentCache full:https://registry.npmjs.org/@rolldown%2fbinding-linux-ppc64-gnu cache-miss
970 http fetch GET 200 https://registry.npmjs.org/@rolldown%2fbinding-linux-ppc64-gnu 272ms (cache miss)
971 silly packumentCache full:https://registry.npmjs.org/@rolldown%2fbinding-linux-ppc64-gnu set size:undefined disposed:false
972 silly fetch manifest readdirp@^5.0.0
973 silly packumentCache full:https://registry.npmjs.org/readdirp cache-miss
974 http fetch GET 200 https://registry.npmjs.org/@rolldown%2fbinding-linux-s390x-gnu 1127ms (cache miss)
975 silly packumentCache full:https://registry.npmjs.org/@rolldown%2fbinding-linux-s390x-gnu set size:undefined disposed:false
976 http fetch GET 200 https://registry.npmjs.org/readdirp 849ms (cache miss)
977 silly packumentCache full:https://registry.npmjs.org/readdirp set size:undefined disposed:false
978 http fetch GET 200 https://registry.npmjs.org/@rolldown%2fbinding-android-arm64 1951ms (cache miss)
979 silly packumentCache full:https://registry.npmjs.org/@rolldown%2fbinding-android-arm64 set size:undefined disposed:false
980 http fetch GET 200 https://registry.npmjs.org/@rolldown%2fbinding-wasm32-wasi 2400ms (cache miss)
981 silly packumentCache full:https://registry.npmjs.org/@rolldown%2fbinding-wasm32-wasi set size:undefined disposed:false
982 http fetch GET 200 https://registry.npmjs.org/@rolldown%2fbinding-win32-arm64-msvc 2740ms (cache miss)
983 silly packumentCache full:https://registry.npmjs.org/@rolldown%2fbinding-win32-arm64-msvc set size:undefined disposed:false
984 http fetch GET 200 https://registry.npmjs.org/@rolldown%2fbinding-linux-arm64-musl 3277ms (cache miss)
985 silly packumentCache full:https://registry.npmjs.org/@rolldown%2fbinding-linux-arm64-musl set size:undefined disposed:false
986 http fetch GET 200 https://registry.npmjs.org/@rolldown%2fbinding-win32-x64-msvc 8121ms (cache miss)
987 silly packumentCache full:https://registry.npmjs.org/@rolldown%2fbinding-win32-x64-msvc set size:undefined disposed:false
988 silly placeDep node_modules/h3 rou3@0.9.1 OK for: h3@2.0.1-rc.26 want: ^0.9.1
989 silly placeDep node_modules/h3 srvx@0.12.4 OK for: h3@2.0.1-rc.26 want: ^0.12.4
990 silly placeDep ROOT @oxc-parser/binding-android-arm-eabi@0.120.0 OK for: oxc-parser@0.120.0 want: 0.120.0
991 silly placeDep ROOT @oxc-parser/binding-android-arm64@0.120.0 OK for: oxc-parser@0.120.0 want: 0.120.0
992 silly placeDep ROOT @oxc-parser/binding-darwin-arm64@0.120.0 OK for: oxc-parser@0.120.0 want: 0.120.0
993 silly placeDep ROOT @oxc-parser/binding-darwin-x64@0.120.0 OK for: oxc-parser@0.120.0 want: 0.120.0
994 silly placeDep ROOT @oxc-parser/binding-freebsd-x64@0.120.0 OK for: oxc-parser@0.120.0 want: 0.120.0
995 silly placeDep ROOT @oxc-parser/binding-linux-arm-gnueabihf@0.120.0 OK for: oxc-parser@0.120.0 want: 0.120.0
996 silly placeDep ROOT @oxc-parser/binding-linux-arm-musleabihf@0.120.0 OK for: oxc-parser@0.120.0 want: 0.120.0
997 silly placeDep ROOT @oxc-parser/binding-linux-arm64-gnu@0.120.0 OK for: oxc-parser@0.120.0 want: 0.120.0
998 silly placeDep ROOT @oxc-parser/binding-linux-arm64-musl@0.120.0 OK for: oxc-parser@0.120.0 want: 0.120.0
999 silly placeDep ROOT @oxc-parser/binding-linux-ppc64-gnu@0.120.0 OK for: oxc-parser@0.120.0 want: 0.120.0
1000 silly placeDep ROOT @oxc-parser/binding-linux-riscv64-gnu@0.120.0 OK for: oxc-parser@0.120.0 want: 0.120.0
1001 silly placeDep ROOT @oxc-parser/binding-linux-riscv64-musl@0.120.0 OK for: oxc-parser@0.120.0 want: 0.120.0
1002 silly placeDep ROOT @oxc-parser/binding-linux-s390x-gnu@0.120.0 OK for: oxc-parser@0.120.0 want: 0.120.0
1003 silly placeDep ROOT @oxc-parser/binding-linux-x64-gnu@0.120.0 OK for: oxc-parser@0.120.0 want: 0.120.0
1004 silly placeDep ROOT @oxc-parser/binding-linux-x64-musl@0.120.0 OK for: oxc-parser@0.120.0 want: 0.120.0
1005 silly placeDep ROOT @oxc-parser/binding-openharmony-arm64@0.120.0 OK for: oxc-parser@0.120.0 want: 0.120.0
1006 silly placeDep ROOT @oxc-parser/binding-wasm32-wasi@0.120.0 OK for: oxc-parser@0.120.0 want: 0.120.0
1007 silly placeDep ROOT @oxc-parser/binding-win32-arm64-msvc@0.120.0 OK for: oxc-parser@0.120.0 want: 0.120.0
1008 silly placeDep ROOT @oxc-parser/binding-win32-ia32-msvc@0.120.0 OK for: oxc-parser@0.120.0 want: 0.120.0
1009 silly placeDep ROOT @oxc-parser/binding-win32-x64-msvc@0.120.0 OK for: oxc-parser@0.120.0 want: 0.120.0
1010 silly placeDep ROOT @oxc-project/types@0.120.0 OK for: oxc-parser@0.120.0 want: ^0.120.0
1011 silly fetch manifest @napi-rs/wasm-runtime@^1.1.1
1012 silly packumentCache full:https://registry.npmjs.org/@napi-rs%2fwasm-runtime cache-miss
1013 http fetch GET 200 https://registry.npmjs.org/@napi-rs%2fwasm-runtime 479ms (cache miss)
1014 silly packumentCache full:https://registry.npmjs.org/@napi-rs%2fwasm-runtime set size:undefined disposed:false
1015 silly fetch manifest @emnapi/core@^1.7.1
1016 silly packumentCache full:https://registry.npmjs.org/@emnapi%2fcore cache-miss
1017 http fetch GET 200 https://registry.npmjs.org/@emnapi%2fcore 580ms (cache miss)
1018 silly packumentCache full:https://registry.npmjs.org/@emnapi%2fcore set size:undefined disposed:false
1019 silly fetch manifest @emnapi/runtime@^1.7.1
1020 silly packumentCache full:https://registry.npmjs.org/@emnapi%2fruntime cache-miss
1021 http fetch GET 200 https://registry.npmjs.org/@emnapi%2fruntime 543ms (cache miss)
1022 silly packumentCache full:https://registry.npmjs.org/@emnapi%2fruntime set size:undefined disposed:false
1023 silly placeDep ROOT @napi-rs/wasm-runtime@1.1.6 OK for: @oxc-parser/binding-wasm32-wasi@0.120.0 want: ^1.1.1
1024 silly placeDep ROOT @emnapi/core@1.11.3 OK for: @napi-rs/wasm-runtime@1.1.6 want: ^1.7.1
1025 silly fetch manifest @tybys/wasm-util@^0.10.3
1026 silly packumentCache full:https://registry.npmjs.org/@tybys%2fwasm-util cache-miss
1027 silly fetch manifest @emnapi/wasi-threads@1.2.3
1028 silly packumentCache full:https://registry.npmjs.org/@emnapi%2fwasi-threads cache-miss
1029 http fetch GET 200 https://registry.npmjs.org/@emnapi%2fwasi-threads 331ms (cache miss)
1030 silly packumentCache full:https://registry.npmjs.org/@emnapi%2fwasi-threads set size:undefined disposed:false
1031 http fetch GET 200 https://registry.npmjs.org/@tybys%2fwasm-util 636ms (cache miss)
1032 silly packumentCache full:https://registry.npmjs.org/@tybys%2fwasm-util set size:undefined disposed:false
1033 silly placeDep ROOT @emnapi/wasi-threads@1.2.3 OK for: @emnapi/core@1.11.3 want: 1.2.3
1034 silly placeDep ROOT @tybys/wasm-util@0.10.3 OK for: @napi-rs/wasm-runtime@1.1.6 want: ^0.10.3
1035 silly placeDep node_modules/rolldown @oxc-project/types@0.140.0 OK for: rolldown@1.2.0 want: =0.140.0
1036 silly placeDep ROOT @rolldown/binding-android-arm64@1.2.0 OK for: rolldown@1.2.0 want: 1.2.0
1037 silly placeDep ROOT @rolldown/binding-darwin-arm64@1.2.0 OK for: rolldown@1.2.0 want: 1.2.0
1038 silly placeDep ROOT @rolldown/binding-darwin-x64@1.2.0 OK for: rolldown@1.2.0 want: 1.2.0
1039 silly placeDep ROOT @rolldown/binding-freebsd-x64@1.2.0 OK for: rolldown@1.2.0 want: 1.2.0
1040 silly placeDep ROOT @rolldown/binding-linux-arm-gnueabihf@1.2.0 OK for: rolldown@1.2.0 want: 1.2.0
1041 silly placeDep ROOT @rolldown/binding-linux-arm64-gnu@1.2.0 OK for: rolldown@1.2.0 want: 1.2.0
1042 silly placeDep ROOT @rolldown/binding-linux-arm64-musl@1.2.0 OK for: rolldown@1.2.0 want: 1.2.0
1043 silly placeDep ROOT @rolldown/binding-linux-ppc64-gnu@1.2.0 OK for: rolldown@1.2.0 want: 1.2.0
1044 silly placeDep ROOT @rolldown/binding-linux-s390x-gnu@1.2.0 OK for: rolldown@1.2.0 want: 1.2.0
1045 silly placeDep ROOT @rolldown/binding-linux-x64-gnu@1.2.0 OK for: rolldown@1.2.0 want: 1.2.0
1046 silly placeDep ROOT @rolldown/binding-linux-x64-musl@1.2.0 OK for: rolldown@1.2.0 want: 1.2.0
1047 silly placeDep ROOT @rolldown/binding-openharmony-arm64@1.2.0 OK for: rolldown@1.2.0 want: 1.2.0
1048 silly placeDep ROOT @rolldown/binding-wasm32-wasi@1.2.0 OK for: rolldown@1.2.0 want: 1.2.0
1049 silly placeDep ROOT @rolldown/binding-win32-arm64-msvc@1.2.0 OK for: rolldown@1.2.0 want: 1.2.0
1050 silly placeDep ROOT @rolldown/binding-win32-x64-msvc@1.2.0 OK for: rolldown@1.2.0 want: 1.2.0
1051 silly placeDep node_modules/rolldown @rolldown/pluginutils@1.0.1 OK for: rolldown@1.2.0 want: ^1.0.0
1052 silly fetch manifest @emnapi/core@1.11.2
1053 silly packumentCache full:https://registry.npmjs.org/@emnapi%2fcore cache-miss
1054 silly fetch manifest @emnapi/runtime@1.11.2
1055 silly packumentCache full:https://registry.npmjs.org/@emnapi%2fruntime cache-miss
1056 http cache https://registry.npmjs.org/@emnapi%2fruntime 26ms (cache hit)
1057 silly packumentCache full:https://registry.npmjs.org/@emnapi%2fruntime set size:122916 disposed:false
1058 http cache https://registry.npmjs.org/@emnapi%2fcore 33ms (cache hit)
1059 silly packumentCache full:https://registry.npmjs.org/@emnapi%2fcore set size:121716 disposed:false
1060 silly placeDep node_modules/@rolldown/binding-wasm32-wasi @emnapi/core@1.11.2 OK for: @rolldown/binding-wasm32-wasi@1.2.0 want: 1.11.2
1061 silly placeDep ROOT @emnapi/runtime@1.11.2 REPLACE for: @rolldown/binding-wasm32-wasi@1.2.0 want: 1.11.2
1062 silly fetch manifest @emnapi/wasi-threads@1.2.2
1063 silly packumentCache full:https://registry.npmjs.org/@emnapi%2fwasi-threads cache-miss
1064 http cache https://registry.npmjs.org/@emnapi%2fwasi-threads 8ms (cache hit)
1065 silly packumentCache full:https://registry.npmjs.org/@emnapi%2fwasi-threads set size:27058 disposed:false
1066 silly placeDep ROOT @rollup/rollup-android-arm-eabi@4.62.3 OK for: rollup@4.62.3 want: 4.62.3
1067 silly placeDep ROOT @rollup/rollup-android-arm64@4.62.3 OK for: rollup@4.62.3 want: 4.62.3
1068 silly placeDep ROOT @rollup/rollup-darwin-arm64@4.62.3 OK for: rollup@4.62.3 want: 4.62.3
1069 silly placeDep ROOT @rollup/rollup-darwin-x64@4.62.3 OK for: rollup@4.62.3 want: 4.62.3
1070 silly placeDep ROOT @rollup/rollup-freebsd-arm64@4.62.3 OK for: rollup@4.62.3 want: 4.62.3
1071 silly placeDep ROOT @rollup/rollup-freebsd-x64@4.62.3 OK for: rollup@4.62.3 want: 4.62.3
1072 silly placeDep ROOT @rollup/rollup-linux-arm-gnueabihf@4.62.3 OK for: rollup@4.62.3 want: 4.62.3
1073 silly placeDep ROOT @rollup/rollup-linux-arm-musleabihf@4.62.3 OK for: rollup@4.62.3 want: 4.62.3
1074 silly placeDep ROOT @rollup/rollup-linux-arm64-gnu@4.62.3 OK for: rollup@4.62.3 want: 4.62.3
1075 silly placeDep ROOT @rollup/rollup-linux-arm64-musl@4.62.3 OK for: rollup@4.62.3 want: 4.62.3
1076 silly placeDep ROOT @rollup/rollup-linux-loong64-gnu@4.62.3 OK for: rollup@4.62.3 want: 4.62.3
1077 silly placeDep ROOT @rollup/rollup-linux-loong64-musl@4.62.3 OK for: rollup@4.62.3 want: 4.62.3
1078 silly placeDep ROOT @rollup/rollup-linux-ppc64-gnu@4.62.3 OK for: rollup@4.62.3 want: 4.62.3
1079 silly placeDep ROOT @rollup/rollup-linux-ppc64-musl@4.62.3 OK for: rollup@4.62.3 want: 4.62.3
1080 silly placeDep ROOT @rollup/rollup-linux-riscv64-gnu@4.62.3 OK for: rollup@4.62.3 want: 4.62.3
1081 silly placeDep ROOT @rollup/rollup-linux-riscv64-musl@4.62.3 OK for: rollup@4.62.3 want: 4.62.3
1082 silly placeDep ROOT @rollup/rollup-linux-s390x-gnu@4.62.3 OK for: rollup@4.62.3 want: 4.62.3
1083 silly placeDep ROOT @rollup/rollup-linux-x64-gnu@4.62.3 OK for: rollup@4.62.3 want: 4.62.3
1084 silly placeDep ROOT @rollup/rollup-linux-x64-musl@4.62.3 OK for: rollup@4.62.3 want: 4.62.3
1085 silly placeDep ROOT @rollup/rollup-openbsd-x64@4.62.3 OK for: rollup@4.62.3 want: 4.62.3
1086 silly placeDep ROOT @rollup/rollup-openharmony-arm64@4.62.3 OK for: rollup@4.62.3 want: 4.62.3
1087 silly placeDep ROOT @rollup/rollup-win32-arm64-msvc@4.62.3 OK for: rollup@4.62.3 want: 4.62.3
1088 silly placeDep ROOT @rollup/rollup-win32-ia32-msvc@4.62.3 OK for: rollup@4.62.3 want: 4.62.3
1089 silly placeDep ROOT @rollup/rollup-win32-x64-gnu@4.62.3 OK for: rollup@4.62.3 want: 4.62.3
1090 silly placeDep ROOT @rollup/rollup-win32-x64-msvc@4.62.3 OK for: rollup@4.62.3 want: 4.62.3
1091 silly placeDep ROOT @types/estree@1.0.9 REPLACE for: rollup@4.62.3 want: 1.0.9
1092 silly placeDep ROOT adler-32@1.3.1 OK for: xlsx@0.18.5 want: ~1.3.0
1093 silly placeDep ROOT cfb@1.2.2 OK for: xlsx@0.18.5 want: ~1.2.1
1094 silly placeDep ROOT codepage@1.15.0 OK for: xlsx@0.18.5 want: ~1.15.0
1095 silly placeDep ROOT crc-32@1.2.2 OK for: xlsx@0.18.5 want: ~1.2.1
1096 silly placeDep ROOT ssf@0.11.2 OK for: xlsx@0.18.5 want: ~0.11.2
1097 silly placeDep ROOT wmf@1.0.2 OK for: xlsx@0.18.5 want: ~1.0.1
1098 silly placeDep ROOT word@0.3.0 OK for: xlsx@0.18.5 want: ~0.3.0
1099 silly fetch manifest crc-32@~1.2.0
1100 silly packumentCache full:https://registry.npmjs.org/crc-32 cache-miss
1101 silly fetch manifest frac@~1.1.2
1102 silly packumentCache full:https://registry.npmjs.org/frac cache-miss
1103 http fetch GET 200 https://registry.npmjs.org/crc-32 211ms (cache revalidated)
1104 silly packumentCache full:https://registry.npmjs.org/crc-32 set size:32170 disposed:false
1105 http fetch GET 200 https://registry.npmjs.org/frac 1179ms (cache miss)
1106 silly packumentCache full:https://registry.npmjs.org/frac set size:undefined disposed:false
1107 silly placeDep ROOT frac@1.1.2 OK for: ssf@0.11.2 want: ~1.1.2
1108 silly placeDep node_modules/@rolldown/binding-wasm32-wasi @emnapi/wasi-threads@1.2.2 OK for: @emnapi/core@1.11.2 want: 1.2.2
1109 silly placeDep node_modules/nitro readdirp@5.0.0 OK for: chokidar@5.0.0 want: ^5.0.0
1110 silly placeDep ROOT exsolve@1.1.1 REPLACE for: env-runner@0.1.16 want: ^1.1.0
1111 silly placeDep ROOT httpxy@0.5.5 OK for: env-runner@0.1.16 want: ^0.5.4
1112 silly placeDep node_modules/nitro sharp@0.35.2 OK for: miniflare@4.20260722.0 want: 0.35.2
1113 silly placeDep ROOT undici@7.28.0 REPLACE for: miniflare@4.20260722.0 want: 7.28.0
1114 silly placeDep node_modules/nitro workerd@1.20260722.1 OK for: miniflare@4.20260722.0 want: 1.20260722.1
1115 silly placeDep node_modules/nitro ws@8.21.0 OK for: miniflare@4.20260722.0 want: 8.21.0
1116 silly fetch manifest semver@^7.8.4
1117 silly packumentCache full:https://registry.npmjs.org/semver cache-miss
1118 silly fetch manifest @img/sharp-linux-arm@0.35.2
1119 silly packumentCache full:https://registry.npmjs.org/@img%2fsharp-linux-arm cache-miss
1120 silly fetch manifest @img/sharp-linux-x64@0.35.2
1121 silly packumentCache full:https://registry.npmjs.org/@img%2fsharp-linux-x64 cache-miss
1122 silly fetch manifest @img/sharp-win32-x64@0.35.2
1123 silly packumentCache full:https://registry.npmjs.org/@img%2fsharp-win32-x64 cache-miss
1124 silly fetch manifest @img/sharp-darwin-x64@0.35.2
1125 silly packumentCache full:https://registry.npmjs.org/@img%2fsharp-darwin-x64 cache-miss
1126 silly fetch manifest @img/sharp-win32-ia32@0.35.2
1127 silly packumentCache full:https://registry.npmjs.org/@img%2fsharp-win32-ia32 cache-miss
1128 silly fetch manifest @img/sharp-linux-arm64@0.35.2
1129 silly packumentCache full:https://registry.npmjs.org/@img%2fsharp-linux-arm64 cache-miss
1130 http fetch GET 200 https://registry.npmjs.org/@img%2fsharp-win32-x64 245ms (cache miss)
1131 silly packumentCache full:https://registry.npmjs.org/@img%2fsharp-win32-x64 set size:undefined disposed:false
1132 silly fetch manifest @img/sharp-linux-ppc64@0.35.2
1133 silly packumentCache full:https://registry.npmjs.org/@img%2fsharp-linux-ppc64 cache-miss
1134 http fetch GET 200 https://registry.npmjs.org/@img%2fsharp-darwin-x64 381ms (cache miss)
1135 silly packumentCache full:https://registry.npmjs.org/@img%2fsharp-darwin-x64 set size:undefined disposed:false
1136 silly fetch manifest @img/sharp-linux-s390x@0.35.2
1137 silly packumentCache full:https://registry.npmjs.org/@img%2fsharp-linux-s390x cache-miss
1138 http fetch GET 200 https://registry.npmjs.org/@img%2fsharp-linux-arm64 482ms (cache miss)
1139 silly packumentCache full:https://registry.npmjs.org/@img%2fsharp-linux-arm64 set size:undefined disposed:false
1140 silly fetch manifest @img/sharp-win32-arm64@0.35.2
1141 silly packumentCache full:https://registry.npmjs.org/@img%2fsharp-win32-arm64 cache-miss
1142 http fetch GET 200 https://registry.npmjs.org/@img%2fsharp-linux-arm 513ms (cache miss)
1143 silly packumentCache full:https://registry.npmjs.org/@img%2fsharp-linux-arm set size:undefined disposed:false
1144 silly fetch manifest @img/sharp-darwin-arm64@0.35.2
1145 silly packumentCache full:https://registry.npmjs.org/@img%2fsharp-darwin-arm64 cache-miss
1146 http fetch GET 200 https://registry.npmjs.org/@img%2fsharp-win32-ia32 534ms (cache miss)
1147 silly packumentCache full:https://registry.npmjs.org/@img%2fsharp-win32-ia32 set size:undefined disposed:false
1148 silly fetch manifest @img/sharp-linux-riscv64@0.35.2
1149 silly packumentCache full:https://registry.npmjs.org/@img%2fsharp-linux-riscv64 cache-miss
1150 http fetch GET 200 https://registry.npmjs.org/@img%2fsharp-linux-ppc64 366ms (cache miss)
1151 silly packumentCache full:https://registry.npmjs.org/@img%2fsharp-linux-ppc64 set size:undefined disposed:false
1152 silly fetch manifest @img/sharp-linuxmusl-x64@0.35.2
1153 silly packumentCache full:https://registry.npmjs.org/@img%2fsharp-linuxmusl-x64 cache-miss
1154 http fetch GET 200 https://registry.npmjs.org/@img%2fsharp-win32-arm64 263ms (cache miss)
1155 silly packumentCache full:https://registry.npmjs.org/@img%2fsharp-win32-arm64 set size:undefined disposed:false
1156 silly fetch manifest @img/sharp-freebsd-wasm32@0.35.2
1157 silly packumentCache full:https://registry.npmjs.org/@img%2fsharp-freebsd-wasm32 cache-miss
1158 http fetch GET 200 https://registry.npmjs.org/@img%2fsharp-linux-riscv64 265ms (cache miss)
1159 silly packumentCache full:https://registry.npmjs.org/@img%2fsharp-linux-riscv64 set size:undefined disposed:false
1160 silly fetch manifest @img/sharp-linuxmusl-arm64@0.35.2
1161 silly packumentCache full:https://registry.npmjs.org/@img%2fsharp-linuxmusl-arm64 cache-miss
1162 http fetch GET 200 https://registry.npmjs.org/@img%2fsharp-linux-s390x 545ms (cache miss)
1163 silly packumentCache full:https://registry.npmjs.org/@img%2fsharp-linux-s390x set size:undefined disposed:false
1164 silly fetch manifest @img/sharp-libvips-linux-arm@1.3.1
1165 silly packumentCache full:https://registry.npmjs.org/@img%2fsharp-libvips-linux-arm cache-miss
1166 http fetch GET 200 https://registry.npmjs.org/@img%2fsharp-darwin-arm64 441ms (cache miss)
1167 silly packumentCache full:https://registry.npmjs.org/@img%2fsharp-darwin-arm64 set size:undefined disposed:false
1168 silly fetch manifest @img/sharp-libvips-linux-x64@1.3.1
1169 silly packumentCache full:https://registry.npmjs.org/@img%2fsharp-libvips-linux-x64 cache-miss
1170 http fetch GET 200 https://registry.npmjs.org/@img%2fsharp-linux-x64 994ms (cache miss)
1171 silly packumentCache full:https://registry.npmjs.org/@img%2fsharp-linux-x64 set size:undefined disposed:false
1172 silly fetch manifest @img/sharp-libvips-darwin-x64@1.3.1
1173 silly packumentCache full:https://registry.npmjs.org/@img%2fsharp-libvips-darwin-x64 cache-miss
1174 http fetch GET 200 https://registry.npmjs.org/@img%2fsharp-linuxmusl-x64 471ms (cache miss)
1175 silly packumentCache full:https://registry.npmjs.org/@img%2fsharp-linuxmusl-x64 set size:undefined disposed:false
1176 silly fetch manifest @img/sharp-libvips-linux-arm64@1.3.1
1177 silly packumentCache full:https://registry.npmjs.org/@img%2fsharp-libvips-linux-arm64 cache-miss
1178 http fetch GET 200 https://registry.npmjs.org/semver 1154ms (cache miss)
1179 silly packumentCache full:https://registry.npmjs.org/semver set size:undefined disposed:false
1180 silly fetch manifest @img/sharp-libvips-linux-ppc64@1.3.1
1181 silly packumentCache full:https://registry.npmjs.org/@img%2fsharp-libvips-linux-ppc64 cache-miss
1182 http fetch GET 200 https://registry.npmjs.org/@img%2fsharp-freebsd-wasm32 417ms (cache miss)
1183 silly packumentCache full:https://registry.npmjs.org/@img%2fsharp-freebsd-wasm32 set size:undefined disposed:false
1184 silly fetch manifest @img/sharp-libvips-linux-s390x@1.3.1
1185 silly packumentCache full:https://registry.npmjs.org/@img%2fsharp-libvips-linux-s390x cache-miss
1186 http fetch GET 200 https://registry.npmjs.org/@img%2fsharp-libvips-linux-arm 418ms (cache miss)
1187 silly packumentCache full:https://registry.npmjs.org/@img%2fsharp-libvips-linux-arm set size:undefined disposed:false
1188 silly fetch manifest @img/sharp-libvips-darwin-arm64@1.3.1
1189 silly packumentCache full:https://registry.npmjs.org/@img%2fsharp-libvips-darwin-arm64 cache-miss
1190 http fetch GET 200 https://registry.npmjs.org/@img%2fsharp-libvips-linux-ppc64 277ms (cache miss)
1191 silly packumentCache full:https://registry.npmjs.org/@img%2fsharp-libvips-linux-ppc64 set size:undefined disposed:false
1192 silly fetch manifest @img/sharp-webcontainers-wasm32@0.35.2
1193 silly packumentCache full:https://registry.npmjs.org/@img%2fsharp-webcontainers-wasm32 cache-miss
1194 http fetch GET 200 https://registry.npmjs.org/@img%2fsharp-libvips-darwin-x64 547ms (cache miss)
1195 silly packumentCache full:https://registry.npmjs.org/@img%2fsharp-libvips-darwin-x64 set size:undefined disposed:false
1196 silly fetch manifest @img/sharp-libvips-linux-riscv64@1.3.1
1197 silly packumentCache full:https://registry.npmjs.org/@img%2fsharp-libvips-linux-riscv64 cache-miss
1198 http fetch GET 200 https://registry.npmjs.org/@img%2fsharp-libvips-linux-s390x 412ms (cache miss)
1199 silly packumentCache full:https://registry.npmjs.org/@img%2fsharp-libvips-linux-s390x set size:undefined disposed:false
1200 silly fetch manifest @img/sharp-libvips-linuxmusl-x64@1.3.1
1201 silly packumentCache full:https://registry.npmjs.org/@img%2fsharp-libvips-linuxmusl-x64 cache-miss
1202 http fetch GET 200 https://registry.npmjs.org/@img%2fsharp-webcontainers-wasm32 268ms (cache miss)
1203 silly packumentCache full:https://registry.npmjs.org/@img%2fsharp-webcontainers-wasm32 set size:undefined disposed:false
1204 silly fetch manifest @img/sharp-libvips-linuxmusl-arm64@1.3.1
1205 silly packumentCache full:https://registry.npmjs.org/@img%2fsharp-libvips-linuxmusl-arm64 cache-miss
1206 http fetch GET 200 https://registry.npmjs.org/@img%2fsharp-linuxmusl-arm64 914ms (cache miss)
1207 silly packumentCache full:https://registry.npmjs.org/@img%2fsharp-linuxmusl-arm64 set size:undefined disposed:false
1208 silly fetch manifest @cloudflare/workerd-linux-64@1.20260722.1
1209 silly packumentCache full:https://registry.npmjs.org/@cloudflare%2fworkerd-linux-64 cache-miss
1210 http fetch GET 200 https://registry.npmjs.org/@img%2fsharp-libvips-linuxmusl-arm64 376ms (cache miss)
1211 silly packumentCache full:https://registry.npmjs.org/@img%2fsharp-libvips-linuxmusl-arm64 set size:undefined disposed:false
1212 silly fetch manifest @cloudflare/workerd-darwin-64@1.20260722.1
1213 silly packumentCache full:https://registry.npmjs.org/@cloudflare%2fworkerd-darwin-64 cache-miss
1214 http fetch GET 200 https://registry.npmjs.org/@img%2fsharp-libvips-linux-x64 1155ms (cache miss)
1215 silly packumentCache full:https://registry.npmjs.org/@img%2fsharp-libvips-linux-x64 set size:undefined disposed:false
1216 silly fetch manifest @cloudflare/workerd-windows-64@1.20260722.1
1217 silly packumentCache full:https://registry.npmjs.org/@cloudflare%2fworkerd-windows-64 cache-miss
1218 http fetch GET 200 https://registry.npmjs.org/@img%2fsharp-libvips-linuxmusl-x64 470ms (cache miss)
1219 silly packumentCache full:https://registry.npmjs.org/@img%2fsharp-libvips-linuxmusl-x64 set size:undefined disposed:false
1220 silly fetch manifest @cloudflare/workerd-linux-arm64@1.20260722.1
1221 silly packumentCache full:https://registry.npmjs.org/@cloudflare%2fworkerd-linux-arm64 cache-miss
1222 http fetch GET 200 https://registry.npmjs.org/@img%2fsharp-libvips-linux-arm64 1097ms (cache miss)
1223 silly packumentCache full:https://registry.npmjs.org/@img%2fsharp-libvips-linux-arm64 set size:undefined disposed:false
1224 silly fetch manifest @cloudflare/workerd-darwin-arm64@1.20260722.1
1225 silly packumentCache full:https://registry.npmjs.org/@cloudflare%2fworkerd-darwin-arm64 cache-miss
1226 http fetch GET 200 https://registry.npmjs.org/@img%2fsharp-libvips-darwin-arm64 978ms (cache miss)
1227 silly packumentCache full:https://registry.npmjs.org/@img%2fsharp-libvips-darwin-arm64 set size:undefined disposed:false
1228 http fetch GET 200 https://registry.npmjs.org/@img%2fsharp-libvips-linux-riscv64 982ms (cache miss)
1229 silly packumentCache full:https://registry.npmjs.org/@img%2fsharp-libvips-linux-riscv64 set size:undefined disposed:false
1230 http fetch GET 200 https://registry.npmjs.org/@cloudflare%2fworkerd-linux-arm64 1902ms (cache miss)
1231 silly packumentCache full:https://registry.npmjs.org/@cloudflare%2fworkerd-linux-arm64 set size:undefined disposed:false
1232 http fetch GET 200 https://registry.npmjs.org/@cloudflare%2fworkerd-windows-64 2071ms (cache miss)
1233 silly packumentCache full:https://registry.npmjs.org/@cloudflare%2fworkerd-windows-64 set size:undefined disposed:false
1234 http fetch GET 200 https://registry.npmjs.org/@cloudflare%2fworkerd-darwin-arm64 2207ms (cache miss)
1235 silly packumentCache full:https://registry.npmjs.org/@cloudflare%2fworkerd-darwin-arm64 set size:undefined disposed:false
1236 http fetch GET 200 https://registry.npmjs.org/@cloudflare%2fworkerd-linux-64 2911ms (cache miss)
1237 silly packumentCache full:https://registry.npmjs.org/@cloudflare%2fworkerd-linux-64 set size:undefined disposed:false
1238 http fetch GET 200 https://registry.npmjs.org/@cloudflare%2fworkerd-darwin-64 2799ms (cache miss)
1239 silly packumentCache full:https://registry.npmjs.org/@cloudflare%2fworkerd-darwin-64 set size:undefined disposed:false
1240 silly placeDep node_modules/nitro @img/sharp-darwin-arm64@0.35.2 OK for: sharp@0.35.2 want: 0.35.2
1241 silly placeDep node_modules/nitro @img/sharp-darwin-x64@0.35.2 OK for: sharp@0.35.2 want: 0.35.2
1242 silly placeDep ROOT @img/sharp-freebsd-wasm32@0.35.2 OK for: sharp@0.35.2 want: 0.35.2
1243 silly placeDep node_modules/nitro @img/sharp-libvips-darwin-arm64@1.3.1 OK for: sharp@0.35.2 want: 1.3.1
1244 silly placeDep node_modules/nitro @img/sharp-libvips-darwin-x64@1.3.1 OK for: sharp@0.35.2 want: 1.3.1
1245 silly placeDep node_modules/nitro @img/sharp-libvips-linux-arm@1.3.1 OK for: sharp@0.35.2 want: 1.3.1
1246 silly placeDep node_modules/nitro @img/sharp-libvips-linux-arm64@1.3.1 OK for: sharp@0.35.2 want: 1.3.1
1247 silly placeDep node_modules/nitro @img/sharp-libvips-linux-ppc64@1.3.1 OK for: sharp@0.35.2 want: 1.3.1
1248 silly placeDep node_modules/nitro @img/sharp-libvips-linux-riscv64@1.3.1 OK for: sharp@0.35.2 want: 1.3.1
1249 silly placeDep node_modules/nitro @img/sharp-libvips-linux-s390x@1.3.1 OK for: sharp@0.35.2 want: 1.3.1
1250 silly placeDep node_modules/nitro @img/sharp-libvips-linux-x64@1.3.1 OK for: sharp@0.35.2 want: 1.3.1
1251 silly placeDep node_modules/nitro @img/sharp-libvips-linuxmusl-arm64@1.3.1 OK for: sharp@0.35.2 want: 1.3.1
1252 silly placeDep node_modules/nitro @img/sharp-libvips-linuxmusl-x64@1.3.1 OK for: sharp@0.35.2 want: 1.3.1
1253 silly placeDep node_modules/nitro @img/sharp-linux-arm@0.35.2 OK for: sharp@0.35.2 want: 0.35.2
1254 silly placeDep node_modules/nitro @img/sharp-linux-arm64@0.35.2 OK for: sharp@0.35.2 want: 0.35.2
1255 silly placeDep node_modules/nitro @img/sharp-linux-ppc64@0.35.2 OK for: sharp@0.35.2 want: 0.35.2
1256 silly placeDep node_modules/nitro @img/sharp-linux-riscv64@0.35.2 OK for: sharp@0.35.2 want: 0.35.2
1257 silly placeDep node_modules/nitro @img/sharp-linux-s390x@0.35.2 OK for: sharp@0.35.2 want: 0.35.2
1258 silly placeDep node_modules/nitro @img/sharp-linux-x64@0.35.2 OK for: sharp@0.35.2 want: 0.35.2
1259 silly placeDep node_modules/nitro @img/sharp-linuxmusl-arm64@0.35.2 OK for: sharp@0.35.2 want: 0.35.2
1260 silly placeDep node_modules/nitro @img/sharp-linuxmusl-x64@0.35.2 OK for: sharp@0.35.2 want: 0.35.2
1261 silly placeDep ROOT @img/sharp-webcontainers-wasm32@0.35.2 OK for: sharp@0.35.2 want: 0.35.2
1262 silly placeDep node_modules/nitro @img/sharp-win32-arm64@0.35.2 OK for: sharp@0.35.2 want: 0.35.2
1263 silly placeDep node_modules/nitro @img/sharp-win32-ia32@0.35.2 OK for: sharp@0.35.2 want: 0.35.2
1264 silly placeDep node_modules/nitro @img/sharp-win32-x64@0.35.2 OK for: sharp@0.35.2 want: 0.35.2
1265 silly placeDep node_modules/nitro semver@7.8.5 OK for: sharp@0.35.2 want: ^7.8.4
1266 silly fetch manifest @img/sharp-wasm32@0.35.2
1267 silly packumentCache full:https://registry.npmjs.org/@img%2fsharp-wasm32 cache-miss
1268 silly fetch manifest @img/sharp-wasm32@0.35.2
1269 silly packumentCache full:https://registry.npmjs.org/@img%2fsharp-wasm32 cache-miss
1270 http fetch GET 200 https://registry.npmjs.org/@img%2fsharp-wasm32 425ms (cache miss)
1271 silly packumentCache full:https://registry.npmjs.org/@img%2fsharp-wasm32 set size:undefined disposed:false
1272 http fetch GET 200 https://registry.npmjs.org/@img%2fsharp-wasm32 435ms (cache miss)
1273 silly packumentCache full:https://registry.npmjs.org/@img%2fsharp-wasm32 set size:undefined disposed:false
1274 silly placeDep node_modules/@img/sharp-freebsd-wasm32 @img/sharp-wasm32@0.35.2 OK for: @img/sharp-freebsd-wasm32@0.35.2 want: 0.35.2
1275 silly placeDep node_modules/@img/sharp-webcontainers-wasm32 @img/sharp-wasm32@0.35.2 OK for: @img/sharp-webcontainers-wasm32@0.35.2 want: 0.35.2
1276 silly placeDep node_modules/nitro @cloudflare/workerd-darwin-64@1.20260722.1 OK for: workerd@1.20260722.1 want: 1.20260722.1
1277 silly placeDep node_modules/nitro @cloudflare/workerd-darwin-arm64@1.20260722.1 OK for: workerd@1.20260722.1 want: 1.20260722.1
1278 silly placeDep node_modules/nitro @cloudflare/workerd-linux-64@1.20260722.1 OK for: workerd@1.20260722.1 want: 1.20260722.1
1279 silly placeDep node_modules/nitro @cloudflare/workerd-linux-arm64@1.20260722.1 OK for: workerd@1.20260722.1 want: 1.20260722.1
1280 silly placeDep node_modules/nitro @cloudflare/workerd-windows-64@1.20260722.1 OK for: workerd@1.20260722.1 want: 1.20260722.1
1281 silly reify moves {}
1282 silly audit bulk request {
1282 silly audit   '@babel/code-frame': [ '7.29.0', '7.27.1' ],
1282 silly audit   '@babel/compat-data': [ '7.29.0' ],
1282 silly audit   '@babel/core': [ '7.29.0' ],
1282 silly audit   '@babel/generator': [ '7.29.1' ],
1282 silly audit   '@babel/helper-compilation-targets': [ '7.28.6' ],
1282 silly audit   '@babel/helper-globals': [ '7.28.0' ],
1282 silly audit   '@babel/helper-module-imports': [ '7.28.6' ],
1282 silly audit   '@babel/helper-module-transforms': [ '7.28.6' ],
1282 silly audit   '@babel/helper-plugin-utils': [ '7.28.6' ],
1282 silly audit   '@babel/helper-string-parser': [ '7.27.1' ],
1282 silly audit   '@babel/helper-validator-identifier': [ '7.28.5' ],
1282 silly audit   '@babel/helper-validator-option': [ '7.27.1' ],
1282 silly audit   '@babel/helpers': [ '7.29.2' ],
1282 silly audit   '@babel/parser': [ '7.29.2' ],
1282 silly audit   '@babel/plugin-syntax-jsx': [ '7.28.6' ],
1282 silly audit   '@babel/plugin-syntax-typescript': [ '7.28.6' ],
1282 silly audit   '@babel/plugin-transform-react-jsx-self': [ '7.27.1' ],
1282 silly audit   '@babel/plugin-transform-react-jsx-source': [ '7.27.1' ],
1282 silly audit   '@babel/runtime': [ '7.29.2' ],
1282 silly audit   '@babel/template': [ '7.28.6' ],
1282 silly audit   '@babel/traverse': [ '7.29.0' ],
1282 silly audit   '@babel/types': [ '7.29.0' ],
1282 silly audit   '@cloudflare/kv-asset-handler': [ '0.4.2' ],
1282 silly audit   '@cloudflare/unenv-preset': [ '2.16.0' ],
1282 silly audit   '@cloudflare/vite-plugin': [ '1.32.2' ],
1282 silly audit   '@cloudflare/workerd-darwin-64': [ '1.20260410.1' ],
1282 silly audit   '@cloudflare/workerd-darwin-arm64': [ '1.20260410.1' ],
1282 silly audit   '@cloudflare/workerd-linux-64': [ '1.20260410.1' ],
1282 silly audit   '@cloudflare/workerd-linux-arm64': [ '1.20260410.1' ],
1282 silly audit   '@cloudflare/workerd-windows-64': [ '1.20260410.1' ],
1282 silly audit   '@cspotcode/source-map-support': [ '0.8.1' ],
1282 silly audit   '@jridgewell/trace-mapping': [ '0.3.9', '0.3.31' ],
1282 silly audit   '@date-fns/tz': [ '1.4.1' ],
1282 silly audit   '@esbuild/aix-ppc64': [ '0.27.7', '0.27.3' ],
1282 silly audit   '@esbuild/android-arm': [ '0.27.7', '0.27.3' ],
1282 silly audit   '@esbuild/android-arm64': [ '0.27.7', '0.27.3' ],
1282 silly audit   '@esbuild/android-x64': [ '0.27.7', '0.27.3' ],
1282 silly audit   '@esbuild/darwin-arm64': [ '0.27.7', '0.27.3' ],
1282 silly audit   '@esbuild/darwin-x64': [ '0.27.7', '0.27.3' ],
1282 silly audit   '@esbuild/freebsd-arm64': [ '0.27.7', '0.27.3' ],
1282 silly audit   '@esbuild/freebsd-x64': [ '0.27.7', '0.27.3' ],
1282 silly audit   '@esbuild/linux-arm': [ '0.27.7', '0.27.3' ],
1282 silly audit   '@esbuild/linux-arm64': [ '0.27.7', '0.27.3' ],
1282 silly audit   '@esbuild/linux-ia32': [ '0.27.7', '0.27.3' ],
1282 silly audit   '@esbuild/linux-loong64': [ '0.27.7', '0.27.3' ],
1282 silly audit   '@esbuild/linux-mips64el': [ '0.27.7', '0.27.3' ],
1282 silly audit   '@esbuild/linux-ppc64': [ '0.27.7', '0.27.3' ],
1282 silly audit   '@esbuild/linux-riscv64': [ '0.27.7', '0.27.3' ],
1282 silly audit   '@esbuild/linux-s390x': [ '0.27.7', '0.27.3' ],
1282 silly audit   '@esbuild/linux-x64': [ '0.27.7', '0.27.3' ],
1282 silly audit   '@esbuild/netbsd-arm64': [ '0.27.7', '0.27.3' ],
1282 silly audit   '@esbuild/netbsd-x64': [ '0.27.7', '0.27.3' ],
1282 silly audit   '@esbuild/openbsd-arm64': [ '0.27.7', '0.27.3' ],
1282 silly audit   '@esbuild/openbsd-x64': [ '0.27.7', '0.27.3' ],
1282 silly audit   '@esbuild/openharmony-arm64': [ '0.27.7', '0.27.3' ],
1282 silly audit   '@esbuild/sunos-x64': [ '0.27.7', '0.27.3' ],
1282 silly audit   '@esbuild/win32-arm64': [ '0.27.7', '0.27.3' ],
1282 silly audit   '@esbuild/win32-ia32': [ '0.27.7', '0.27.3' ],
1282 silly audit   '@esbuild/win32-x64': [ '0.27.7', '0.27.3' ],
1282 silly audit   '@eslint-community/eslint-utils': [ '4.9.1' ],
1282 silly audit   'eslint-visitor-keys': [ '3.4.3', '5.0.1', '4.2.1' ],
1282 silly audit   '@eslint-community/regexpp': [ '4.12.2' ],
1282 silly audit   '@eslint/config-array': [ '0.21.2' ],
1282 silly audit   '@eslint/config-helpers': [ '0.4.2' ],
1282 silly audit   '@eslint/core': [ '0.17.0' ],
1282 silly audit   '@eslint/eslintrc': [ '3.3.5' ],
1282 silly audit   globals: [ '14.0.0', '15.15.0' ],
1282 silly audit   '@eslint/js': [ '9.39.4' ],
1282 silly audit   '@eslint/object-schema': [ '2.1.7' ],
1282 silly audit   '@eslint/plugin-kit': [ '0.4.1' ],
1282 silly audit   '@floating-ui/core': [ '1.7.5' ],
1282 silly audit   '@floating-ui/dom': [ '1.7.6' ],
1282 silly audit   '@floating-ui/react-dom': [ '2.1.8' ],
1282 silly audit   '@floating-ui/utils': [ '0.2.11' ],
1282 silly audit   '@hookform/resolvers': [ '5.2.2' ],
1282 silly audit   '@humanfs/core': [ '0.19.1' ],
1282 silly audit   '@humanfs/node': [ '0.16.7' ],
1282 silly audit   '@humanwhocodes/module-importer': [ '1.0.1' ],
1282 silly audit   '@humanwhocodes/retry': [ '0.4.3' ],
1282 silly audit   '@img/colour': [ '1.1.0' ],
1282 silly audit   '@img/sharp-darwin-arm64': [ '0.34.5' ],
1282 silly audit   '@img/sharp-darwin-x64': [ '0.34.5' ],
1282 silly audit   '@img/sharp-libvips-darwin-arm64': [ '1.2.4' ],
1282 silly audit   '@img/sharp-libvips-darwin-x64': [ '1.2.4' ],
1282 silly audit   '@img/sharp-libvips-linux-arm': [ '1.2.4' ],
1282 silly audit   '@img/sharp-libvips-linux-arm64': [ '1.2.4' ],
1282 silly audit   '@img/sharp-libvips-linux-ppc64': [ '1.2.4' ],
1282 silly audit   '@img/sharp-libvips-linux-riscv64': [ '1.2.4' ],
1282 silly audit   '@img/sharp-libvips-linux-s390x': [ '1.2.4' ],
1282 silly audit   '@img/sharp-libvips-linux-x64': [ '1.2.4' ],
1282 silly audit   '@img/sharp-libvips-linuxmusl-arm64': [ '1.2.4' ],
1282 silly audit   '@img/sharp-libvips-linuxmusl-x64': [ '1.2.4' ],
1282 silly audit   '@img/sharp-linux-arm': [ '0.34.5' ],
1282 silly audit   '@img/sharp-linux-arm64': [ '0.34.5' ],
1282 silly audit   '@img/sharp-linux-ppc64': [ '0.34.5' ],
1282 silly audit   '@img/sharp-linux-riscv64': [ '0.34.5' ],
1282 silly audit   '@img/sharp-linux-s390x': [ '0.34.5' ],
1282 silly audit   '@img/sharp-linux-x64': [ '0.34.5' ],
1282 silly audit   '@img/sharp-linuxmusl-arm64': [ '0.34.5' ],
1282 silly audit   '@img/sharp-linuxmusl-x64': [ '0.34.5' ],
1282 silly audit   '@img/sharp-wasm32': [ '0.34.5' ],
1282 silly audit   '@img/sharp-win32-arm64': [ '0.34.5' ],
1282 silly audit   '@img/sharp-win32-ia32': [ '0.34.5' ],
1282 silly audit   '@img/sharp-win32-x64': [ '0.34.5' ],
1282 silly audit   '@jridgewell/gen-mapping': [ '0.3.13' ],
1282 silly audit   '@jridgewell/remapping': [ '2.3.5' ],
1282 silly audit   '@jridgewell/resolve-uri': [ '3.1.2' ],
1282 silly audit   '@jridgewell/sourcemap-codec': [ '1.5.5' ],
1282 silly audit   '@oozcitak/dom': [ '2.0.2' ],
1282 silly audit   '@oozcitak/infra': [ '2.0.2' ],
1282 silly audit   '@oozcitak/url': [ '3.0.0' ],
1282 silly audit   '@oozcitak/util': [ '10.0.0' ],
1282 silly audit   '@pkgr/core': [ '0.2.9' ],
1282 silly audit   '@poppinss/colors': [ '4.1.6' ],
1282 silly audit   '@poppinss/dumper': [ '0.6.5' ],
1282 silly audit   'supports-color': [ '10.2.2', '7.2.0' ],
1282 silly audit   '@poppinss/exception': [ '1.2.3' ],
1282 silly audit   '@radix-ui/number': [ '1.1.1' ],
1282 silly audit   '@radix-ui/primitive': [ '1.1.3' ],
1282 silly audit   '@radix-ui/react-accordion': [ '1.2.12' ],
1282 silly audit   '@radix-ui/react-alert-dialog': [ '1.1.15' ],
1282 silly audit   '@radix-ui/react-slot': [ '1.2.3', '1.2.4' ],
1282 silly audit   '@radix-ui/react-arrow': [ '1.1.7' ],
1282 silly audit   '@radix-ui/react-aspect-ratio': [ '1.1.8' ],
1282 silly audit   '@radix-ui/react-primitive': [ '2.1.4', '2.1.3' ],
1282 silly audit   '@radix-ui/react-avatar': [ '1.1.11' ],
1282 silly audit   '@radix-ui/react-context': [ '1.1.3', '1.1.2' ],
1282 silly audit   '@radix-ui/react-checkbox': [ '1.3.3' ],
1282 silly audit   '@radix-ui/react-collapsible': [ '1.1.12' ],
1282 silly audit   '@radix-ui/react-collection': [ '1.1.7' ],
1282 silly audit   '@radix-ui/react-compose-refs': [ '1.1.2' ],
1282 silly audit   '@radix-ui/react-context-menu': [ '2.2.16' ],
1282 silly audit   '@radix-ui/react-dialog': [ '1.1.15' ],
1282 silly audit   '@radix-ui/react-direction': [ '1.1.1' ],
1282 silly audit   '@radix-ui/react-dismissable-layer': [ '1.1.11' ],
1282 silly audit   '@radix-ui/react-dropdown-menu': [ '2.1.16' ],
1282 silly audit   '@radix-ui/react-focus-guards': [ '1.1.3' ],
1282 silly audit   '@radix-ui/react-focus-scope': [ '1.1.7' ],
1282 silly audit   '@radix-ui/react-hover-card': [ '1.1.15' ],
1282 silly audit   '@radix-ui/react-id': [ '1.1.1' ],
1282 silly audit   '@radix-ui/react-label': [ '2.1.8' ],
1282 silly audit   '@radix-ui/react-menu': [ '2.1.16' ],
1282 silly audit   '@radix-ui/react-menubar': [ '1.1.16' ],
1282 silly audit   '@radix-ui/react-navigation-menu': [ '1.2.14' ],
1282 silly audit   '@radix-ui/react-popover': [ '1.1.15' ],
1282 silly audit   '@radix-ui/react-popper': [ '1.2.8' ],
1282 silly audit   '@radix-ui/react-portal': [ '1.1.9' ],
1282 silly audit   '@radix-ui/react-presence': [ '1.1.5' ],
1282 silly audit   '@radix-ui/react-progress': [ '1.1.8' ],
1282 silly audit   '@radix-ui/react-radio-group': [ '1.3.8' ],
1282 silly audit   '@radix-ui/react-roving-focus': [ '1.1.11' ],
1282 silly audit   '@radix-ui/react-scroll-area': [ '1.2.10' ],
1282 silly audit   '@radix-ui/react-select': [ '2.2.6' ],
1282 silly audit   '@radix-ui/react-separator': [ '1.1.8' ],
1282 silly audit   '@radix-ui/react-slider': [ '1.3.6' ],
1282 silly audit   '@radix-ui/react-switch': [ '1.2.6' ],
1282 silly audit   '@radix-ui/react-tabs': [ '1.1.13' ],
1282 silly audit   '@radix-ui/react-toggle': [ '1.1.10' ],
1282 silly audit   '@radix-ui/react-toggle-group': [ '1.1.11' ],
1282 silly audit   '@radix-ui/react-tooltip': [ '1.2.8' ],
1282 silly audit   '@radix-ui/react-use-callback-ref': [ '1.1.1' ],
1282 silly audit   '@radix-ui/react-use-controllable-state': [ '1.2.2' ],
1282 silly audit   '@radix-ui/react-use-effect-event': [ '0.0.2' ],
1282 silly audit   '@radix-ui/react-use-escape-keydown': [ '1.1.1' ],
1282 silly audit   '@radix-ui/react-use-is-hydrated': [ '0.1.0' ],
1282 silly audit   '@radix-ui/react-use-layout-effect': [ '1.1.1' ],
1282 silly audit   '@radix-ui/react-use-previous': [ '1.1.1' ],
1282 silly audit   '@radix-ui/react-use-rect': [ '1.1.1' ],
1282 silly audit   '@radix-ui/react-use-size': [ '1.1.1' ],
1282 silly audit   '@radix-ui/react-visually-hidden': [ '1.2.3' ],
1282 silly audit   '@radix-ui/rect': [ '1.1.1' ],
1282 silly audit   '@rolldown/pluginutils': [ '1.0.0-beta.40', '1.0.0-rc.3', '1.0.1' ],
1282 silly audit   '@sindresorhus/is': [ '7.2.0' ],
1282 silly audit   '@speed-highlight/core': [ '1.2.15' ],
1282 silly audit   '@standard-schema/utils': [ '0.3.0' ],
1282 silly audit   '@tabby_ai/hijri-converter': [ '1.0.5' ],
1282 silly audit   '@tailwindcss/node': [ '4.2.2' ],
1282 silly audit   '@tailwindcss/oxide': [ '4.2.2' ],
1282 silly audit   '@tailwindcss/oxide-android-arm64': [ '4.2.2' ],
1282 silly audit   '@tailwindcss/oxide-darwin-arm64': [ '4.2.2' ],
1282 silly audit   '@tailwindcss/oxide-darwin-x64': [ '4.2.2' ],
1282 silly audit   '@tailwindcss/oxide-freebsd-x64': [ '4.2.2' ],
1282 silly audit   '@tailwindcss/oxide-linux-arm-gnueabihf': [ '4.2.2' ],
1282 silly audit   '@tailwindcss/oxide-linux-arm64-gnu': [ '4.2.2' ],
1282 silly audit   '@tailwindcss/oxide-linux-arm64-musl': [ '4.2.2' ],
1282 silly audit   '@tailwindcss/oxide-linux-x64-gnu': [ '4.2.2' ],
1282 silly audit   '@tailwindcss/oxide-linux-x64-musl': [ '4.2.2' ],
1282 silly audit   '@tailwindcss/oxide-wasm32-wasi': [ '4.2.2' ],
1282 silly audit   '@tailwindcss/oxide-win32-arm64-msvc': [ '4.2.2' ],
1282 silly audit   '@tailwindcss/oxide-win32-x64-msvc': [ '4.2.2' ],
1282 silly audit   '@tailwindcss/vite': [ '4.2.2' ],
1282 silly audit   '@tanstack/history': [ '1.161.6' ],
1282 silly audit   '@tanstack/query-core': [ '5.99.0' ],
1282 silly audit   '@tanstack/react-query': [ '5.99.0' ],
1282 silly audit   '@tanstack/react-router': [ '1.168.21' ],
1282 silly audit   '@tanstack/react-start': [ '1.167.39' ],
1282 silly audit   '@tanstack/react-start-client': [ '1.166.38' ],
1282 silly audit   '@tanstack/react-start-rsc': [ '0.0.18' ],
1282 silly audit   '@tanstack/react-start-server': [ '1.166.39' ],
1282 silly audit   '@tanstack/react-store': [ '0.9.3' ],
1282 silly audit   '@tanstack/router-core': [ '1.168.15' ],
1282 silly audit   '@tanstack/router-generator': [ '1.166.32' ],
1282 silly audit   '@tanstack/router-plugin': [ '1.167.22' ],
1282 silly audit   '@tanstack/router-utils': [ '1.161.6' ],
1282 silly audit   '@tanstack/start-client-core': [ '1.167.17' ],
1282 silly audit   '@tanstack/start-fn-stubs': [ '1.161.6' ],
1282 silly audit   '@tanstack/start-plugin-core': [ '1.167.34' ],
1282 silly audit   '@tanstack/start-server-core': [ '1.167.19' ],
1282 silly audit   '@tanstack/start-storage-context': [ '1.166.29' ],
1282 silly audit   '@tanstack/store': [ '0.9.3' ],
1282 silly audit   '@tanstack/virtual-file-routes': [ '1.161.7' ],
1282 silly audit   '@types/babel__core': [ '7.20.5' ],
1282 silly audit   '@types/babel__generator': [ '7.27.0' ],
1282 silly audit   '@types/babel__template': [ '7.4.4' ],
1282 silly audit   '@types/babel__traverse': [ '7.28.0' ],
1282 silly audit   '@types/d3-array': [ '3.2.2' ],
1282 silly audit   '@types/d3-color': [ '3.1.3' ],
1282 silly audit   '@types/d3-ease': [ '3.0.2' ],
1282 silly audit   '@types/d3-interpolate': [ '3.0.4' ],
1282 silly audit   '@types/d3-path': [ '3.1.1' ],
1282 silly audit   '@types/d3-scale': [ '4.0.9' ],
1282 silly audit   '@types/d3-shape': [ '3.1.8' ],
1282 silly audit   '@types/d3-time': [ '3.0.4' ],
1282 silly audit   '@types/d3-timer': [ '3.0.2' ],
1282 silly audit   '@types/json-schema': [ '7.0.15' ],
1282 silly audit   '@types/node': [ '22.19.17' ],
1282 silly audit   '@types/react': [ '19.2.14' ],
1282 silly audit   '@types/react-dom': [ '19.2.3' ],
1282 silly audit   '@typescript-eslint/eslint-plugin': [ '8.58.2' ],
1282 silly audit   ignore: [ '7.0.5', '5.3.2' ],
1282 silly audit   '@typescript-eslint/parser': [ '8.58.2' ],
1282 silly audit   '@typescript-eslint/project-service': [ '8.58.2' ],
1282 silly audit   '@typescript-eslint/scope-manager': [ '8.58.2' ],
1282 silly audit   '@typescript-eslint/tsconfig-utils': [ '8.58.2' ],
1282 silly audit   '@typescript-eslint/type-utils': [ '8.58.2' ],
1282 silly audit   '@typescript-eslint/types': [ '8.58.2' ],
1282 silly audit   '@typescript-eslint/typescript-estree': [ '8.58.2' ],
1282 silly audit   'balanced-match': [ '4.0.4', '1.0.2' ],
1282 silly audit   'brace-expansion': [ '5.0.5', '1.1.14' ],
1282 silly audit   minimatch: [ '10.2.5', '3.1.5' ],
1282 silly audit   semver: [ '7.7.4', '6.3.1' ],
1282 silly audit   '@typescript-eslint/utils': [ '8.58.2' ],
1282 silly audit   '@typescript-eslint/visitor-keys': [ '8.58.2' ],
1282 silly audit   '@vitejs/plugin-react': [ '5.2.0' ],
1282 silly audit   acorn: [ '8.16.0' ],
1282 silly audit   'acorn-jsx': [ '5.3.2' ],
1282 silly audit   ajv: [ '6.14.0' ],
1282 silly audit   'ansi-styles': [ '4.3.0' ],
1282 silly audit   ansis: [ '4.2.0' ],
1282 silly audit   anymatch: [ '3.1.3' ],
1282 silly audit   picomatch: [ '2.3.2', '4.0.4' ],
1282 silly audit   argparse: [ '2.0.1' ],
1282 silly audit   'aria-hidden': [ '1.2.6' ],
1282 silly audit   'babel-dead-code-elimination': [ '1.0.12' ],
1282 silly audit   'baseline-browser-mapping': [ '2.10.18' ],
1282 silly audit   'binary-extensions': [ '2.3.0' ],
1282 silly audit   'blake3-wasm': [ '2.1.5' ],
1282 silly audit   boolbase: [ '1.0.0' ],
1282 silly audit   braces: [ '3.0.3' ],
1282 silly audit   browserslist: [ '4.28.2' ],
1282 silly audit   callsites: [ '3.1.0' ],
1282 silly audit   'caniuse-lite': [ '1.0.30001788' ],
1282 silly audit   chalk: [ '4.1.2', '5.6.2' ],
1282 silly audit   cheerio: [ '1.2.0' ],
1282 silly audit   'cheerio-select': [ '2.1.0' ],
1282 silly audit   chokidar: [ '3.6.0' ],
1282 silly audit   'class-variance-authority': [ '0.7.1' ],
1282 silly audit   clsx: [ '2.1.1' ],
1282 silly audit   cmdk: [ '1.1.1' ],
1282 silly audit   'color-convert': [ '2.0.1' ],
1282 silly audit   'color-name': [ '1.1.4' ],
1282 silly audit   'concat-map': [ '0.0.1' ],
1282 silly audit   'convert-source-map': [ '2.0.0' ],
1282 silly audit   cookie: [ '1.1.1' ],
1282 silly audit   'cookie-es': [ '3.1.1' ],
1282 silly audit   'cross-spawn': [ '7.0.6' ],
1282 silly audit   'css-select': [ '5.2.2' ],
1282 silly audit   'css-what': [ '6.2.2' ],
1282 silly audit   csstype: [ '3.2.3' ],
1282 silly audit   'd3-array': [ '3.2.4' ],
1282 silly audit   'd3-color': [ '3.1.0' ],
1282 silly audit   'd3-ease': [ '3.0.1' ],
1282 silly audit   'd3-format': [ '3.1.2' ],
1282 silly audit   'd3-interpolate': [ '3.0.1' ],
1282 silly audit   'd3-path': [ '3.1.0' ],
1282 silly audit   'd3-scale': [ '4.0.2' ],
1282 silly audit   'd3-shape': [ '3.2.0' ],
1282 silly audit   'd3-time': [ '3.1.0' ],
1282 silly audit   'd3-time-format': [ '4.1.0' ],
1282 silly audit   'd3-timer': [ '3.0.1' ],
1282 silly audit   'date-fns': [ '4.1.0' ],
1282 silly audit   'date-fns-jalali': [ '4.1.0-0' ],
1282 silly audit   debug: [ '4.4.3' ],
1282 silly audit   'decimal.js-light': [ '2.5.1' ],
1282 silly audit   'deep-is': [ '0.1.4' ],
1282 silly audit   'detect-libc': [ '2.1.2' ],
1282 silly audit   'detect-node-es': [ '1.1.0' ],
1282 silly audit   diff: [ '8.0.4' ],
1282 silly audit   'dom-helpers': [ '5.2.1' ],
1282 silly audit   'dom-serializer': [ '2.0.0' ],
1282 silly audit   domelementtype: [ '2.3.0' ],
1282 silly audit   domhandler: [ '5.0.3' ],
1282 silly audit   domutils: [ '3.2.2' ],
1282 silly audit   'electron-to-chromium': [ '1.5.336' ],
1282 silly audit   'embla-carousel': [ '8.6.0' ],
1282 silly audit   'embla-carousel-react': [ '8.6.0' ],
1282 silly audit   'embla-carousel-reactive-utils': [ '8.6.0' ],
1282 silly audit   'encoding-sniffer': [ '0.2.1' ],
1282 silly audit   'enhanced-resolve': [ '5.20.1' ],
1282 silly audit   entities: [ '4.5.0', '7.0.1', '6.0.1' ],
1282 silly audit   'error-stack-parser-es': [ '1.0.5' ],
1282 silly audit   esbuild: [ '0.27.7', '0.27.3' ],
1282 silly audit   escalade: [ '3.2.0' ],
1282 silly audit   'escape-string-regexp': [ '4.0.0' ],
1282 silly audit   eslint: [ '9.39.4' ],
1282 silly audit   'eslint-config-prettier': [ '10.1.8' ],
1282 silly audit   'eslint-plugin-prettier': [ '5.5.5' ],
1282 silly audit   'eslint-plugin-react-hooks': [ '5.2.0' ],
1282 silly audit   'eslint-plugin-react-refresh': [ '0.4.26' ],
1282 silly audit   'eslint-scope': [ '8.4.0' ],
1282 silly audit   'glob-parent': [ '6.0.2', '5.1.2' ],
1282 silly audit   espree: [ '10.4.0' ],
1282 silly audit   esquery: [ '1.7.0' ],
1282 silly audit   esrecurse: [ '4.3.0' ],
1282 silly audit   estraverse: [ '5.3.0' ],
1282 silly audit   esutils: [ '2.0.3' ],
1282 silly audit   eventemitter3: [ '4.0.7' ],
1282 silly audit   'fast-deep-equal': [ '3.1.3' ],
1282 silly audit   'fast-diff': [ '1.3.0' ],
1282 silly audit   'fast-equals': [ '5.4.0' ],
1282 silly audit   'fast-json-stable-stringify': [ '2.1.0' ],
1282 silly audit   'fast-levenshtein': [ '2.0.6' ],
1282 silly audit   fdir: [ '6.5.0' ],
1282 silly audit   'file-entry-cache': [ '8.0.0' ],
1282 silly audit   'fill-range': [ '7.1.1' ],
1282 silly audit   'find-up': [ '5.0.0' ],
1282 silly audit   'flat-cache': [ '4.0.1' ],
1282 silly audit   flatted: [ '3.4.2' ],
1282 silly audit   fsevents: [ '2.3.3' ],
1282 silly audit   gensync: [ '1.0.0-beta.2' ],
1282 silly audit   'get-nonce': [ '1.0.1' ],
1282 silly audit   'get-tsconfig': [ '4.13.7' ],
1282 silly audit   globrex: [ '0.1.2' ],
1282 silly audit   'graceful-fs': [ '4.2.11' ],
1282 silly audit   h3: [ '2.0.1-rc.20', '2.0.1-rc.26' ],
1282 silly audit   'has-flag': [ '4.0.0' ],
1282 silly audit   htmlparser2: [ '10.1.0' ],
1282 silly audit   'iconv-lite': [ '0.6.3' ],
1282 silly audit   'import-fresh': [ '3.3.1' ],
1282 silly audit   imurmurhash: [ '0.1.4' ],
1282 silly audit   'input-otp': [ '1.4.2' ],
1282 silly audit   internmap: [ '2.0.3' ],
1282 silly audit   'is-binary-path': [ '2.1.0' ],
1282 silly audit   'is-extglob': [ '2.1.1' ],
1282 silly audit   'is-glob': [ '4.0.3' ],
1282 silly audit   'is-number': [ '7.0.0' ],
1282 silly audit   isbot: [ '5.1.38' ],
1282 silly audit   isexe: [ '2.0.0' ],
1282 silly audit   'js-tokens': [ '4.0.0' ],
1282 silly audit   'js-yaml': [ '4.1.1' ],
1282 silly audit   jsesc: [ '3.1.0' ],
1282 silly audit   'json-buffer': [ '3.0.1' ],
1282 silly audit   'json-schema-traverse': [ '0.4.1' ],
1282 silly audit   'json-stable-stringify-without-jsonify': [ '1.0.1' ],
1282 silly audit   json5: [ '2.2.3' ],
1282 silly audit   keyv: [ '4.5.4' ],
1282 silly audit   kleur: [ '4.1.5' ],
1282 silly audit   levn: [ '0.4.1' ],
1282 silly audit   lightningcss: [ '1.32.0' ],
1282 silly audit   'lightningcss-android-arm64': [ '1.32.0' ],
1282 silly audit   'lightningcss-darwin-arm64': [ '1.32.0' ],
1282 silly audit   'lightningcss-darwin-x64': [ '1.32.0' ],
1282 silly audit   'lightningcss-freebsd-x64': [ '1.32.0' ],
1282 silly audit   'lightningcss-linux-arm-gnueabihf': [ '1.32.0' ],
1282 silly audit   'lightningcss-linux-arm64-gnu': [ '1.32.0' ],
1282 silly audit   'lightningcss-linux-arm64-musl': [ '1.32.0' ],
1282 silly audit   'lightningcss-linux-x64-gnu': [ '1.32.0' ],
1282 silly audit   'lightningcss-linux-x64-musl': [ '1.32.0' ],
1282 silly audit   'lightningcss-win32-arm64-msvc': [ '1.32.0' ],
1282 silly audit   'lightningcss-win32-x64-msvc': [ '1.32.0' ],
1282 silly audit   'locate-path': [ '6.0.0' ],
1282 silly audit   lodash: [ '4.18.1' ],
1282 silly audit   'lodash.merge': [ '4.6.2' ],
1282 silly audit   'loose-envify': [ '1.4.0' ],
1282 silly audit   tailwindcss: [ '4.2.2' ],
1282 silly audit   'lru-cache': [ '5.1.1' ],
1282 silly audit   'lucide-react': [ '0.575.0' ],
1282 silly audit   'magic-string': [ '0.30.21' ],
1282 silly audit   miniflare: [ '4.20260410.0' ],
1282 silly audit   undici: [ '7.24.4', '7.28.0' ],
1282 silly audit   ms: [ '2.1.3' ],
1282 silly audit   nanoid: [ '3.3.11' ],
1282 silly audit   'natural-compare': [ '1.4.0' ],
1282 silly audit   'node-releases': [ '2.0.37' ],
1282 silly audit   'normalize-path': [ '3.0.0' ],
1282 silly audit   'nth-check': [ '2.1.1' ],
1282 silly audit   'object-assign': [ '4.1.1' ],
1282 silly audit   optionator: [ '0.9.4' ],
1282 silly audit   'p-limit': [ '3.1.0' ],
1282 silly audit   'p-locate': [ '5.0.0' ],
1282 silly audit   'parent-module': [ '1.0.1' ],
1282 silly audit   parse5: [ '7.3.0' ],
1282 silly audit   'parse5-htmlparser2-tree-adapter': [ '7.1.0' ],
1282 silly audit   'parse5-parser-stream': [ '7.1.2' ],
1282 silly audit   'path-exists': [ '4.0.0' ],
1282 silly audit   'path-key': [ '3.1.1' ],
1282 silly audit   'path-to-regexp': [ '6.3.0' ],
1282 silly audit   pathe: [ '2.0.3' ],
1282 silly audit   picocolors: [ '1.1.1' ],
1282 silly audit   postcss: [ '8.5.9' ],
1282 silly audit   'prelude-ls': [ '1.2.1' ],
1282 silly audit   prettier: [ '3.8.2' ],
1282 silly audit   'prettier-linter-helpers': [ '1.0.1' ],
1282 silly audit   'prop-types': [ '15.8.1' ],
1282 silly audit   'react-is': [ '16.13.1', '18.3.1' ],
1282 silly audit   punycode: [ '2.3.1' ],
1282 silly audit   react: [ '19.2.5' ],
1282 silly audit   'react-day-picker': [ '9.14.0' ],
1282 silly audit   'react-dom': [ '19.2.5' ],
1282 silly audit   'react-hook-form': [ '7.72.1' ],
1282 silly audit   'react-refresh': [ '0.18.0' ],
1282 silly audit   'react-remove-scroll': [ '2.7.2' ],
1282 silly audit   'react-remove-scroll-bar': [ '2.3.8' ],
1282 silly audit   'react-resizable-panels': [ '4.10.0' ],
1282 silly audit   'react-smooth': [ '4.0.4' ],
1282 silly audit   'react-style-singleton': [ '2.2.3' ],
1282 silly audit   'react-transition-group': [ '4.4.5' ],
1282 silly audit   readdirp: [ '3.6.0' ],
1282 silly audit   recharts: [ '2.15.4' ],
1282 silly audit   'recharts-scale': [ '0.4.5' ],
1282 silly audit   'resolve-from': [ '4.0.0' ],
1282 silly audit   'resolve-pkg-maps': [ '1.0.0' ],
1282 silly audit   rou3: [ '0.8.1', '0.9.1' ],
1282 silly audit   'safer-buffer': [ '2.1.2' ],
1282 silly audit   scheduler: [ '0.27.0' ],
1282 silly audit   seroval: [ '1.5.2' ],
1282 silly audit   'seroval-plugins': [ '1.5.2' ],
1282 silly audit   sharp: [ '0.34.5' ],
1282 silly audit   'shebang-command': [ '2.0.0' ],
1282 silly audit   'shebang-regex': [ '3.0.0' ],
1282 silly audit   sonner: [ '2.0.7' ],
1282 silly audit   'source-map': [ '0.7.6' ],
1282 silly audit   'source-map-js': [ '1.2.1' ],
1282 silly audit   srvx: [ '0.11.15', '0.11.22', '0.12.4' ],
1282 silly audit   'strip-json-comments': [ '3.1.1' ],
1282 silly audit   synckit: [ '0.11.12' ],
1282 silly audit   'tailwind-merge': [ '3.5.0' ],
1282 silly audit   tapable: [ '2.3.2' ],
1282 silly audit   'tiny-invariant': [ '1.3.3' ],
1282 silly audit   tinyglobby: [ '0.2.16' ],
1282 silly audit   'to-regex-range': [ '5.0.1' ],
1282 silly audit   'ts-api-utils': [ '2.5.0' ],
1282 silly audit   tsconfck: [ '3.1.6' ],
1282 silly audit   tslib: [ '2.8.1' ],
1282 silly audit   tsx: [ '4.21.0' ],
1282 silly audit   'tw-animate-css': [ '1.4.0' ],
1282 silly audit   'type-check': [ '0.4.0' ],
1282 silly audit   typescript: [ '5.9.3' ],
1282 silly audit   'typescript-eslint': [ '8.58.2' ],
1282 silly audit   ufo: [ '1.6.3' ],
1282 silly audit   'undici-types': [ '6.21.0' ],
1282 silly audit   unenv: [ '2.0.0-rc.24' ],
1282 silly audit   unplugin: [ '2.3.11' ],
1282 silly audit   'update-browserslist-db': [ '1.2.3' ],
1282 silly audit   'uri-js': [ '4.4.1' ],
1282 silly audit   'use-callback-ref': [ '1.3.3' ],
1282 silly audit   'use-sidecar': [ '1.1.3' ],
1282 silly audit   'use-sync-external-store': [ '1.6.0' ],
1282 silly audit   vaul: [ '1.1.2' ],
1282 silly audit   'victory-vendor': [ '36.9.2' ],
1282 silly audit   vite: [ '7.3.2' ],
1282 silly audit   'vite-tsconfig-paths': [ '6.1.1' ],
1282 silly audit   vitefu: [ '1.1.3' ],
1282 silly audit   'webpack-virtual-modules': [ '0.6.2' ],
1282 silly audit   'whatwg-encoding': [ '3.1.1' ],
1282 silly audit   'whatwg-mimetype': [ '4.0.0' ],
1282 silly audit   which: [ '2.0.2' ],
1282 silly audit   'word-wrap': [ '1.2.5' ],
1282 silly audit   workerd: [ '1.20260410.1' ],
1282 silly audit   wrangler: [ '4.82.2' ],
1282 silly audit   ws: [ '8.18.0', '8.21.1' ],
1282 silly audit   xmlbuilder2: [ '4.0.3' ],
1282 silly audit   yallist: [ '3.1.1' ],
1282 silly audit   'yocto-queue': [ '0.1.0' ],
1282 silly audit   youch: [ '4.1.0-beta.10' ],
1282 silly audit   'youch-core': [ '0.3.3' ],
1282 silly audit   zod: [ '3.25.76' ],
1282 silly audit   '@lovable.dev/vite-tanstack-config': [ '2.7.7' ],
1282 silly audit   '@supabase/supabase-js': [ '2.110.9' ],
1282 silly audit   nitro: [ '3.0.260603-beta' ],
1282 silly audit   jiti: [ '2.7.0' ],
1282 silly audit   rollup: [ '4.62.3' ],
1282 silly audit   xlsx: [ '0.18.5' ],
1282 silly audit   '@lovable.dev/vite-plugin-dev-server-bridge': [ '1.2.1' ],
1282 silly audit   '@lovable.dev/vite-plugin-hmr-gate': [ '1.1.4' ],
1282 silly audit   '@tanstack/devtools-vite': [ '0.8.3' ],
1282 silly audit   '@supabase/auth-js': [ '2.110.9' ],
1282 silly audit   '@supabase/functions-js': [ '2.110.9' ],
1282 silly audit   '@supabase/postgrest-js': [ '2.110.9' ],
1282 silly audit   '@supabase/realtime-js': [ '2.110.9' ],
1282 silly audit   '@supabase/storage-js': [ '2.110.9' ],
1282 silly audit   '@supabase/phoenix': [ '0.4.5' ],
1282 silly audit   'iceberg-js': [ '0.8.1' ],
1282 silly audit   '@tanstack/devtools-bundler-core': [ '0.1.1' ],
1282 silly audit   '@tanstack/devtools-client': [ '0.0.8' ],
1282 silly audit   '@tanstack/devtools-event-bus': [ '0.4.2' ],
1282 silly audit   'launch-editor': [ '2.14.1' ],
1282 silly audit   'oxc-parser': [ '0.120.0' ],
1282 silly audit   '@tanstack/devtools-event-client': [ '0.5.0' ],
1282 silly audit   'shell-quote': [ '1.10.0' ],
1282 silly audit   consola: [ '3.4.2' ],
1282 silly audit   crossws: [ '0.4.10' ],
1282 silly audit   db0: [ '0.3.4' ],
1282 silly audit   'env-runner': [ '0.1.16' ],
1282 silly audit   hookable: [ '6.1.1' ],
1282 silly audit   nf3: [ '0.3.23' ],
1282 silly audit   ocache: [ '0.1.5' ],
1282 silly audit   ofetch: [ '2.0.0-alpha.3' ],
1282 silly audit   ohash: [ '2.0.11' ],
1282 silly audit   rolldown: [ '1.2.0' ],
1282 silly audit   unstorage: [ '2.0.0-alpha.7' ],
1282 silly audit   '@oxc-parser/binding-android-arm-eabi': [ '0.120.0' ],
1282 silly audit   '@oxc-parser/binding-android-arm64': [ '0.120.0' ],
1282 silly audit   '@oxc-parser/binding-darwin-arm64': [ '0.120.0' ],
1282 silly audit   '@oxc-parser/binding-darwin-x64': [ '0.120.0' ],
1282 silly audit   '@oxc-parser/binding-freebsd-x64': [ '0.120.0' ],
1282 silly audit   '@oxc-parser/binding-linux-arm-gnueabihf': [ '0.120.0' ],
1282 silly audit   '@oxc-parser/binding-linux-arm-musleabihf': [ '0.120.0' ],
1282 silly audit   '@oxc-parser/binding-linux-arm64-gnu': [ '0.120.0' ],
1282 silly audit   '@oxc-parser/binding-linux-arm64-musl': [ '0.120.0' ],
1282 silly audit   '@oxc-parser/binding-linux-ppc64-gnu': [ '0.120.0' ],
1282 silly audit   '@oxc-parser/binding-linux-riscv64-gnu': [ '0.120.0' ],
1282 silly audit   '@oxc-parser/binding-linux-riscv64-musl': [ '0.120.0' ],
1282 silly audit   '@oxc-parser/binding-linux-s390x-gnu': [ '0.120.0' ],
1282 silly audit   '@oxc-parser/binding-linux-x64-gnu': [ '0.120.0' ],
1282 silly audit   '@oxc-parser/binding-linux-x64-musl': [ '0.120.0' ],
1282 silly audit   '@oxc-parser/binding-openharmony-arm64': [ '0.120.0' ],
1282 silly audit   '@oxc-parser/binding-wasm32-wasi': [ '0.120.0' ],
1282 silly audit   '@oxc-parser/binding-win32-arm64-msvc': [ '0.120.0' ],
1282 silly audit   '@oxc-parser/binding-win32-ia32-msvc': [ '0.120.0' ],
1282 silly audit   '@oxc-parser/binding-win32-x64-msvc': [ '0.120.0' ],
1282 silly audit   '@oxc-project/types': [ '0.120.0', '0.140.0' ],
1282 silly audit   '@napi-rs/wasm-runtime': [ '1.1.6' ],
1282 silly audit   '@emnapi/core': [ '1.11.3', '1.11.2' ],
1282 silly audit   '@emnapi/wasi-threads': [ '1.2.3', '1.2.2' ],
1282 silly audit   '@tybys/wasm-util': [ '0.10.3' ],
1282 silly audit   '@rolldown/binding-android-arm64': [ '1.2.0' ],
1282 silly audit   '@rolldown/binding-darwin-arm64': [ '1.2.0' ],
1282 silly audit   '@rolldown/binding-darwin-x64': [ '1.2.0' ],
1282 silly audit   '@rolldown/binding-freebsd-x64': [ '1.2.0' ],
1282 silly audit   '@rolldown/binding-linux-arm-gnueabihf': [ '1.2.0' ],
1282 silly audit   '@rolldown/binding-linux-arm64-gnu': [ '1.2.0' ],
1282 silly audit   '@rolldown/binding-linux-arm64-musl': [ '1.2.0' ],
1282 silly audit   '@rolldown/binding-linux-ppc64-gnu': [ '1.2.0' ],
1282 silly audit   '@rolldown/binding-linux-s390x-gnu': [ '1.2.0' ],
1282 silly audit   '@rolldown/binding-linux-x64-gnu': [ '1.2.0' ],
1282 silly audit   '@rolldown/binding-linux-x64-musl': [ '1.2.0' ],
1282 silly audit   '@rolldown/binding-openharmony-arm64': [ '1.2.0' ],
1282 silly audit   '@rolldown/binding-wasm32-wasi': [ '1.2.0' ],
1282 silly audit   '@rolldown/binding-win32-arm64-msvc': [ '1.2.0' ],
1282 silly audit   '@rolldown/binding-win32-x64-msvc': [ '1.2.0' ],
1282 silly audit   '@emnapi/runtime': [ '1.11.2' ],
1282 silly audit   '@rollup/rollup-android-arm-eabi': [ '4.62.3' ],
1282 silly audit   '@rollup/rollup-android-arm64': [ '4.62.3' ],
1282 silly audit   '@rollup/rollup-darwin-arm64': [ '4.62.3' ],
1282 silly audit   '@rollup/rollup-darwin-x64': [ '4.62.3' ],
1282 silly audit   '@rollup/rollup-freebsd-arm64': [ '4.62.3' ],
1282 silly audit   '@rollup/rollup-freebsd-x64': [ '4.62.3' ],
1282 silly audit   '@rollup/rollup-linux-arm-gnueabihf': [ '4.62.3' ],
1282 silly audit   '@rollup/rollup-linux-arm-musleabihf': [ '4.62.3' ],
1282 silly audit   '@rollup/rollup-linux-arm64-gnu': [ '4.62.3' ],
1282 silly audit   '@rollup/rollup-linux-arm64-musl': [ '4.62.3' ],
1282 silly audit   '@rollup/rollup-linux-loong64-gnu': [ '4.62.3' ],
1282 silly audit   '@rollup/rollup-linux-loong64-musl': [ '4.62.3' ],
1282 silly audit   '@rollup/rollup-linux-ppc64-gnu': [ '4.62.3' ],
1282 silly audit   '@rollup/rollup-linux-ppc64-musl': [ '4.62.3' ],
1282 silly audit   '@rollup/rollup-linux-riscv64-gnu': [ '4.62.3' ],
1282 silly audit   '@rollup/rollup-linux-riscv64-musl': [ '4.62.3' ],
1282 silly audit   '@rollup/rollup-linux-s390x-gnu': [ '4.62.3' ],
1282 silly audit   '@rollup/rollup-linux-x64-gnu': [ '4.62.3' ],
1282 silly audit   '@rollup/rollup-linux-x64-musl': [ '4.62.3' ],
1282 silly audit   '@rollup/rollup-openbsd-x64': [ '4.62.3' ],
1282 silly audit   '@rollup/rollup-openharmony-arm64': [ '4.62.3' ],
1282 silly audit   '@rollup/rollup-win32-arm64-msvc': [ '4.62.3' ],
1282 silly audit   '@rollup/rollup-win32-ia32-msvc': [ '4.62.3' ],
1282 silly audit   '@rollup/rollup-win32-x64-gnu': [ '4.62.3' ],
1282 silly audit   '@rollup/rollup-win32-x64-msvc': [ '4.62.3' ],
1282 silly audit   '@types/estree': [ '1.0.9' ],
1282 silly audit   'adler-32': [ '1.3.1' ],
1282 silly audit   cfb: [ '1.2.2' ],
1282 silly audit   codepage: [ '1.15.0' ],
1282 silly audit   'crc-32': [ '1.2.2' ],
1282 silly audit   ssf: [ '0.11.2' ],
1282 silly audit   wmf: [ '1.0.2' ],
1282 silly audit   word: [ '0.3.0' ],
1282 silly audit   frac: [ '1.1.2' ],
1282 silly audit   exsolve: [ '1.1.1' ],
1282 silly audit   httpxy: [ '0.5.5' ]
1282 silly audit }
1283 http cache httpxy@https://registry.npmjs.org/httpxy/-/httpxy-0.5.5.tgz 1ms (cache hit)
1284 http cache exsolve@https://registry.npmjs.org/exsolve/-/exsolve-1.1.1.tgz 0ms (cache hit)
1285 http cache frac@https://registry.npmjs.org/frac/-/frac-1.1.2.tgz 0ms (cache hit)
1286 http cache wmf@https://registry.npmjs.org/wmf/-/wmf-1.0.2.tgz 0ms (cache hit)
1287 http cache undici@https://registry.npmjs.org/undici/-/undici-7.28.0.tgz 0ms (cache hit)
1288 http cache word@https://registry.npmjs.org/word/-/word-0.3.0.tgz 0ms (cache hit)
1289 http cache cfb@https://registry.npmjs.org/cfb/-/cfb-1.2.2.tgz 1ms (cache hit)
1290 http cache codepage@https://registry.npmjs.org/codepage/-/codepage-1.15.0.tgz 0ms (cache hit)
1291 http cache crc-32@https://registry.npmjs.org/crc-32/-/crc-32-1.2.2.tgz 1ms (cache hit)
1292 http cache ssf@https://registry.npmjs.org/ssf/-/ssf-0.11.2.tgz 0ms (cache hit)
1293 http cache adler-32@https://registry.npmjs.org/adler-32/-/adler-32-1.3.1.tgz 0ms (cache hit)
1294 http cache @rollup/rollup-android-arm64@https://registry.npmjs.org/@rollup/rollup-android-arm64/-/rollup-android-arm64-4.62.3.tgz 0ms (cache hit)
1295 http cache @oxc-project/types@https://registry.npmjs.org/@oxc-project/types/-/types-0.120.0.tgz 0ms (cache hit)
1296 http cache @types/estree@https://registry.npmjs.org/@types/estree/-/estree-1.0.9.tgz 0ms (cache hit)
1297 http cache @rolldown/binding-android-arm64@https://registry.npmjs.org/@rolldown/binding-android-arm64/-/binding-android-arm64-1.2.0.tgz 1ms (cache hit)
1298 http cache @oxc-parser/binding-android-arm64@https://registry.npmjs.org/@oxc-parser/binding-android-arm64/-/binding-android-arm64-0.120.0.tgz 0ms (cache hit)
1299 http cache rolldown@https://registry.npmjs.org/rolldown/-/rolldown-1.2.0.tgz 0ms (cache hit)
1300 http cache ohash@https://registry.npmjs.org/ohash/-/ohash-2.0.11.tgz 0ms (cache hit)
1301 http cache ofetch@https://registry.npmjs.org/ofetch/-/ofetch-2.0.0-alpha.3.tgz 0ms (cache hit)
1302 http cache hookable@https://registry.npmjs.org/hookable/-/hookable-6.1.1.tgz 0ms (cache hit)
1303 http cache ocache@https://registry.npmjs.org/ocache/-/ocache-0.1.5.tgz 0ms (cache hit)
1304 http cache nf3@https://registry.npmjs.org/nf3/-/nf3-0.3.23.tgz 0ms (cache hit)
1305 http cache h3@https://registry.npmjs.org/h3/-/h3-2.0.1-rc.26.tgz 0ms (cache hit)
1306 http cache crossws@https://registry.npmjs.org/crossws/-/crossws-0.4.10.tgz 0ms (cache hit)
1307 http cache shell-quote@https://registry.npmjs.org/shell-quote/-/shell-quote-1.10.0.tgz 0ms (cache hit)
1308 http cache @tanstack/devtools-event-client@https://registry.npmjs.org/@tanstack/devtools-event-client/-/devtools-event-client-0.5.0.tgz 0ms (cache hit)
1309 http cache db0@https://registry.npmjs.org/db0/-/db0-0.3.4.tgz 0ms (cache hit)
1310 http cache @tanstack/devtools-client@https://registry.npmjs.org/@tanstack/devtools-client/-/devtools-client-0.0.8.tgz 1ms (cache hit)
1311 http cache @tanstack/devtools-event-bus@https://registry.npmjs.org/@tanstack/devtools-event-bus/-/devtools-event-bus-0.4.2.tgz 0ms (cache hit)
1312 http cache launch-editor@https://registry.npmjs.org/launch-editor/-/launch-editor-2.14.1.tgz 0ms (cache hit)
1313 http cache oxc-parser@https://registry.npmjs.org/oxc-parser/-/oxc-parser-0.120.0.tgz 0ms (cache hit)
1314 http cache iceberg-js@https://registry.npmjs.org/iceberg-js/-/iceberg-js-0.8.1.tgz 0ms (cache hit)
1315 http cache consola@https://registry.npmjs.org/consola/-/consola-3.4.2.tgz 0ms (cache hit)
1316 http cache @tanstack/devtools-bundler-core@https://registry.npmjs.org/@tanstack/devtools-bundler-core/-/devtools-bundler-core-0.1.1.tgz 0ms (cache hit)
1317 http cache @supabase/realtime-js@https://registry.npmjs.org/@supabase/realtime-js/-/realtime-js-2.110.9.tgz 0ms (cache hit)
1318 http cache @supabase/storage-js@https://registry.npmjs.org/@supabase/storage-js/-/storage-js-2.110.9.tgz 0ms (cache hit)
1319 http cache @supabase/postgrest-js@https://registry.npmjs.org/@supabase/postgrest-js/-/postgrest-js-2.110.9.tgz 0ms (cache hit)
1320 http cache @tanstack/devtools-vite@https://registry.npmjs.org/@tanstack/devtools-vite/-/devtools-vite-0.8.3.tgz 0ms (cache hit)
1321 http cache @supabase/phoenix@https://registry.npmjs.org/@supabase/phoenix/-/phoenix-0.4.5.tgz 0ms (cache hit)
1322 http cache @supabase/functions-js@https://registry.npmjs.org/@supabase/functions-js/-/functions-js-2.110.9.tgz 0ms (cache hit)
1323 http cache xlsx@https://registry.npmjs.org/xlsx/-/xlsx-0.18.5.tgz 0ms (cache hit)
1324 http cache @supabase/auth-js@https://registry.npmjs.org/@supabase/auth-js/-/auth-js-2.110.9.tgz 0ms (cache hit)
1325 http cache @lovable.dev/vite-plugin-hmr-gate@https://registry.npmjs.org/@lovable.dev/vite-plugin-hmr-gate/-/vite-plugin-hmr-gate-1.1.4.tgz 0ms (cache hit)
1326 http cache @lovable.dev/vite-plugin-dev-server-bridge@https://registry.npmjs.org/@lovable.dev/vite-plugin-dev-server-bridge/-/vite-plugin-dev-server-bridge-1.2.1.tgz 0ms (cache hit)
1327 http cache @supabase/supabase-js@https://registry.npmjs.org/@supabase/supabase-js/-/supabase-js-2.110.9.tgz 0ms (cache hit)
1328 http cache rollup@https://registry.npmjs.org/rollup/-/rollup-4.62.3.tgz 0ms (cache hit)
1329 http cache jiti@https://registry.npmjs.org/jiti/-/jiti-2.7.0.tgz 0ms (cache hit)
1330 http cache @lovable.dev/vite-tanstack-config@https://registry.npmjs.org/@lovable.dev/vite-tanstack-config/-/vite-tanstack-config-2.7.7.tgz 0ms (cache hit)
1331 http cache youch@https://registry.npmjs.org/youch/-/youch-4.1.0-beta.10.tgz 0ms (cache hit)
1332 http cache nitro@https://registry.npmjs.org/nitro/-/nitro-3.0.260603-beta.tgz 1ms (cache hit)
1333 http cache zod@https://registry.npmjs.org/zod/-/zod-3.25.76.tgz 0ms (cache hit)
1334 http cache youch-core@https://registry.npmjs.org/youch-core/-/youch-core-0.3.3.tgz 0ms (cache hit)
1335 http cache yallist@https://registry.npmjs.org/yallist/-/yallist-3.1.1.tgz 0ms (cache hit)
1336 http cache xmlbuilder2@https://registry.npmjs.org/xmlbuilder2/-/xmlbuilder2-4.0.3.tgz 0ms (cache hit)
1337 http cache ws@https://registry.npmjs.org/ws/-/ws-8.18.0.tgz 0ms (cache hit)
1338 http cache yocto-queue@https://registry.npmjs.org/yocto-queue/-/yocto-queue-0.1.0.tgz 0ms (cache hit)
1339 http cache workerd@https://registry.npmjs.org/workerd/-/workerd-1.20260410.1.tgz 0ms (cache hit)
1340 http cache whatwg-mimetype@https://registry.npmjs.org/whatwg-mimetype/-/whatwg-mimetype-4.0.0.tgz 0ms (cache hit)
1341 http cache wrangler@https://registry.npmjs.org/wrangler/-/wrangler-4.82.2.tgz 1ms (cache hit)
1342 http cache whatwg-encoding@https://registry.npmjs.org/whatwg-encoding/-/whatwg-encoding-3.1.1.tgz 0ms (cache hit)
1343 http cache webpack-virtual-modules@https://registry.npmjs.org/webpack-virtual-modules/-/webpack-virtual-modules-0.6.2.tgz 0ms (cache hit)
1344 http cache which@https://registry.npmjs.org/which/-/which-2.0.2.tgz 0ms (cache hit)
1345 http cache vitefu@https://registry.npmjs.org/vitefu/-/vitefu-1.1.3.tgz 0ms (cache hit)
1346 http cache word-wrap@https://registry.npmjs.org/word-wrap/-/word-wrap-1.2.5.tgz 0ms (cache hit)
1347 http cache vaul@https://registry.npmjs.org/vaul/-/vaul-1.1.2.tgz 0ms (cache hit)
1348 http cache vite-tsconfig-paths@https://registry.npmjs.org/vite-tsconfig-paths/-/vite-tsconfig-paths-6.1.1.tgz 0ms (cache hit)
1349 http cache victory-vendor@https://registry.npmjs.org/victory-vendor/-/victory-vendor-36.9.2.tgz 0ms (cache hit)
1350 http cache vite@https://registry.npmjs.org/vite/-/vite-7.3.2.tgz 0ms (cache hit)
1351 http cache use-sync-external-store@https://registry.npmjs.org/use-sync-external-store/-/use-sync-external-store-1.6.0.tgz 0ms (cache hit)
1352 http cache update-browserslist-db@https://registry.npmjs.org/update-browserslist-db/-/update-browserslist-db-1.2.3.tgz 0ms (cache hit)
1353 http cache uri-js@https://registry.npmjs.org/uri-js/-/uri-js-4.4.1.tgz 0ms (cache hit)
1354 http cache use-sidecar@https://registry.npmjs.org/use-sidecar/-/use-sidecar-1.1.3.tgz 0ms (cache hit)
1355 http cache use-callback-ref@https://registry.npmjs.org/use-callback-ref/-/use-callback-ref-1.3.3.tgz 0ms (cache hit)
1356 http cache unplugin@https://registry.npmjs.org/unplugin/-/unplugin-2.3.11.tgz 0ms (cache hit)
1357 http cache unenv@https://registry.npmjs.org/unenv/-/unenv-2.0.0-rc.24.tgz 0ms (cache hit)
1358 http cache ufo@https://registry.npmjs.org/ufo/-/ufo-1.6.3.tgz 0ms (cache hit)
1359 http cache typescript-eslint@https://registry.npmjs.org/typescript-eslint/-/typescript-eslint-8.58.2.tgz 0ms (cache hit)
1360 http cache typescript@https://registry.npmjs.org/typescript/-/typescript-5.9.3.tgz 0ms (cache hit)
1361 http cache undici-types@https://registry.npmjs.org/undici-types/-/undici-types-6.21.0.tgz 0ms (cache hit)
1362 http cache type-check@https://registry.npmjs.org/type-check/-/type-check-0.4.0.tgz 0ms (cache hit)
1363 http cache tw-animate-css@https://registry.npmjs.org/tw-animate-css/-/tw-animate-css-1.4.0.tgz 0ms (cache hit)
1364 http cache tslib@https://registry.npmjs.org/tslib/-/tslib-2.8.1.tgz 0ms (cache hit)
1365 http cache ts-api-utils@https://registry.npmjs.org/ts-api-utils/-/ts-api-utils-2.5.0.tgz 0ms (cache hit)
1366 http cache tsconfck@https://registry.npmjs.org/tsconfck/-/tsconfck-3.1.6.tgz 1ms (cache hit)
1367 http cache tsx@https://registry.npmjs.org/tsx/-/tsx-4.21.0.tgz 0ms (cache hit)
1368 http cache tinyglobby@https://registry.npmjs.org/tinyglobby/-/tinyglobby-0.2.16.tgz 0ms (cache hit)
1369 http cache to-regex-range@https://registry.npmjs.org/to-regex-range/-/to-regex-range-5.0.1.tgz 0ms (cache hit)
1370 http cache tiny-invariant@https://registry.npmjs.org/tiny-invariant/-/tiny-invariant-1.3.3.tgz 0ms (cache hit)
1371 http cache supports-color@https://registry.npmjs.org/supports-color/-/supports-color-7.2.0.tgz 0ms (cache hit)
1372 http cache tapable@https://registry.npmjs.org/tapable/-/tapable-2.3.2.tgz 0ms (cache hit)
1373 http cache tailwind-merge@https://registry.npmjs.org/tailwind-merge/-/tailwind-merge-3.5.0.tgz 0ms (cache hit)
1374 http cache tailwindcss@https://registry.npmjs.org/tailwindcss/-/tailwindcss-4.2.2.tgz 0ms (cache hit)
1375 http cache synckit@https://registry.npmjs.org/synckit/-/synckit-0.11.12.tgz 1ms (cache hit)
1376 http cache strip-json-comments@https://registry.npmjs.org/strip-json-comments/-/strip-json-comments-3.1.1.tgz 0ms (cache hit)
1377 http cache source-map-js@https://registry.npmjs.org/source-map-js/-/source-map-js-1.2.1.tgz 0ms (cache hit)
1378 http cache source-map@https://registry.npmjs.org/source-map/-/source-map-0.7.6.tgz 0ms (cache hit)
1379 http cache srvx@https://registry.npmjs.org/srvx/-/srvx-0.11.15.tgz 0ms (cache hit)
1380 http cache sharp@https://registry.npmjs.org/sharp/-/sharp-0.34.5.tgz 0ms (cache hit)
1381 http cache sonner@https://registry.npmjs.org/sonner/-/sonner-2.0.7.tgz 0ms (cache hit)
1382 http cache shebang-command@https://registry.npmjs.org/shebang-command/-/shebang-command-2.0.0.tgz 0ms (cache hit)
1383 http cache seroval-plugins@https://registry.npmjs.org/seroval-plugins/-/seroval-plugins-1.5.2.tgz 0ms (cache hit)
1384 http cache rou3@https://registry.npmjs.org/rou3/-/rou3-0.8.1.tgz 0ms (cache hit)
1385 http cache semver@https://registry.npmjs.org/semver/-/semver-6.3.1.tgz 0ms (cache hit)
1386 http cache shebang-regex@https://registry.npmjs.org/shebang-regex/-/shebang-regex-3.0.0.tgz 0ms (cache hit)
1387 http cache seroval@https://registry.npmjs.org/seroval/-/seroval-1.5.2.tgz 0ms (cache hit)
1388 http cache safer-buffer@https://registry.npmjs.org/safer-buffer/-/safer-buffer-2.1.2.tgz 0ms (cache hit)
1389 http cache scheduler@https://registry.npmjs.org/scheduler/-/scheduler-0.27.0.tgz 0ms (cache hit)
1390 http cache recharts-scale@https://registry.npmjs.org/recharts-scale/-/recharts-scale-0.4.5.tgz 0ms (cache hit)
1391 http cache resolve-pkg-maps@https://registry.npmjs.org/resolve-pkg-maps/-/resolve-pkg-maps-1.0.0.tgz 0ms (cache hit)
1392 http cache resolve-from@https://registry.npmjs.org/resolve-from/-/resolve-from-4.0.0.tgz 0ms (cache hit)
1393 http cache recharts@https://registry.npmjs.org/recharts/-/recharts-2.15.4.tgz 0ms (cache hit)
1394 http cache react-transition-group@https://registry.npmjs.org/react-transition-group/-/react-transition-group-4.4.5.tgz 0ms (cache hit)
1395 http cache react-remove-scroll@https://registry.npmjs.org/react-remove-scroll/-/react-remove-scroll-2.7.2.tgz 0ms (cache hit)
1396 http cache react-smooth@https://registry.npmjs.org/react-smooth/-/react-smooth-4.0.4.tgz 0ms (cache hit)
1397 http cache react-style-singleton@https://registry.npmjs.org/react-style-singleton/-/react-style-singleton-2.2.3.tgz 0ms (cache hit)
1398 http cache react-resizable-panels@https://registry.npmjs.org/react-resizable-panels/-/react-resizable-panels-4.10.0.tgz 0ms (cache hit)
1399 http cache react-remove-scroll-bar@https://registry.npmjs.org/react-remove-scroll-bar/-/react-remove-scroll-bar-2.3.8.tgz 0ms (cache hit)
1400 http cache react-refresh@https://registry.npmjs.org/react-refresh/-/react-refresh-0.18.0.tgz 0ms (cache hit)
1401 http cache readdirp@https://registry.npmjs.org/readdirp/-/readdirp-3.6.0.tgz 0ms (cache hit)
1402 http cache react-dom@https://registry.npmjs.org/react-dom/-/react-dom-19.2.5.tgz 0ms (cache hit)
1403 http cache punycode@https://registry.npmjs.org/punycode/-/punycode-2.3.1.tgz 0ms (cache hit)
1404 http cache prop-types@https://registry.npmjs.org/prop-types/-/prop-types-15.8.1.tgz 0ms (cache hit)
1405 http cache react@https://registry.npmjs.org/react/-/react-19.2.5.tgz 0ms (cache hit)
1406 http cache react-is@https://registry.npmjs.org/react-is/-/react-is-18.3.1.tgz 0ms (cache hit)
1407 http cache react-hook-form@https://registry.npmjs.org/react-hook-form/-/react-hook-form-7.72.1.tgz 0ms (cache hit)
1408 http cache react-day-picker@https://registry.npmjs.org/react-day-picker/-/react-day-picker-9.14.0.tgz 0ms (cache hit)
1409 http cache prettier-linter-helpers@https://registry.npmjs.org/prettier-linter-helpers/-/prettier-linter-helpers-1.0.1.tgz 0ms (cache hit)
1410 http cache prelude-ls@https://registry.npmjs.org/prelude-ls/-/prelude-ls-1.2.1.tgz 0ms (cache hit)
1411 http cache prettier@https://registry.npmjs.org/prettier/-/prettier-3.8.2.tgz 0ms (cache hit)
1412 http cache pathe@https://registry.npmjs.org/pathe/-/pathe-2.0.3.tgz 0ms (cache hit)
1413 http cache path-to-regexp@https://registry.npmjs.org/path-to-regexp/-/path-to-regexp-6.3.0.tgz 0ms (cache hit)
1414 http cache postcss@https://registry.npmjs.org/postcss/-/postcss-8.5.9.tgz 0ms (cache hit)
1415 http cache picomatch@https://registry.npmjs.org/picomatch/-/picomatch-4.0.4.tgz 0ms (cache hit)
1416 http cache picocolors@https://registry.npmjs.org/picocolors/-/picocolors-1.1.1.tgz 0ms (cache hit)
1417 http cache path-key@https://registry.npmjs.org/path-key/-/path-key-3.1.1.tgz 0ms (cache hit)
1418 http cache path-exists@https://registry.npmjs.org/path-exists/-/path-exists-4.0.0.tgz 0ms (cache hit)
1419 http cache parse5-parser-stream@https://registry.npmjs.org/parse5-parser-stream/-/parse5-parser-stream-7.1.2.tgz 0ms (cache hit)
1420 http cache p-limit@https://registry.npmjs.org/p-limit/-/p-limit-3.1.0.tgz 0ms (cache hit)
1421 http cache parse5-htmlparser2-tree-adapter@https://registry.npmjs.org/parse5-htmlparser2-tree-adapter/-/parse5-htmlparser2-tree-adapter-7.1.0.tgz 0ms (cache hit)
1422 http cache object-assign@https://registry.npmjs.org/object-assign/-/object-assign-4.1.1.tgz 0ms (cache hit)
1423 http cache parse5@https://registry.npmjs.org/parse5/-/parse5-7.3.0.tgz 0ms (cache hit)
1424 http cache parent-module@https://registry.npmjs.org/parent-module/-/parent-module-1.0.1.tgz 0ms (cache hit)
1425 http cache p-locate@https://registry.npmjs.org/p-locate/-/p-locate-5.0.0.tgz 0ms (cache hit)
1426 http cache nth-check@https://registry.npmjs.org/nth-check/-/nth-check-2.1.1.tgz 0ms (cache hit)
1427 http cache optionator@https://registry.npmjs.org/optionator/-/optionator-0.9.4.tgz 0ms (cache hit)
1428 http cache normalize-path@https://registry.npmjs.org/normalize-path/-/normalize-path-3.0.0.tgz 0ms (cache hit)
1429 http cache ms@https://registry.npmjs.org/ms/-/ms-2.1.3.tgz 0ms (cache hit)
1430 http cache node-releases@https://registry.npmjs.org/node-releases/-/node-releases-2.0.37.tgz 0ms (cache hit)
1431 http cache natural-compare@https://registry.npmjs.org/natural-compare/-/natural-compare-1.4.0.tgz 0ms (cache hit)
1432 http cache nanoid@https://registry.npmjs.org/nanoid/-/nanoid-3.3.11.tgz 0ms (cache hit)
1433 http cache minimatch@https://registry.npmjs.org/minimatch/-/minimatch-3.1.5.tgz 0ms (cache hit)
1434 http cache miniflare@https://registry.npmjs.org/miniflare/-/miniflare-4.20260410.0.tgz 0ms (cache hit)
1435 http cache lucide-react@https://registry.npmjs.org/lucide-react/-/lucide-react-0.575.0.tgz 0ms (cache hit)
1436 http cache magic-string@https://registry.npmjs.org/magic-string/-/magic-string-0.30.21.tgz 0ms (cache hit)
1437 http cache lru-cache@https://registry.npmjs.org/lru-cache/-/lru-cache-5.1.1.tgz 0ms (cache hit)
1438 http cache lodash.merge@https://registry.npmjs.org/lodash.merge/-/lodash.merge-4.6.2.tgz 0ms (cache hit)
1439 http cache loose-envify@https://registry.npmjs.org/loose-envify/-/loose-envify-1.4.0.tgz 0ms (cache hit)
1440 http cache lodash@https://registry.npmjs.org/lodash/-/lodash-4.18.1.tgz 0ms (cache hit)
1441 http cache locate-path@https://registry.npmjs.org/locate-path/-/locate-path-6.0.0.tgz 0ms (cache hit)
1442 http cache lightningcss-android-arm64@https://registry.npmjs.org/lightningcss-android-arm64/-/lightningcss-android-arm64-1.32.0.tgz 0ms (cache hit)
1443 http cache levn@https://registry.npmjs.org/levn/-/levn-0.4.1.tgz 0ms (cache hit)
1444 http cache keyv@https://registry.npmjs.org/keyv/-/keyv-4.5.4.tgz 0ms (cache hit)
1445 http cache lightningcss@https://registry.npmjs.org/lightningcss/-/lightningcss-1.32.0.tgz 0ms (cache hit)
1446 http cache json5@https://registry.npmjs.org/json5/-/json5-2.2.3.tgz 0ms (cache hit)
1447 http cache json-stable-stringify-without-jsonify@https://registry.npmjs.org/json-stable-stringify-without-jsonify/-/json-stable-stringify-without-jsonify-1.0.1.tgz 0ms (cache hit)
1448 http cache json-schema-traverse@https://registry.npmjs.org/json-schema-traverse/-/json-schema-traverse-0.4.1.tgz 0ms (cache hit)
1449 http cache json-buffer@https://registry.npmjs.org/json-buffer/-/json-buffer-3.0.1.tgz 0ms (cache hit)
1450 http cache kleur@https://registry.npmjs.org/kleur/-/kleur-4.1.5.tgz 0ms (cache hit)
1451 http cache js-tokens@https://registry.npmjs.org/js-tokens/-/js-tokens-4.0.0.tgz 0ms (cache hit)
1452 http cache js-yaml@https://registry.npmjs.org/js-yaml/-/js-yaml-4.1.1.tgz 0ms (cache hit)
1453 http cache jsesc@https://registry.npmjs.org/jsesc/-/jsesc-3.1.0.tgz 0ms (cache hit)
1454 http cache isexe@https://registry.npmjs.org/isexe/-/isexe-2.0.0.tgz 0ms (cache hit)
1455 http cache isbot@https://registry.npmjs.org/isbot/-/isbot-5.1.38.tgz 0ms (cache hit)
1456 http cache is-number@https://registry.npmjs.org/is-number/-/is-number-7.0.0.tgz 0ms (cache hit)
1457 http cache is-extglob@https://registry.npmjs.org/is-extglob/-/is-extglob-2.1.1.tgz 0ms (cache hit)
1458 http cache is-binary-path@https://registry.npmjs.org/is-binary-path/-/is-binary-path-2.1.0.tgz 0ms (cache hit)
1459 http cache is-glob@https://registry.npmjs.org/is-glob/-/is-glob-4.0.3.tgz 0ms (cache hit)
1460 http cache input-otp@https://registry.npmjs.org/input-otp/-/input-otp-1.4.2.tgz 0ms (cache hit)
1461 http cache internmap@https://registry.npmjs.org/internmap/-/internmap-2.0.3.tgz 0ms (cache hit)
1462 http cache import-fresh@https://registry.npmjs.org/import-fresh/-/import-fresh-3.3.1.tgz 0ms (cache hit)
1463 http cache imurmurhash@https://registry.npmjs.org/imurmurhash/-/imurmurhash-0.1.4.tgz 0ms (cache hit)
1464 http cache ignore@https://registry.npmjs.org/ignore/-/ignore-5.3.2.tgz 0ms (cache hit)
1465 http cache h3-v2@https://registry.npmjs.org/h3/-/h3-2.0.1-rc.20.tgz 0ms (cache hit)
1466 http cache iconv-lite@https://registry.npmjs.org/iconv-lite/-/iconv-lite-0.6.3.tgz 1ms (cache hit)
1467 http cache htmlparser2@https://registry.npmjs.org/htmlparser2/-/htmlparser2-10.1.0.tgz 0ms (cache hit)
1468 http cache globrex@https://registry.npmjs.org/globrex/-/globrex-0.1.2.tgz 0ms (cache hit)
1469 http cache has-flag@https://registry.npmjs.org/has-flag/-/has-flag-4.0.0.tgz 0ms (cache hit)
1470 http cache globals@https://registry.npmjs.org/globals/-/globals-15.15.0.tgz 0ms (cache hit)
1471 http cache get-tsconfig@https://registry.npmjs.org/get-tsconfig/-/get-tsconfig-4.13.7.tgz 1ms (cache hit)
1472 http cache graceful-fs@https://registry.npmjs.org/graceful-fs/-/graceful-fs-4.2.11.tgz 0ms (cache hit)
1473 http cache gensync@https://registry.npmjs.org/gensync/-/gensync-1.0.0-beta.2.tgz 0ms (cache hit)
1474 http cache flatted@https://registry.npmjs.org/flatted/-/flatted-3.4.2.tgz 0ms (cache hit)
1475 http cache flat-cache@https://registry.npmjs.org/flat-cache/-/flat-cache-4.0.1.tgz 0ms (cache hit)
1476 http cache find-up@https://registry.npmjs.org/find-up/-/find-up-5.0.0.tgz 0ms (cache hit)
1477 http cache get-nonce@https://registry.npmjs.org/get-nonce/-/get-nonce-1.0.1.tgz 0ms (cache hit)
1478 http cache fill-range@https://registry.npmjs.org/fill-range/-/fill-range-7.1.1.tgz 0ms (cache hit)
1479 http cache glob-parent@https://registry.npmjs.org/glob-parent/-/glob-parent-5.1.2.tgz 0ms (cache hit)
1480 http cache fast-equals@https://registry.npmjs.org/fast-equals/-/fast-equals-5.4.0.tgz 0ms (cache hit)
1481 http cache fdir@https://registry.npmjs.org/fdir/-/fdir-6.5.0.tgz 0ms (cache hit)
1482 http cache file-entry-cache@https://registry.npmjs.org/file-entry-cache/-/file-entry-cache-8.0.0.tgz 0ms (cache hit)
1483 http cache eventemitter3@https://registry.npmjs.org/eventemitter3/-/eventemitter3-4.0.7.tgz 0ms (cache hit)
1484 http cache fast-json-stable-stringify@https://registry.npmjs.org/fast-json-stable-stringify/-/fast-json-stable-stringify-2.1.0.tgz 0ms (cache hit)
1485 http cache fast-diff@https://registry.npmjs.org/fast-diff/-/fast-diff-1.3.0.tgz 0ms (cache hit)
1486 http cache esutils@https://registry.npmjs.org/esutils/-/esutils-2.0.3.tgz 0ms (cache hit)
1487 http cache fast-deep-equal@https://registry.npmjs.org/fast-deep-equal/-/fast-deep-equal-3.1.3.tgz 0ms (cache hit)
1488 http cache estraverse@https://registry.npmjs.org/estraverse/-/estraverse-5.3.0.tgz 0ms (cache hit)
1489 http cache eslint-visitor-keys@https://registry.npmjs.org/eslint-visitor-keys/-/eslint-visitor-keys-4.2.1.tgz 0ms (cache hit)
1490 http cache eslint-scope@https://registry.npmjs.org/eslint-scope/-/eslint-scope-8.4.0.tgz 0ms (cache hit)
1491 http cache eslint-plugin-react-refresh@https://registry.npmjs.org/eslint-plugin-react-refresh/-/eslint-plugin-react-refresh-0.4.26.tgz 0ms (cache hit)
1492 http cache esquery@https://registry.npmjs.org/esquery/-/esquery-1.7.0.tgz 0ms (cache hit)
1493 http cache fast-levenshtein@https://registry.npmjs.org/fast-levenshtein/-/fast-levenshtein-2.0.6.tgz 0ms (cache hit)
1494 http cache esrecurse@https://registry.npmjs.org/esrecurse/-/esrecurse-4.3.0.tgz 0ms (cache hit)
1495 http cache eslint-plugin-react-hooks@https://registry.npmjs.org/eslint-plugin-react-hooks/-/eslint-plugin-react-hooks-5.2.0.tgz 0ms (cache hit)
1496 http cache eslint-plugin-prettier@https://registry.npmjs.org/eslint-plugin-prettier/-/eslint-plugin-prettier-5.5.5.tgz 0ms (cache hit)
1497 http cache espree@https://registry.npmjs.org/espree/-/espree-10.4.0.tgz 0ms (cache hit)
1498 http cache eslint-config-prettier@https://registry.npmjs.org/eslint-config-prettier/-/eslint-config-prettier-10.1.8.tgz 0ms (cache hit)
1499 http cache escape-string-regexp@https://registry.npmjs.org/escape-string-regexp/-/escape-string-regexp-4.0.0.tgz 1ms (cache hit)
1500 http cache eslint@https://registry.npmjs.org/eslint/-/eslint-9.39.4.tgz 0ms (cache hit)
1501 http cache escalade@https://registry.npmjs.org/escalade/-/escalade-3.2.0.tgz 0ms (cache hit)
1502 http cache error-stack-parser-es@https://registry.npmjs.org/error-stack-parser-es/-/error-stack-parser-es-1.0.5.tgz 0ms (cache hit)
1503 http cache encoding-sniffer@https://registry.npmjs.org/encoding-sniffer/-/encoding-sniffer-0.2.1.tgz 0ms (cache hit)
1504 http cache entities@https://registry.npmjs.org/entities/-/entities-4.5.0.tgz 0ms (cache hit)
1505 http cache enhanced-resolve@https://registry.npmjs.org/enhanced-resolve/-/enhanced-resolve-5.20.1.tgz 0ms (cache hit)
1506 http cache embla-carousel-reactive-utils@https://registry.npmjs.org/embla-carousel-reactive-utils/-/embla-carousel-reactive-utils-8.6.0.tgz 0ms (cache hit)
1507 http cache embla-carousel@https://registry.npmjs.org/embla-carousel/-/embla-carousel-8.6.0.tgz 1ms (cache hit)
1508 http cache embla-carousel-react@https://registry.npmjs.org/embla-carousel-react/-/embla-carousel-react-8.6.0.tgz 0ms (cache hit)
1509 http cache electron-to-chromium@https://registry.npmjs.org/electron-to-chromium/-/electron-to-chromium-1.5.336.tgz 0ms (cache hit)
1510 http cache domutils@https://registry.npmjs.org/domutils/-/domutils-3.2.2.tgz 0ms (cache hit)
1511 http cache dom-serializer@https://registry.npmjs.org/dom-serializer/-/dom-serializer-2.0.0.tgz 0ms (cache hit)
1512 http cache domelementtype@https://registry.npmjs.org/domelementtype/-/domelementtype-2.3.0.tgz 0ms (cache hit)
1513 http cache diff@https://registry.npmjs.org/diff/-/diff-8.0.4.tgz 0ms (cache hit)
1514 http cache dom-helpers@https://registry.npmjs.org/dom-helpers/-/dom-helpers-5.2.1.tgz 0ms (cache hit)
1515 http cache domhandler@https://registry.npmjs.org/domhandler/-/domhandler-5.0.3.tgz 1ms (cache hit)
1516 http cache detect-node-es@https://registry.npmjs.org/detect-node-es/-/detect-node-es-1.1.0.tgz 0ms (cache hit)
1517 http cache detect-libc@https://registry.npmjs.org/detect-libc/-/detect-libc-2.1.2.tgz 0ms (cache hit)
1518 http cache deep-is@https://registry.npmjs.org/deep-is/-/deep-is-0.1.4.tgz 0ms (cache hit)
1519 http cache debug@https://registry.npmjs.org/debug/-/debug-4.4.3.tgz 0ms (cache hit)
1520 http cache date-fns@https://registry.npmjs.org/date-fns/-/date-fns-4.1.0.tgz 0ms (cache hit)
1521 http cache date-fns-jalali@https://registry.npmjs.org/date-fns-jalali/-/date-fns-jalali-4.1.0-0.tgz 0ms (cache hit)
1522 http cache decimal.js-light@https://registry.npmjs.org/decimal.js-light/-/decimal.js-light-2.5.1.tgz 0ms (cache hit)
1523 http cache d3-timer@https://registry.npmjs.org/d3-timer/-/d3-timer-3.0.1.tgz 0ms (cache hit)
1524 http cache d3-time@https://registry.npmjs.org/d3-time/-/d3-time-3.1.0.tgz 1ms (cache hit)
1525 http cache d3-shape@https://registry.npmjs.org/d3-shape/-/d3-shape-3.2.0.tgz 0ms (cache hit)
1526 http cache d3-time-format@https://registry.npmjs.org/d3-time-format/-/d3-time-format-4.1.0.tgz 0ms (cache hit)
1527 http cache d3-path@https://registry.npmjs.org/d3-path/-/d3-path-3.1.0.tgz 0ms (cache hit)
1528 http cache d3-scale@https://registry.npmjs.org/d3-scale/-/d3-scale-4.0.2.tgz 1ms (cache hit)
1529 http cache d3-interpolate@https://registry.npmjs.org/d3-interpolate/-/d3-interpolate-3.0.1.tgz 0ms (cache hit)
1530 http cache d3-format@https://registry.npmjs.org/d3-format/-/d3-format-3.1.2.tgz 0ms (cache hit)
1531 http cache d3-color@https://registry.npmjs.org/d3-color/-/d3-color-3.1.0.tgz 0ms (cache hit)
1532 http cache csstype@https://registry.npmjs.org/csstype/-/csstype-3.2.3.tgz 1ms (cache hit)
1533 http cache d3-ease@https://registry.npmjs.org/d3-ease/-/d3-ease-3.0.1.tgz 0ms (cache hit)
1534 http cache d3-array@https://registry.npmjs.org/d3-array/-/d3-array-3.2.4.tgz 0ms (cache hit)
1535 http cache cross-spawn@https://registry.npmjs.org/cross-spawn/-/cross-spawn-7.0.6.tgz 0ms (cache hit)
1536 http cache css-select@https://registry.npmjs.org/css-select/-/css-select-5.2.2.tgz 0ms (cache hit)
1537 http cache cookie-es@https://registry.npmjs.org/cookie-es/-/cookie-es-3.1.1.tgz 0ms (cache hit)
1538 http cache cookie@https://registry.npmjs.org/cookie/-/cookie-1.1.1.tgz 0ms (cache hit)
1539 http cache css-what@https://registry.npmjs.org/css-what/-/css-what-6.2.2.tgz 0ms (cache hit)
1540 http cache color-name@https://registry.npmjs.org/color-name/-/color-name-1.1.4.tgz 0ms (cache hit)
1541 http cache convert-source-map@https://registry.npmjs.org/convert-source-map/-/convert-source-map-2.0.0.tgz 0ms (cache hit)
1542 http cache concat-map@https://registry.npmjs.org/concat-map/-/concat-map-0.0.1.tgz 0ms (cache hit)
1543 http cache color-convert@https://registry.npmjs.org/color-convert/-/color-convert-2.0.1.tgz 0ms (cache hit)
1544 http cache cmdk@https://registry.npmjs.org/cmdk/-/cmdk-1.1.1.tgz 0ms (cache hit)
1545 http cache clsx@https://registry.npmjs.org/clsx/-/clsx-2.1.1.tgz 0ms (cache hit)
1546 http cache chokidar@https://registry.npmjs.org/chokidar/-/chokidar-3.6.0.tgz 0ms (cache hit)
1547 http cache cheerio@https://registry.npmjs.org/cheerio/-/cheerio-1.2.0.tgz 0ms (cache hit)
1548 http cache chalk@https://registry.npmjs.org/chalk/-/chalk-4.1.2.tgz 0ms (cache hit)
1549 http cache class-variance-authority@https://registry.npmjs.org/class-variance-authority/-/class-variance-authority-0.7.1.tgz 0ms (cache hit)
1550 http cache callsites@https://registry.npmjs.org/callsites/-/callsites-3.1.0.tgz 0ms (cache hit)
1551 http cache caniuse-lite@https://registry.npmjs.org/caniuse-lite/-/caniuse-lite-1.0.30001788.tgz 0ms (cache hit)
1552 http cache cheerio-select@https://registry.npmjs.org/cheerio-select/-/cheerio-select-2.1.0.tgz 0ms (cache hit)
1553 http cache boolbase@https://registry.npmjs.org/boolbase/-/boolbase-1.0.0.tgz 0ms (cache hit)
1554 http cache blake3-wasm@https://registry.npmjs.org/blake3-wasm/-/blake3-wasm-2.1.5.tgz 1ms (cache hit)
1555 http cache binary-extensions@https://registry.npmjs.org/binary-extensions/-/binary-extensions-2.3.0.tgz 0ms (cache hit)
1556 http cache aria-hidden@https://registry.npmjs.org/aria-hidden/-/aria-hidden-1.2.6.tgz 0ms (cache hit)
1557 http cache argparse@https://registry.npmjs.org/argparse/-/argparse-2.0.1.tgz 0ms (cache hit)
1558 http cache brace-expansion@https://registry.npmjs.org/brace-expansion/-/brace-expansion-1.1.14.tgz 0ms (cache hit)
1559 http cache balanced-match@https://registry.npmjs.org/balanced-match/-/balanced-match-1.0.2.tgz 0ms (cache hit)
1560 http cache babel-dead-code-elimination@https://registry.npmjs.org/babel-dead-code-elimination/-/babel-dead-code-elimination-1.0.12.tgz 0ms (cache hit)
1561 http cache braces@https://registry.npmjs.org/braces/-/braces-3.0.3.tgz 0ms (cache hit)
1562 http cache browserslist@https://registry.npmjs.org/browserslist/-/browserslist-4.28.2.tgz 0ms (cache hit)
1563 http cache ansis@https://registry.npmjs.org/ansis/-/ansis-4.2.0.tgz 0ms (cache hit)
1564 http cache anymatch@https://registry.npmjs.org/anymatch/-/anymatch-3.1.3.tgz 0ms (cache hit)
1565 http cache ansi-styles@https://registry.npmjs.org/ansi-styles/-/ansi-styles-4.3.0.tgz 0ms (cache hit)
1566 http cache @typescript-eslint/utils@https://registry.npmjs.org/@typescript-eslint/utils/-/utils-8.58.2.tgz 1ms (cache hit)
1567 http cache acorn-jsx@https://registry.npmjs.org/acorn-jsx/-/acorn-jsx-5.3.2.tgz 1ms (cache hit)
1568 http cache @vitejs/plugin-react@https://registry.npmjs.org/@vitejs/plugin-react/-/plugin-react-5.2.0.tgz 0ms (cache hit)
1569 http cache @typescript-eslint/visitor-keys@https://registry.npmjs.org/@typescript-eslint/visitor-keys/-/visitor-keys-8.58.2.tgz 0ms (cache hit)
1570 http cache ajv@https://registry.npmjs.org/ajv/-/ajv-6.14.0.tgz 0ms (cache hit)
1571 http cache @typescript-eslint/types@https://registry.npmjs.org/@typescript-eslint/types/-/types-8.58.2.tgz 0ms (cache hit)
1572 http cache acorn@https://registry.npmjs.org/acorn/-/acorn-8.16.0.tgz 0ms (cache hit)
1573 http cache @typescript-eslint/tsconfig-utils@https://registry.npmjs.org/@typescript-eslint/tsconfig-utils/-/tsconfig-utils-8.58.2.tgz 0ms (cache hit)
1574 http cache @typescript-eslint/typescript-estree@https://registry.npmjs.org/@typescript-eslint/typescript-estree/-/typescript-estree-8.58.2.tgz 0ms (cache hit)
1575 http cache @typescript-eslint/scope-manager@https://registry.npmjs.org/@typescript-eslint/scope-manager/-/scope-manager-8.58.2.tgz 0ms (cache hit)
1576 http cache @typescript-eslint/project-service@https://registry.npmjs.org/@typescript-eslint/project-service/-/project-service-8.58.2.tgz 1ms (cache hit)
1577 http cache @types/react@https://registry.npmjs.org/@types/react/-/react-19.2.14.tgz 0ms (cache hit)
1578 http cache @typescript-eslint/parser@https://registry.npmjs.org/@typescript-eslint/parser/-/parser-8.58.2.tgz 0ms (cache hit)
1579 http cache @types/node@https://registry.npmjs.org/@types/node/-/node-22.19.17.tgz 0ms (cache hit)
1580 http cache @typescript-eslint/type-utils@https://registry.npmjs.org/@typescript-eslint/type-utils/-/type-utils-8.58.2.tgz 0ms (cache hit)
1581 http cache @typescript-eslint/eslint-plugin@https://registry.npmjs.org/@typescript-eslint/eslint-plugin/-/eslint-plugin-8.58.2.tgz 0ms (cache hit)
1582 http cache @types/json-schema@https://registry.npmjs.org/@types/json-schema/-/json-schema-7.0.15.tgz 0ms (cache hit)
1583 http cache @types/d3-shape@https://registry.npmjs.org/@types/d3-shape/-/d3-shape-3.1.8.tgz 0ms (cache hit)
1584 http cache @types/d3-time@https://registry.npmjs.org/@types/d3-time/-/d3-time-3.0.4.tgz 0ms (cache hit)
1585 http cache @types/d3-timer@https://registry.npmjs.org/@types/d3-timer/-/d3-timer-3.0.2.tgz 0ms (cache hit)
1586 http cache @types/d3-scale@https://registry.npmjs.org/@types/d3-scale/-/d3-scale-4.0.9.tgz 0ms (cache hit)
1587 http cache @types/d3-path@https://registry.npmjs.org/@types/d3-path/-/d3-path-3.1.1.tgz 0ms (cache hit)
1588 http cache @types/d3-color@https://registry.npmjs.org/@types/d3-color/-/d3-color-3.1.3.tgz 0ms (cache hit)
1589 http cache @types/d3-interpolate@https://registry.npmjs.org/@types/d3-interpolate/-/d3-interpolate-3.0.4.tgz 0ms (cache hit)
1590 http cache @types/react-dom@https://registry.npmjs.org/@types/react-dom/-/react-dom-19.2.3.tgz 0ms (cache hit)
1591 http cache @types/d3-ease@https://registry.npmjs.org/@types/d3-ease/-/d3-ease-3.0.2.tgz 0ms (cache hit)
1592 http cache @types/d3-array@https://registry.npmjs.org/@types/d3-array/-/d3-array-3.2.2.tgz 0ms (cache hit)
1593 http cache @types/babel__traverse@https://registry.npmjs.org/@types/babel__traverse/-/babel__traverse-7.28.0.tgz 0ms (cache hit)
1594 http cache @tanstack/virtual-file-routes@https://registry.npmjs.org/@tanstack/virtual-file-routes/-/virtual-file-routes-1.161.7.tgz 0ms (cache hit)
1595 http cache @tanstack/store@https://registry.npmjs.org/@tanstack/store/-/store-0.9.3.tgz 0ms (cache hit)
1596 http cache @types/babel__generator@https://registry.npmjs.org/@types/babel__generator/-/babel__generator-7.27.0.tgz 0ms (cache hit)
1597 http cache @tanstack/start-server-core@https://registry.npmjs.org/@tanstack/start-server-core/-/start-server-core-1.167.19.tgz 0ms (cache hit)
1598 http cache @types/babel__core@https://registry.npmjs.org/@types/babel__core/-/babel__core-7.20.5.tgz 0ms (cache hit)
1599 http cache @types/babel__template@https://registry.npmjs.org/@types/babel__template/-/babel__template-7.4.4.tgz 0ms (cache hit)
1600 http cache @tanstack/start-storage-context@https://registry.npmjs.org/@tanstack/start-storage-context/-/start-storage-context-1.166.29.tgz 0ms (cache hit)
1601 http cache @tanstack/start-fn-stubs@https://registry.npmjs.org/@tanstack/start-fn-stubs/-/start-fn-stubs-1.161.6.tgz 0ms (cache hit)
1602 http cache @tanstack/start-client-core@https://registry.npmjs.org/@tanstack/start-client-core/-/start-client-core-1.167.17.tgz 0ms (cache hit)
1603 http cache @tanstack/router-utils@https://registry.npmjs.org/@tanstack/router-utils/-/router-utils-1.161.6.tgz 0ms (cache hit)
1604 http cache @tanstack/router-plugin@https://registry.npmjs.org/@tanstack/router-plugin/-/router-plugin-1.167.22.tgz 0ms (cache hit)
1605 http cache @tanstack/start-plugin-core@https://registry.npmjs.org/@tanstack/start-plugin-core/-/start-plugin-core-1.167.34.tgz 0ms (cache hit)
1606 http cache @tanstack/router-generator@https://registry.npmjs.org/@tanstack/router-generator/-/router-generator-1.166.32.tgz 0ms (cache hit)
1607 http cache @tanstack/router-core@https://registry.npmjs.org/@tanstack/router-core/-/router-core-1.168.15.tgz 0ms (cache hit)
1608 http cache @tanstack/react-store@https://registry.npmjs.org/@tanstack/react-store/-/react-store-0.9.3.tgz 0ms (cache hit)
1609 http cache @tanstack/react-start-server@https://registry.npmjs.org/@tanstack/react-start-server/-/react-start-server-1.166.39.tgz 0ms (cache hit)
1610 http cache @tanstack/react-start-rsc@https://registry.npmjs.org/@tanstack/react-start-rsc/-/react-start-rsc-0.0.18.tgz 0ms (cache hit)
1611 http cache @tanstack/react-start@https://registry.npmjs.org/@tanstack/react-start/-/react-start-1.167.39.tgz 0ms (cache hit)
1612 http cache @tanstack/react-start-client@https://registry.npmjs.org/@tanstack/react-start-client/-/react-start-client-1.166.38.tgz 0ms (cache hit)
1613 http cache @tanstack/react-router@https://registry.npmjs.org/@tanstack/react-router/-/react-router-1.168.21.tgz 0ms (cache hit)
1614 http cache @tailwindcss/vite@https://registry.npmjs.org/@tailwindcss/vite/-/vite-4.2.2.tgz 0ms (cache hit)
1615 http cache @tanstack/react-query@https://registry.npmjs.org/@tanstack/react-query/-/react-query-5.99.0.tgz 0ms (cache hit)
1616 http fetch POST 200 https://registry.npmjs.org/-/npm/v1/security/advisories/bulk 2406ms
1617 silly audit report {
1617 silly audit report   '@babel/core': [
1617 silly audit report     {
1617 silly audit report       id: 1123528,
1617 silly audit report       url: 'https://github.com/advisories/GHSA-4x5r-pxfx-6jf8',
1617 silly audit report       title: '@babel/core: Arbitrary File Read via sourceMappingURL Comment',
1617 silly audit report       severity: 'low',
1617 silly audit report       vulnerable_versions: '<=7.29.0',
1617 silly audit report       cwe: [Array],
1617 silly audit report       cvss: [Object]
1617 silly audit report     }
1617 silly audit report   ],
1617 silly audit report   '@tanstack/start-server-core': [
1617 silly audit report     {
1617 silly audit report       id: 1118887,
1617 silly audit report       url: 'https://github.com/advisories/GHSA-9m65-766c-r333',
1617 silly audit report       title: 'TanStack Start - Server Core: Inbound server-function request deserialization could invoke a sibling client-referenced server function',
1617 silly audit report       severity: 'moderate',
1617 silly audit report       vulnerable_versions: '<1.167.30',
1617 silly audit report       cwe: [Array],
1617 silly audit report       cvss: [Object]
1617 silly audit report     }
1617 silly audit report   ],
1617 silly audit report   'brace-expansion': [
1617 silly audit report     {
1617 silly audit report       id: 1120311,
1617 silly audit report       url: 'https://github.com/advisories/GHSA-jxxr-4gwj-5jf2',
1617 silly audit report       title: 'brace-expansion: Large numeric range defeats documented `max` DoS protection',
1617 silly audit report       severity: 'moderate',
1617 silly audit report       vulnerable_versions: '>=5.0.0 <5.0.6',
1617 silly audit report       cwe: [Array],
1617 silly audit report       cvss: [Object]
1617 silly audit report     },
1617 silly audit report     {
1617 silly audit report       id: 1123897,
1617 silly audit report       url: 'https://github.com/advisories/GHSA-3jxr-9vmj-r5cp',
1617 silly audit report       title: 'brace-expansion: DoS via exponential-time expansion of consecutive non-expanding {} groups',
1617 silly audit report       severity: 'high',
1617 silly audit report       vulnerable_versions: '<1.1.16',
1617 silly audit report       cwe: [Array],
1617 silly audit report       cvss: [Object]
1617 silly audit report     },
1617 silly audit report     {
1617 silly audit report       id: 1123898,
1617 silly audit report       url: 'https://github.com/advisories/GHSA-3jxr-9vmj-r5cp',
1617 silly audit report       title: 'brace-expansion: DoS via exponential-time expansion of consecutive non-expanding {} groups',
1617 silly audit report       severity: 'high',
1617 silly audit report       vulnerable_versions: '>=3.0.0 <5.0.7',
1617 silly audit report       cwe: [Array],
1617 silly audit report       cvss: [Object]
1617 silly audit report     },
1617 silly audit report     {
1617 silly audit report       id: 1124334,
1617 silly audit report       url: 'https://github.com/advisories/GHSA-mh99-v99m-4gvg',
1617 silly audit report       title: 'brace-expansion: DoS via unbounded expansion length causing an out-of-memory process crash',
1617 silly audit report       severity: 'high',
1617 silly audit report       vulnerable_versions: '<=5.0.7',
1617 silly audit report       cwe: [Array],
1617 silly audit report       cvss: [Object]
1617 silly audit report     }
1617 silly audit report   ],
1617 silly audit report   esbuild: [
1617 silly audit report     {
1617 silly audit report       id: 1120680,
1617 silly audit report       url: 'https://github.com/advisories/GHSA-g7r4-m6w7-qqqr',
1617 silly audit report       title: 'esbuild allows arbitrary file read when running the development server on Windows',
1617 silly audit report       severity: 'low',
1617 silly audit report       vulnerable_versions: '>=0.27.3 <0.28.1',
1617 silly audit report       cwe: [Array],
1617 silly audit report       cvss: [Object]
1617 silly audit report     }
1617 silly audit report   ],
1617 silly audit report   'js-yaml': [
1617 silly audit report     {
1617 silly audit report       id: 1121860,
1617 silly audit report       url: 'https://github.com/advisories/GHSA-h67p-54hq-rp68',
1617 silly audit report       title: 'JS-YAML: Quadratic-complexity DoS in merge key handling via repeated aliases',
1617 silly audit report       severity: 'moderate',
1617 silly audit report       vulnerable_versions: '>=4.0.0 <=4.1.1',
1617 silly audit report       cwe: [Array],
1617 silly audit report       cvss: [Object]
1617 silly audit report     },
1617 silly audit report     {
1617 silly audit report       id: 1123911,
1617 silly audit report       url: 'https://github.com/advisories/GHSA-52cp-r559-cp3m',
1617 silly audit report       title: 'js-yaml: YAML merge-key chains can force quadratic CPU consumption',
1617 silly audit report       severity: 'high',
1617 silly audit report       vulnerable_versions: '>=4.0.0 <4.3.0',
1617 silly audit report       cwe: [Array],
1617 silly audit report       cvss: [Object]
1617 silly audit report     }
1617 silly audit report   ],
1617 silly audit report   undici: [
1617 silly audit report     {
1617 silly audit report       id: 1121187,
1617 silly audit report       url: 'https://github.com/advisories/GHSA-vmh5-mc38-953g',
1617 silly audit report       title: 'undici vulnerable to TLS certificate validation bypass via dropped requestTls in SOCKS5 ProxyAgent',
1617 silly audit report       severity: 'high',
1617 silly audit report       vulnerable_versions: '>=7.23.0 <7.28.0',
1617 silly audit report       cwe: [Array],
1617 silly audit report       cvss: [Object]
1617 silly audit report     },
1617 silly audit report     {
1617 silly audit report       id: 1121241,
1617 silly audit report       url: 'https://github.com/advisories/GHSA-p88m-4jfj-68fv',
1617 silly audit report       title: 'undici vulnerable to HTTP header injection via Set-Cookie percent-decoding',
1617 silly audit report       severity: 'moderate',
1617 silly audit report       vulnerable_versions: '>=7.0.0 <7.28.0',
1617 silly audit report       cwe: [Array],
1617 silly audit report       cvss: [Object]
1617 silly audit report     },
1617 silly audit report     {
1617 silly audit report       id: 1121244,
1617 silly audit report       url: 'https://github.com/advisories/GHSA-vxpw-j846-p89q',
1617 silly audit report       title: 'undici WebSocket client vulnerable to denial of service via fragment count bypass',
1617 silly audit report       severity: 'high',
1617 silly audit report       vulnerable_versions: '>=7.0.0 <7.28.0',
1617 silly audit report       cwe: [Array],
1617 silly audit report       cvss: [Object]
1617 silly audit report     },
1617 silly audit report     {
1617 silly audit report       id: 1121247,
1617 silly audit report       url: 'https://github.com/advisories/GHSA-hm92-r4w5-c3mj',
1617 silly audit report       title: 'undici vulnerable to cross-origin request routing via SOCKS5 proxy pool reuse',
1617 silly audit report       severity: 'high',
1617 silly audit report       vulnerable_versions: '>=7.23.0 <7.28.0',
1617 silly audit report       cwe: [Array],
1617 silly audit report       cvss: [Object]
1617 silly audit report     },
1617 silly audit report     {
1617 silly audit report       id: 1121249,
1617 silly audit report       url: 'https://github.com/advisories/GHSA-35p6-xmwp-9g52',
1617 silly audit report       title: 'undici vulnerable to HTTP response queue poisoning via keep-alive socket reuse',
1617 silly audit report       severity: 'low',
1617 silly audit report       vulnerable_versions: '>=7.0.0 <7.28.0',
1617 silly audit report       cwe: [Array],
1617 silly audit report       cvss: [Object]
1617 silly audit report     },
1617 silly audit report     {
1617 silly audit report       id: 1121254,
1617 silly audit report       url: 'https://github.com/advisories/GHSA-g8m3-5g58-fq7m',
1617 silly audit report       title: 'undici vulnerable to Set-Cookie SameSite attribute downgrade via permissive substring matching',
1617 silly audit report       severity: 'low',
1617 silly audit report       vulnerable_versions: '>=7.0.0 <7.28.0',
1617 silly audit report       cwe: [Array],
1617 silly audit report       cvss: [Object]
1617 silly audit report     },
1617 silly audit report     {
1617 silly audit report       id: 1121428,
1617 silly audit report       url: 'https://github.com/advisories/GHSA-pr7r-676h-xcf6',
1617 silly audit report       title: 'undici vulnerable to cross-user information disclosure via shared cache whitespace bypass',
1617 silly audit report       severity: 'moderate',
1617 silly audit report       vulnerable_versions: '>=7.0.0 <7.28.0',
1617 silly audit report       cwe: [Array],
1617 silly audit report       cvss: [Object]
1617 silly audit report     }
1617 silly audit report   ],
1617 silly audit report   postcss: [
1617 silly audit report     {
1617 silly audit report       id: 1117015,
1617 silly audit report       url: 'https://github.com/advisories/GHSA-qx2v-qp2m-jg93',
1617 silly audit report       title: 'PostCSS has XSS via Unescaped </style> in its CSS Stringify Output',
1617 silly audit report       severity: 'moderate',
1617 silly audit report       vulnerable_versions: '<8.5.10',
1617 silly audit report       cwe: [Array],
1617 silly audit report       cvss: [Object]
1617 silly audit report     },
1617 silly audit report     {
1617 silly audit report       id: 1124252,
1617 silly audit report       url: 'https://github.com/advisories/GHSA-6g55-p6wh-862q',
1617 silly audit report       title: 'PostCSS: Arbitrary file read and information disclosure via attacker-controlled sourceMappingURL in CSS comments',
1617 silly audit report       severity: 'high',
1617 silly audit report       vulnerable_versions: '<=8.5.11',
1617 silly audit report       cwe: [Array],
1617 silly audit report       cvss: [Object]
1617 silly audit report     },
1617 silly audit report     {
1617 silly audit report       id: 1124288,
1617 silly audit report       url: 'https://github.com/advisories/GHSA-r28c-9q8g-f849',
1617 silly audit report       title: 'PostCSS: Path Traversal in Previous Source Map Auto-Loading (sourceMappingURL) leads to Arbitrary .map File Disclosure',
1617 silly audit report       severity: 'high',
1617 silly audit report       vulnerable_versions: '<=8.5.17',
1617 silly audit report       cwe: [Array],
1617 silly audit report       cvss: [Object]
1617 silly audit report     }
1617 silly audit report   ],
1617 silly audit report   seroval: [
1617 silly audit report     {
1617 silly audit report       id: 1124299,
1617 silly audit report       url: 'https://github.com/advisories/GHSA-mv8w-475r-vwqw',
1617 silly audit report       title: 'seroval: `seroval.fromJSON()` Promise resolver type confusion invokes attacker-controlled methods during deserialization',
1617 silly audit report       severity: 'critical',
1617 silly audit report       vulnerable_versions: '<=1.5.2',
1617 silly audit report       cwe: [Array],
1617 silly audit report       cvss: [Object]
1617 silly audit report     }
1617 silly audit report   ],
1617 silly audit report   sharp: [
1617 silly audit report     {
1617 silly audit report       id: 1124066,
1617 silly audit report       url: 'https://github.com/advisories/GHSA-f88m-g3jw-g9cj',
1617 silly audit report       title: 'sharp inherited vulnerabilities in libvips: CVE-2026-33327, CVE-2026-33328, CVE-2026-35590, CVE-2026-35591',
1617 silly audit report       severity: 'high',
1617 silly audit report       vulnerable_versions: '<0.35.0',
1617 silly audit report       cwe: [Array],
1617 silly audit report       cvss: [Object]
1617 silly audit report     }
1617 silly audit report   ],
1617 silly audit report   vite: [
1617 silly audit report     {
1617 silly audit report       id: 1120785,
1617 silly audit report       url: 'https://github.com/advisories/GHSA-v6wh-96g9-6wx3',
1617 silly audit report       title: 'launch-editor: NTLMv2 hash disclosure via UNC path handling on Windows',
1617 silly audit report       severity: 'moderate',
1617 silly audit report       vulnerable_versions: '>=7.0.0 <=7.3.4',
1617 silly audit report       cwe: [Array],
1617 silly audit report       cvss: [Object]
1617 silly audit report     },
1617 silly audit report     {
1617 silly audit report       id: 1123526,
1617 silly audit report       url: 'https://github.com/advisories/GHSA-fx2h-pf6j-xcff',
1617 silly audit report       title: 'vite: `server.fs.deny` bypass on Windows alternate paths',
1617 silly audit report       severity: 'high',
1617 silly audit report       vulnerable_versions: '>=7.0.0 <=7.3.4',
1617 silly audit report       cwe: [Array],
1617 silly audit report       cvss: [Object]
1617 silly audit report     }
1617 silly audit report   ],
1617 silly audit report   ws: [
1617 silly audit report     {
1617 silly audit report       id: 1119108,
1617 silly audit report       url: 'https://github.com/advisories/GHSA-58qx-3vcg-4xpx',
1617 silly audit report       title: 'ws: Uninitialized memory disclosure',
1617 silly audit report       severity: 'moderate',
1617 silly audit report       vulnerable_versions: '>=8.0.0 <8.20.1',
1617 silly audit report       cwe: [Array],
1617 silly audit report       cvss: [Object]
1617 silly audit report     },
1617 silly audit report     {
1617 silly audit report       id: 1123259,
1617 silly audit report       url: 'https://github.com/advisories/GHSA-96hv-2xvq-fx4p',
1617 silly audit report       title: 'ws: Memory exhaustion DoS from tiny fragments and data chunks',
1617 silly audit report       severity: 'high',
1617 silly audit report       vulnerable_versions: '>=8.0.0 <8.21.0',
1617 silly audit report       cwe: [Array],
1617 silly audit report       cvss: [Object]
1617 silly audit report     }
1617 silly audit report   ],
1617 silly audit report   xlsx: [
1617 silly audit report     {
1617 silly audit report       id: 1108110,
1617 silly audit report       url: 'https://github.com/advisories/GHSA-4r6h-8v6p-xvw6',
1617 silly audit report       title: 'Prototype Pollution in sheetJS',
1617 silly audit report       severity: 'high',
1617 silly audit report       vulnerable_versions: '<0.19.3',
1617 silly audit report       cwe: [Array],
1617 silly audit report       cvss: [Object]
1617 silly audit report     },
1617 silly audit report     {
1617 silly audit report       id: 1108111,
1617 silly audit report       url: 'https://github.com/advisories/GHSA-5pgg-2g8v-p4x9',
1617 silly audit report       title: 'SheetJS Regular Expression Denial of Service (ReDoS)',
1617 silly audit report       severity: 'high',
1617 silly audit report       vulnerable_versions: '<0.20.2',
1617 silly audit report       cwe: [Array],
1617 silly audit report       cvss: [Object]
1617 silly audit report     }
1617 silly audit report   ]
1617 silly audit report }
1618 silly packumentCache corgi:https://registry.npmjs.org/@babel%2fcore cache-miss
1619 silly packumentCache corgi:https://registry.npmjs.org/@tanstack%2fstart-server-core cache-miss
1620 silly packumentCache corgi:https://registry.npmjs.org/brace-expansion cache-miss
1621 silly packumentCache corgi:https://registry.npmjs.org/esbuild cache-miss
1622 silly packumentCache corgi:https://registry.npmjs.org/js-yaml cache-miss
1623 silly packumentCache corgi:https://registry.npmjs.org/undici cache-miss
1624 silly packumentCache corgi:https://registry.npmjs.org/postcss cache-miss
1625 silly packumentCache corgi:https://registry.npmjs.org/seroval cache-miss
1626 silly packumentCache corgi:https://registry.npmjs.org/sharp cache-miss
1627 silly packumentCache corgi:https://registry.npmjs.org/vite cache-miss
1628 silly packumentCache corgi:https://registry.npmjs.org/ws cache-miss
1629 silly packumentCache corgi:https://registry.npmjs.org/xlsx cache-miss
1630 http cache @tailwindcss/oxide-android-arm64@https://registry.npmjs.org/@tailwindcss/oxide-android-arm64/-/oxide-android-arm64-4.2.2.tgz 0ms (cache hit)
1631 http cache @tanstack/query-core@https://registry.npmjs.org/@tanstack/query-core/-/query-core-5.99.0.tgz 1ms (cache hit)
1632 http cache @tailwindcss/node@https://registry.npmjs.org/@tailwindcss/node/-/node-4.2.2.tgz 0ms (cache hit)
1633 http cache @tailwindcss/oxide@https://registry.npmjs.org/@tailwindcss/oxide/-/oxide-4.2.2.tgz 0ms (cache hit)
1634 http cache @tabby_ai/hijri-converter@https://registry.npmjs.org/@tabby_ai/hijri-converter/-/hijri-converter-1.0.5.tgz 0ms (cache hit)
1635 http cache @sindresorhus/is@https://registry.npmjs.org/@sindresorhus/is/-/is-7.2.0.tgz 0ms (cache hit)
1636 http cache @rolldown/pluginutils@https://registry.npmjs.org/@rolldown/pluginutils/-/pluginutils-1.0.0-beta.40.tgz 0ms (cache hit)
1637 http cache @standard-schema/utils@https://registry.npmjs.org/@standard-schema/utils/-/utils-0.3.0.tgz 0ms (cache hit)
1638 http cache @speed-highlight/core@https://registry.npmjs.org/@speed-highlight/core/-/core-1.2.15.tgz 0ms (cache hit)
1639 http cache @radix-ui/rect@https://registry.npmjs.org/@radix-ui/rect/-/rect-1.1.1.tgz 0ms (cache hit)
1640 http cache @radix-ui/react-visually-hidden@https://registry.npmjs.org/@radix-ui/react-visually-hidden/-/react-visually-hidden-1.2.3.tgz 0ms (cache hit)
1641 http cache @radix-ui/react-use-size@https://registry.npmjs.org/@radix-ui/react-use-size/-/react-use-size-1.1.1.tgz 0ms (cache hit)
1642 http cache @radix-ui/react-use-previous@https://registry.npmjs.org/@radix-ui/react-use-previous/-/react-use-previous-1.1.1.tgz 0ms (cache hit)
1643 http cache @radix-ui/react-use-is-hydrated@https://registry.npmjs.org/@radix-ui/react-use-is-hydrated/-/react-use-is-hydrated-0.1.0.tgz 0ms (cache hit)
1644 http cache @radix-ui/react-use-rect@https://registry.npmjs.org/@radix-ui/react-use-rect/-/react-use-rect-1.1.1.tgz 0ms (cache hit)
1645 http cache @radix-ui/react-use-layout-effect@https://registry.npmjs.org/@radix-ui/react-use-layout-effect/-/react-use-layout-effect-1.1.1.tgz 0ms (cache hit)
1646 http cache @radix-ui/react-use-callback-ref@https://registry.npmjs.org/@radix-ui/react-use-callback-ref/-/react-use-callback-ref-1.1.1.tgz 0ms (cache hit)
1647 http cache @radix-ui/react-use-escape-keydown@https://registry.npmjs.org/@radix-ui/react-use-escape-keydown/-/react-use-escape-keydown-1.1.1.tgz 0ms (cache hit)
1648 http cache @radix-ui/react-use-effect-event@https://registry.npmjs.org/@radix-ui/react-use-effect-event/-/react-use-effect-event-0.0.2.tgz 0ms (cache hit)
1649 http cache @radix-ui/react-use-controllable-state@https://registry.npmjs.org/@radix-ui/react-use-controllable-state/-/react-use-controllable-state-1.2.2.tgz 0ms (cache hit)
1650 http cache @radix-ui/react-tabs@https://registry.npmjs.org/@radix-ui/react-tabs/-/react-tabs-1.1.13.tgz 0ms (cache hit)
1651 http cache @radix-ui/react-slot@https://registry.npmjs.org/@radix-ui/react-slot/-/react-slot-1.2.4.tgz 0ms (cache hit)
1652 http cache @radix-ui/react-toggle-group@https://registry.npmjs.org/@radix-ui/react-toggle-group/-/react-toggle-group-1.1.11.tgz 0ms (cache hit)
1653 http cache @radix-ui/react-tooltip@https://registry.npmjs.org/@radix-ui/react-tooltip/-/react-tooltip-1.2.8.tgz 0ms (cache hit)
1654 http cache @tanstack/history@https://registry.npmjs.org/@tanstack/history/-/history-1.161.6.tgz 0ms (cache hit)
1655 http cache @radix-ui/react-toggle@https://registry.npmjs.org/@radix-ui/react-toggle/-/react-toggle-1.1.10.tgz 0ms (cache hit)
1656 http cache @radix-ui/react-switch@https://registry.npmjs.org/@radix-ui/react-switch/-/react-switch-1.2.6.tgz 0ms (cache hit)
1657 http cache @radix-ui/react-slider@https://registry.npmjs.org/@radix-ui/react-slider/-/react-slider-1.3.6.tgz 0ms (cache hit)
1658 http cache @radix-ui/react-separator@https://registry.npmjs.org/@radix-ui/react-separator/-/react-separator-1.1.8.tgz 0ms (cache hit)
1659 http cache @radix-ui/react-select@https://registry.npmjs.org/@radix-ui/react-select/-/react-select-2.2.6.tgz 0ms (cache hit)
1660 http cache @radix-ui/react-roving-focus@https://registry.npmjs.org/@radix-ui/react-roving-focus/-/react-roving-focus-1.1.11.tgz 0ms (cache hit)
1661 http cache @radix-ui/react-scroll-area@https://registry.npmjs.org/@radix-ui/react-scroll-area/-/react-scroll-area-1.2.10.tgz 0ms (cache hit)
1662 http cache @radix-ui/react-radio-group@https://registry.npmjs.org/@radix-ui/react-radio-group/-/react-radio-group-1.3.8.tgz 0ms (cache hit)
1663 http cache @radix-ui/react-progress@https://registry.npmjs.org/@radix-ui/react-progress/-/react-progress-1.1.8.tgz 0ms (cache hit)
1664 http cache @radix-ui/react-presence@https://registry.npmjs.org/@radix-ui/react-presence/-/react-presence-1.1.5.tgz 0ms (cache hit)
1665 http cache @radix-ui/react-popover@https://registry.npmjs.org/@radix-ui/react-popover/-/react-popover-1.1.15.tgz 0ms (cache hit)
1666 http cache @radix-ui/react-primitive@https://registry.npmjs.org/@radix-ui/react-primitive/-/react-primitive-2.1.3.tgz 0ms (cache hit)
1667 http cache @radix-ui/react-popper@https://registry.npmjs.org/@radix-ui/react-popper/-/react-popper-1.2.8.tgz 0ms (cache hit)
1668 http cache @radix-ui/react-portal@https://registry.npmjs.org/@radix-ui/react-portal/-/react-portal-1.1.9.tgz 0ms (cache hit)
1669 http cache @radix-ui/react-navigation-menu@https://registry.npmjs.org/@radix-ui/react-navigation-menu/-/react-navigation-menu-1.2.14.tgz 0ms (cache hit)
1670 http cache @radix-ui/react-menubar@https://registry.npmjs.org/@radix-ui/react-menubar/-/react-menubar-1.1.16.tgz 0ms (cache hit)
1671 http cache @radix-ui/react-menu@https://registry.npmjs.org/@radix-ui/react-menu/-/react-menu-2.1.16.tgz 0ms (cache hit)
1672 http cache @radix-ui/react-label@https://registry.npmjs.org/@radix-ui/react-label/-/react-label-2.1.8.tgz 0ms (cache hit)
1673 http cache @radix-ui/react-id@https://registry.npmjs.org/@radix-ui/react-id/-/react-id-1.1.1.tgz 0ms (cache hit)
1674 http cache @radix-ui/react-hover-card@https://registry.npmjs.org/@radix-ui/react-hover-card/-/react-hover-card-1.1.15.tgz 0ms (cache hit)
1675 http cache @radix-ui/react-focus-guards@https://registry.npmjs.org/@radix-ui/react-focus-guards/-/react-focus-guards-1.1.3.tgz 0ms (cache hit)
1676 http cache @radix-ui/react-dropdown-menu@https://registry.npmjs.org/@radix-ui/react-dropdown-menu/-/react-dropdown-menu-2.1.16.tgz 0ms (cache hit)
1677 http cache @radix-ui/react-direction@https://registry.npmjs.org/@radix-ui/react-direction/-/react-direction-1.1.1.tgz 0ms (cache hit)
1678 http cache baseline-browser-mapping@https://registry.npmjs.org/baseline-browser-mapping/-/baseline-browser-mapping-2.10.18.tgz 0ms (cache hit)
1679 http cache @radix-ui/react-dismissable-layer@https://registry.npmjs.org/@radix-ui/react-dismissable-layer/-/react-dismissable-layer-1.1.11.tgz 0ms (cache hit)
1680 http cache @radix-ui/react-dialog@https://registry.npmjs.org/@radix-ui/react-dialog/-/react-dialog-1.1.15.tgz 0ms (cache hit)
1681 http cache @radix-ui/react-context-menu@https://registry.npmjs.org/@radix-ui/react-context-menu/-/react-context-menu-2.2.16.tgz 0ms (cache hit)
1682 http cache @radix-ui/react-compose-refs@https://registry.npmjs.org/@radix-ui/react-compose-refs/-/react-compose-refs-1.1.2.tgz 0ms (cache hit)
1683 http cache @radix-ui/react-collapsible@https://registry.npmjs.org/@radix-ui/react-collapsible/-/react-collapsible-1.1.12.tgz 0ms (cache hit)
1684 http cache @radix-ui/react-context@https://registry.npmjs.org/@radix-ui/react-context/-/react-context-1.1.2.tgz 0ms (cache hit)
1685 http cache @radix-ui/react-aspect-ratio@https://registry.npmjs.org/@radix-ui/react-aspect-ratio/-/react-aspect-ratio-1.1.8.tgz 0ms (cache hit)
1686 http cache @radix-ui/react-alert-dialog@https://registry.npmjs.org/@radix-ui/react-alert-dialog/-/react-alert-dialog-1.1.15.tgz 0ms (cache hit)
1687 http cache @radix-ui/react-collection@https://registry.npmjs.org/@radix-ui/react-collection/-/react-collection-1.1.7.tgz 0ms (cache hit)
1688 http cache @radix-ui/react-focus-scope@https://registry.npmjs.org/@radix-ui/react-focus-scope/-/react-focus-scope-1.1.7.tgz 0ms (cache hit)
1689 http cache @radix-ui/react-avatar@https://registry.npmjs.org/@radix-ui/react-avatar/-/react-avatar-1.1.11.tgz 0ms (cache hit)
1690 http cache @radix-ui/react-arrow@https://registry.npmjs.org/@radix-ui/react-arrow/-/react-arrow-1.1.7.tgz 0ms (cache hit)
1691 http cache @radix-ui/primitive@https://registry.npmjs.org/@radix-ui/primitive/-/primitive-1.1.3.tgz 0ms (cache hit)
1692 http cache @poppinss/exception@https://registry.npmjs.org/@poppinss/exception/-/exception-1.2.3.tgz 0ms (cache hit)
1693 http cache @radix-ui/react-accordion@https://registry.npmjs.org/@radix-ui/react-accordion/-/react-accordion-1.2.12.tgz 0ms (cache hit)
1694 http cache @poppinss/colors@https://registry.npmjs.org/@poppinss/colors/-/colors-4.1.6.tgz 0ms (cache hit)
1695 http cache @poppinss/dumper@https://registry.npmjs.org/@poppinss/dumper/-/dumper-0.6.5.tgz 0ms (cache hit)
1696 http cache @radix-ui/react-checkbox@https://registry.npmjs.org/@radix-ui/react-checkbox/-/react-checkbox-1.3.3.tgz 0ms (cache hit)
1697 http cache @oozcitak/util@https://registry.npmjs.org/@oozcitak/util/-/util-10.0.0.tgz 0ms (cache hit)
1698 http cache @radix-ui/number@https://registry.npmjs.org/@radix-ui/number/-/number-1.1.1.tgz 0ms (cache hit)
1699 http cache @pkgr/core@https://registry.npmjs.org/@pkgr/core/-/core-0.2.9.tgz 0ms (cache hit)
1700 http cache @oozcitak/url@https://registry.npmjs.org/@oozcitak/url/-/url-3.0.0.tgz 0ms (cache hit)
1701 http cache @oozcitak/infra@https://registry.npmjs.org/@oozcitak/infra/-/infra-2.0.2.tgz 0ms (cache hit)
1702 http cache @jridgewell/trace-mapping@https://registry.npmjs.org/@jridgewell/trace-mapping/-/trace-mapping-0.3.31.tgz 0ms (cache hit)
1703 http cache @oozcitak/dom@https://registry.npmjs.org/@oozcitak/dom/-/dom-2.0.2.tgz 0ms (cache hit)
1704 http cache @jridgewell/remapping@https://registry.npmjs.org/@jridgewell/remapping/-/remapping-2.3.5.tgz 0ms (cache hit)
1705 http cache @jridgewell/resolve-uri@https://registry.npmjs.org/@jridgewell/resolve-uri/-/resolve-uri-3.1.2.tgz 0ms (cache hit)
1706 http cache @humanfs/node@https://registry.npmjs.org/@humanfs/node/-/node-0.16.7.tgz 1ms (cache hit)
1707 http cache @jridgewell/sourcemap-codec@https://registry.npmjs.org/@jridgewell/sourcemap-codec/-/sourcemap-codec-1.5.5.tgz 0ms (cache hit)
1708 http cache @img/colour@https://registry.npmjs.org/@img/colour/-/colour-1.1.0.tgz 0ms (cache hit)
1709 http cache @jridgewell/gen-mapping@https://registry.npmjs.org/@jridgewell/gen-mapping/-/gen-mapping-0.3.13.tgz 0ms (cache hit)
1710 http cache @humanfs/core@https://registry.npmjs.org/@humanfs/core/-/core-0.19.1.tgz 0ms (cache hit)
1711 http cache @humanwhocodes/module-importer@https://registry.npmjs.org/@humanwhocodes/module-importer/-/module-importer-1.0.1.tgz 0ms (cache hit)
1712 http cache @floating-ui/utils@https://registry.npmjs.org/@floating-ui/utils/-/utils-0.2.11.tgz 0ms (cache hit)
1713 http cache @hookform/resolvers@https://registry.npmjs.org/@hookform/resolvers/-/resolvers-5.2.2.tgz 0ms (cache hit)
1714 http cache @humanwhocodes/retry@https://registry.npmjs.org/@humanwhocodes/retry/-/retry-0.4.3.tgz 0ms (cache hit)
1715 http cache @floating-ui/dom@https://registry.npmjs.org/@floating-ui/dom/-/dom-1.7.6.tgz 0ms (cache hit)
1716 http cache @eslint/object-schema@https://registry.npmjs.org/@eslint/object-schema/-/object-schema-2.1.7.tgz 0ms (cache hit)
1717 http cache @floating-ui/core@https://registry.npmjs.org/@floating-ui/core/-/core-1.7.5.tgz 0ms (cache hit)
1718 http cache @eslint/eslintrc@https://registry.npmjs.org/@eslint/eslintrc/-/eslintrc-3.3.5.tgz 0ms (cache hit)
1719 http cache @floating-ui/react-dom@https://registry.npmjs.org/@floating-ui/react-dom/-/react-dom-2.1.8.tgz 0ms (cache hit)
1720 http cache @eslint/plugin-kit@https://registry.npmjs.org/@eslint/plugin-kit/-/plugin-kit-0.4.1.tgz 0ms (cache hit)
1721 http cache @eslint-community/regexpp@https://registry.npmjs.org/@eslint-community/regexpp/-/regexpp-4.12.2.tgz 0ms (cache hit)
1722 http cache @eslint/config-array@https://registry.npmjs.org/@eslint/config-array/-/config-array-0.21.2.tgz 0ms (cache hit)
1723 http cache @eslint-community/eslint-utils@https://registry.npmjs.org/@eslint-community/eslint-utils/-/eslint-utils-4.9.1.tgz 0ms (cache hit)
1724 http cache @eslint/config-helpers@https://registry.npmjs.org/@eslint/config-helpers/-/config-helpers-0.4.2.tgz 0ms (cache hit)
1725 http cache @eslint/js@https://registry.npmjs.org/@eslint/js/-/js-9.39.4.tgz 0ms (cache hit)
1726 http cache @cspotcode/source-map-support@https://registry.npmjs.org/@cspotcode/source-map-support/-/source-map-support-0.8.1.tgz 0ms (cache hit)
1727 http cache @cloudflare/vite-plugin@https://registry.npmjs.org/@cloudflare/vite-plugin/-/vite-plugin-1.32.2.tgz 0ms (cache hit)
1728 http cache @eslint/core@https://registry.npmjs.org/@eslint/core/-/core-0.17.0.tgz 0ms (cache hit)
1729 http cache @date-fns/tz@https://registry.npmjs.org/@date-fns/tz/-/tz-1.4.1.tgz 0ms (cache hit)
1730 http cache @cloudflare/unenv-preset@https://registry.npmjs.org/@cloudflare/unenv-preset/-/unenv-preset-2.16.0.tgz 0ms (cache hit)
1731 http cache @babel/traverse@https://registry.npmjs.org/@babel/traverse/-/traverse-7.29.0.tgz 0ms (cache hit)
1732 http cache @cloudflare/kv-asset-handler@https://registry.npmjs.org/@cloudflare/kv-asset-handler/-/kv-asset-handler-0.4.2.tgz 0ms (cache hit)
1733 http cache @babel/types@https://registry.npmjs.org/@babel/types/-/types-7.29.0.tgz 0ms (cache hit)
1734 http cache @babel/plugin-transform-react-jsx-source@https://registry.npmjs.org/@babel/plugin-transform-react-jsx-source/-/plugin-transform-react-jsx-source-7.27.1.tgz 0ms (cache hit)
1735 http cache @babel/runtime@https://registry.npmjs.org/@babel/runtime/-/runtime-7.29.2.tgz 0ms (cache hit)
1736 http cache @babel/template@https://registry.npmjs.org/@babel/template/-/template-7.28.6.tgz 0ms (cache hit)
1737 http cache @babel/plugin-transform-react-jsx-self@https://registry.npmjs.org/@babel/plugin-transform-react-jsx-self/-/plugin-transform-react-jsx-self-7.27.1.tgz 0ms (cache hit)
1738 http cache @babel/plugin-syntax-jsx@https://registry.npmjs.org/@babel/plugin-syntax-jsx/-/plugin-syntax-jsx-7.28.6.tgz 0ms (cache hit)
1739 http cache @babel/parser@https://registry.npmjs.org/@babel/parser/-/parser-7.29.2.tgz 0ms (cache hit)
1740 http cache @babel/helpers@https://registry.npmjs.org/@babel/helpers/-/helpers-7.29.2.tgz 0ms (cache hit)
1741 http cache @babel/helper-validator-option@https://registry.npmjs.org/@babel/helper-validator-option/-/helper-validator-option-7.27.1.tgz 0ms (cache hit)
1742 http cache @babel/helper-string-parser@https://registry.npmjs.org/@babel/helper-string-parser/-/helper-string-parser-7.27.1.tgz 0ms (cache hit)
1743 http cache @babel/helper-validator-identifier@https://registry.npmjs.org/@babel/helper-validator-identifier/-/helper-validator-identifier-7.28.5.tgz 0ms (cache hit)
1744 http cache @babel/helper-module-imports@https://registry.npmjs.org/@babel/helper-module-imports/-/helper-module-imports-7.28.6.tgz 0ms (cache hit)
1745 http cache @babel/helper-module-transforms@https://registry.npmjs.org/@babel/helper-module-transforms/-/helper-module-transforms-7.28.6.tgz 0ms (cache hit)
1746 http cache @babel/helper-plugin-utils@https://registry.npmjs.org/@babel/helper-plugin-utils/-/helper-plugin-utils-7.28.6.tgz 0ms (cache hit)
1747 http cache @babel/core@https://registry.npmjs.org/@babel/core/-/core-7.29.0.tgz 0ms (cache hit)
1748 http cache @babel/helper-globals@https://registry.npmjs.org/@babel/helper-globals/-/helper-globals-7.28.0.tgz 0ms (cache hit)
1749 http cache @babel/helper-compilation-targets@https://registry.npmjs.org/@babel/helper-compilation-targets/-/helper-compilation-targets-7.28.6.tgz 1ms (cache hit)
1750 http cache @babel/generator@https://registry.npmjs.org/@babel/generator/-/generator-7.29.1.tgz 0ms (cache hit)
1751 http cache rou3@https://registry.npmjs.org/rou3/-/rou3-0.9.1.tgz 0ms (cache hit)
1752 http cache @rolldown/pluginutils@https://registry.npmjs.org/@rolldown/pluginutils/-/pluginutils-1.0.1.tgz 0ms (cache hit)
1753 http cache @babel/compat-data@https://registry.npmjs.org/@babel/compat-data/-/compat-data-7.29.0.tgz 0ms (cache hit)
1754 http cache srvx@https://registry.npmjs.org/srvx/-/srvx-0.12.4.tgz 0ms (cache hit)
1755 http cache chalk@https://registry.npmjs.org/chalk/-/chalk-5.6.2.tgz 0ms (cache hit)
1756 http cache ws@https://registry.npmjs.org/ws/-/ws-8.21.1.tgz 0ms (cache hit)
1757 http cache @babel/code-frame@https://registry.npmjs.org/@babel/code-frame/-/code-frame-7.29.0.tgz 0ms (cache hit)
1758 http cache chalk@https://registry.npmjs.org/chalk/-/chalk-5.6.2.tgz 0ms (cache hit)
1759 http cache @babel/plugin-syntax-typescript@https://registry.npmjs.org/@babel/plugin-syntax-typescript/-/plugin-syntax-typescript-7.28.6.tgz 0ms (cache hit)
1760 http cache env-runner@https://registry.npmjs.org/env-runner/-/env-runner-0.1.16.tgz 0ms (cache hit)
1761 http cache srvx@https://registry.npmjs.org/srvx/-/srvx-0.11.22.tgz 0ms (cache hit)
1762 http cache esbuild@https://registry.npmjs.org/esbuild/-/esbuild-0.27.7.tgz 0ms (cache hit)
1763 http cache @esbuild/android-arm64@https://registry.npmjs.org/@esbuild/android-arm64/-/android-arm64-0.27.3.tgz 0ms (cache hit)
1764 http cache esbuild@https://registry.npmjs.org/esbuild/-/esbuild-0.27.3.tgz 0ms (cache hit)
1765 http cache @esbuild/android-arm64@https://registry.npmjs.org/@esbuild/android-arm64/-/android-arm64-0.27.7.tgz 0ms (cache hit)
1766 http cache semver@https://registry.npmjs.org/semver/-/semver-7.7.4.tgz 0ms (cache hit)
1767 http cache picomatch@https://registry.npmjs.org/picomatch/-/picomatch-2.3.2.tgz 0ms (cache hit)
1768 http cache glob-parent@https://registry.npmjs.org/glob-parent/-/glob-parent-6.0.2.tgz 0ms (cache hit)
1769 http cache @esbuild/android-arm64@https://registry.npmjs.org/@esbuild/android-arm64/-/android-arm64-0.27.7.tgz 0ms (cache hit)
1770 http cache unstorage@https://registry.npmjs.org/unstorage/-/unstorage-2.0.0-alpha.7.tgz 1ms (cache hit)
1771 http cache eslint-visitor-keys@https://registry.npmjs.org/eslint-visitor-keys/-/eslint-visitor-keys-5.0.1.tgz 0ms (cache hit)
1772 http cache entities@https://registry.npmjs.org/entities/-/entities-6.0.1.tgz 0ms (cache hit)
1773 http cache picomatch@https://registry.npmjs.org/picomatch/-/picomatch-2.3.2.tgz 0ms (cache hit)
1774 http cache esbuild@https://registry.npmjs.org/esbuild/-/esbuild-0.27.7.tgz 0ms (cache hit)
1775 http cache @rolldown/pluginutils@https://registry.npmjs.org/@rolldown/pluginutils/-/pluginutils-1.0.0-rc.3.tgz 0ms (cache hit)
1776 http cache @oxc-project/types@https://registry.npmjs.org/@oxc-project/types/-/types-0.140.0.tgz 0ms (cache hit)
1777 http cache entities@https://registry.npmjs.org/entities/-/entities-7.0.1.tgz 0ms (cache hit)
1778 http cache semver@https://registry.npmjs.org/semver/-/semver-7.7.4.tgz 0ms (cache hit)
1779 http cache undici@https://registry.npmjs.org/undici/-/undici-7.24.4.tgz 0ms (cache hit)
1780 http cache react-is@https://registry.npmjs.org/react-is/-/react-is-16.13.1.tgz 0ms (cache hit)
1781 http cache minimatch@https://registry.npmjs.org/minimatch/-/minimatch-10.2.5.tgz 0ms (cache hit)
1782 http cache @babel/code-frame@https://registry.npmjs.org/@babel/code-frame/-/code-frame-7.27.1.tgz 0ms (cache hit)
1783 http cache @radix-ui/react-primitive@https://registry.npmjs.org/@radix-ui/react-primitive/-/react-primitive-2.1.4.tgz 0ms (cache hit)
1784 http cache ignore@https://registry.npmjs.org/ignore/-/ignore-7.0.5.tgz 0ms (cache hit)
1785 http cache brace-expansion@https://registry.npmjs.org/brace-expansion/-/brace-expansion-5.0.5.tgz 0ms (cache hit)
1786 http cache @radix-ui/react-context@https://registry.npmjs.org/@radix-ui/react-context/-/react-context-1.1.3.tgz 0ms (cache hit)
1787 http cache @radix-ui/react-slot@https://registry.npmjs.org/@radix-ui/react-slot/-/react-slot-1.2.3.tgz 0ms (cache hit)
1788 http cache @radix-ui/react-slot@https://registry.npmjs.org/@radix-ui/react-slot/-/react-slot-1.2.3.tgz 0ms (cache hit)
1789 http cache balanced-match@https://registry.npmjs.org/balanced-match/-/balanced-match-4.0.4.tgz 1ms (cache hit)
1790 http cache @radix-ui/react-slot@https://registry.npmjs.org/@radix-ui/react-slot/-/react-slot-1.2.3.tgz 0ms (cache hit)
1791 http cache @radix-ui/react-primitive@https://registry.npmjs.org/@radix-ui/react-primitive/-/react-primitive-2.1.4.tgz 0ms (cache hit)
1792 http cache @radix-ui/react-primitive@https://registry.npmjs.org/@radix-ui/react-primitive/-/react-primitive-2.1.4.tgz 0ms (cache hit)
1793 http cache @radix-ui/react-slot@https://registry.npmjs.org/@radix-ui/react-slot/-/react-slot-1.2.3.tgz 0ms (cache hit)
1794 http cache @radix-ui/react-context@https://registry.npmjs.org/@radix-ui/react-context/-/react-context-1.1.3.tgz 0ms (cache hit)
1795 http cache supports-color@https://registry.npmjs.org/supports-color/-/supports-color-10.2.2.tgz 0ms (cache hit)
1796 http cache @radix-ui/react-slot@https://registry.npmjs.org/@radix-ui/react-slot/-/react-slot-1.2.3.tgz 0ms (cache hit)
1797 http cache @radix-ui/react-slot@https://registry.npmjs.org/@radix-ui/react-slot/-/react-slot-1.2.3.tgz 0ms (cache hit)
1798 http cache @radix-ui/react-primitive@https://registry.npmjs.org/@radix-ui/react-primitive/-/react-primitive-2.1.4.tgz 0ms (cache hit)
1799 silly tarball no local data for httpxy@https://registry.npmjs.org/httpxy/-/httpxy-0.5.5.tgz. Extracting by manifest.
1800 http cache @radix-ui/react-primitive@https://registry.npmjs.org/@radix-ui/react-primitive/-/react-primitive-2.1.4.tgz 0ms (cache hit)
1801 http cache @radix-ui/react-slot@https://registry.npmjs.org/@radix-ui/react-slot/-/react-slot-1.2.3.tgz 1ms (cache hit)
1802 silly tarball no local data for exsolve@https://registry.npmjs.org/exsolve/-/exsolve-1.1.1.tgz. Extracting by manifest.
1803 http cache globals@https://registry.npmjs.org/globals/-/globals-14.0.0.tgz 0ms (cache hit)
1804 silly tarball no local data for undici@https://registry.npmjs.org/undici/-/undici-7.28.0.tgz. Extracting by manifest.
1805 silly tarball no local data for frac@https://registry.npmjs.org/frac/-/frac-1.1.2.tgz. Extracting by manifest.
1806 silly tarball no local data for wmf@https://registry.npmjs.org/wmf/-/wmf-1.0.2.tgz. Extracting by manifest.
1807 silly tarball no local data for cfb@https://registry.npmjs.org/cfb/-/cfb-1.2.2.tgz. Extracting by manifest.
1808 silly tarball no local data for word@https://registry.npmjs.org/word/-/word-0.3.0.tgz. Extracting by manifest.
1809 http cache eslint-visitor-keys@https://registry.npmjs.org/eslint-visitor-keys/-/eslint-visitor-keys-3.4.3.tgz 0ms (cache hit)
1810 silly tarball no local data for codepage@https://registry.npmjs.org/codepage/-/codepage-1.15.0.tgz. Extracting by manifest.
1811 silly tarball no local data for crc-32@https://registry.npmjs.org/crc-32/-/crc-32-1.2.2.tgz. Extracting by manifest.
1812 silly tarball no local data for ssf@https://registry.npmjs.org/ssf/-/ssf-0.11.2.tgz. Extracting by manifest.
1813 silly tarball no local data for adler-32@https://registry.npmjs.org/adler-32/-/adler-32-1.3.1.tgz. Extracting by manifest.
1814 silly tarball no local data for @rollup/rollup-android-arm64@https://registry.npmjs.org/@rollup/rollup-android-arm64/-/rollup-android-arm64-4.62.3.tgz. Extracting by manifest.
1815 silly tarball no local data for @oxc-project/types@https://registry.npmjs.org/@oxc-project/types/-/types-0.120.0.tgz. Extracting by manifest.
1816 silly tarball no local data for @types/estree@https://registry.npmjs.org/@types/estree/-/estree-1.0.9.tgz. Extracting by manifest.
1817 silly tarball no local data for @rolldown/binding-android-arm64@https://registry.npmjs.org/@rolldown/binding-android-arm64/-/binding-android-arm64-1.2.0.tgz. Extracting by manifest.
1818 silly tarball no local data for @oxc-parser/binding-android-arm64@https://registry.npmjs.org/@oxc-parser/binding-android-arm64/-/binding-android-arm64-0.120.0.tgz. Extracting by manifest.
1819 silly tarball no local data for rolldown@https://registry.npmjs.org/rolldown/-/rolldown-1.2.0.tgz. Extracting by manifest.
1820 silly tarball no local data for ohash@https://registry.npmjs.org/ohash/-/ohash-2.0.11.tgz. Extracting by manifest.
1821 silly tarball no local data for ofetch@https://registry.npmjs.org/ofetch/-/ofetch-2.0.0-alpha.3.tgz. Extracting by manifest.
1822 silly tarball no local data for hookable@https://registry.npmjs.org/hookable/-/hookable-6.1.1.tgz. Extracting by manifest.
1823 silly tarball no local data for ocache@https://registry.npmjs.org/ocache/-/ocache-0.1.5.tgz. Extracting by manifest.
1824 silly tarball no local data for nf3@https://registry.npmjs.org/nf3/-/nf3-0.3.23.tgz. Extracting by manifest.
1825 silly tarball no local data for h3@https://registry.npmjs.org/h3/-/h3-2.0.1-rc.26.tgz. Extracting by manifest.
1826 silly tarball no local data for crossws@https://registry.npmjs.org/crossws/-/crossws-0.4.10.tgz. Extracting by manifest.
1827 silly tarball no local data for shell-quote@https://registry.npmjs.org/shell-quote/-/shell-quote-1.10.0.tgz. Extracting by manifest.
1828 http cache @radix-ui/react-slot@https://registry.npmjs.org/@radix-ui/react-slot/-/react-slot-1.2.3.tgz 0ms (cache hit)
1829 silly tarball no local data for @tanstack/devtools-event-client@https://registry.npmjs.org/@tanstack/devtools-event-client/-/devtools-event-client-0.5.0.tgz. Extracting by manifest.
1830 silly tarball no local data for db0@https://registry.npmjs.org/db0/-/db0-0.3.4.tgz. Extracting by manifest.
1831 silly tarball no local data for @tanstack/devtools-client@https://registry.npmjs.org/@tanstack/devtools-client/-/devtools-client-0.0.8.tgz. Extracting by manifest.
1832 silly tarball no local data for @tanstack/devtools-event-bus@https://registry.npmjs.org/@tanstack/devtools-event-bus/-/devtools-event-bus-0.4.2.tgz. Extracting by manifest.
1833 silly tarball no local data for launch-editor@https://registry.npmjs.org/launch-editor/-/launch-editor-2.14.1.tgz. Extracting by manifest.
1834 silly tarball no local data for oxc-parser@https://registry.npmjs.org/oxc-parser/-/oxc-parser-0.120.0.tgz. Extracting by manifest.
1835 silly tarball no local data for iceberg-js@https://registry.npmjs.org/iceberg-js/-/iceberg-js-0.8.1.tgz. Extracting by manifest.
1836 silly tarball no local data for consola@https://registry.npmjs.org/consola/-/consola-3.4.2.tgz. Extracting by manifest.
1837 silly tarball no local data for @tanstack/devtools-bundler-core@https://registry.npmjs.org/@tanstack/devtools-bundler-core/-/devtools-bundler-core-0.1.1.tgz. Extracting by manifest.
1838 silly tarball no local data for @supabase/realtime-js@https://registry.npmjs.org/@supabase/realtime-js/-/realtime-js-2.110.9.tgz. Extracting by manifest.
1839 silly tarball no local data for @supabase/storage-js@https://registry.npmjs.org/@supabase/storage-js/-/storage-js-2.110.9.tgz. Extracting by manifest.
1840 silly tarball no local data for @supabase/postgrest-js@https://registry.npmjs.org/@supabase/postgrest-js/-/postgrest-js-2.110.9.tgz. Extracting by manifest.
1841 silly tarball no local data for @tanstack/devtools-vite@https://registry.npmjs.org/@tanstack/devtools-vite/-/devtools-vite-0.8.3.tgz. Extracting by manifest.
1842 silly tarball no local data for @supabase/phoenix@https://registry.npmjs.org/@supabase/phoenix/-/phoenix-0.4.5.tgz. Extracting by manifest.
1843 silly tarball no local data for @supabase/functions-js@https://registry.npmjs.org/@supabase/functions-js/-/functions-js-2.110.9.tgz. Extracting by manifest.
1844 silly tarball no local data for xlsx@https://registry.npmjs.org/xlsx/-/xlsx-0.18.5.tgz. Extracting by manifest.
1845 silly tarball no local data for @supabase/auth-js@https://registry.npmjs.org/@supabase/auth-js/-/auth-js-2.110.9.tgz. Extracting by manifest.
1846 silly tarball no local data for @lovable.dev/vite-plugin-hmr-gate@https://registry.npmjs.org/@lovable.dev/vite-plugin-hmr-gate/-/vite-plugin-hmr-gate-1.1.4.tgz. Extracting by manifest.
1847 silly tarball no local data for @lovable.dev/vite-plugin-dev-server-bridge@https://registry.npmjs.org/@lovable.dev/vite-plugin-dev-server-bridge/-/vite-plugin-dev-server-bridge-1.2.1.tgz. Extracting by manifest.
1848 silly tarball no local data for @supabase/supabase-js@https://registry.npmjs.org/@supabase/supabase-js/-/supabase-js-2.110.9.tgz. Extracting by manifest.
1849 silly tarball no local data for rollup@https://registry.npmjs.org/rollup/-/rollup-4.62.3.tgz. Extracting by manifest.
1850 silly tarball no local data for jiti@https://registry.npmjs.org/jiti/-/jiti-2.7.0.tgz. Extracting by manifest.
1851 silly tarball no local data for @lovable.dev/vite-tanstack-config@https://registry.npmjs.org/@lovable.dev/vite-tanstack-config/-/vite-tanstack-config-2.7.7.tgz. Extracting by manifest.
1852 silly tarball no local data for youch@https://registry.npmjs.org/youch/-/youch-4.1.0-beta.10.tgz. Extracting by manifest.
1853 silly tarball no local data for nitro@https://registry.npmjs.org/nitro/-/nitro-3.0.260603-beta.tgz. Extracting by manifest.
1854 silly tarball no local data for zod@https://registry.npmjs.org/zod/-/zod-3.25.76.tgz. Extracting by manifest.
1855 silly tarball no local data for youch-core@https://registry.npmjs.org/youch-core/-/youch-core-0.3.3.tgz. Extracting by manifest.
1856 silly tarball no local data for yallist@https://registry.npmjs.org/yallist/-/yallist-3.1.1.tgz. Extracting by manifest.
1857 silly tarball no local data for xmlbuilder2@https://registry.npmjs.org/xmlbuilder2/-/xmlbuilder2-4.0.3.tgz. Extracting by manifest.
1858 silly tarball no local data for ws@https://registry.npmjs.org/ws/-/ws-8.18.0.tgz. Extracting by manifest.
1859 silly tarball no local data for yocto-queue@https://registry.npmjs.org/yocto-queue/-/yocto-queue-0.1.0.tgz. Extracting by manifest.
1860 silly tarball no local data for workerd@https://registry.npmjs.org/workerd/-/workerd-1.20260410.1.tgz. Extracting by manifest.
1861 silly tarball no local data for whatwg-mimetype@https://registry.npmjs.org/whatwg-mimetype/-/whatwg-mimetype-4.0.0.tgz. Extracting by manifest.
1862 silly tarball no local data for wrangler@https://registry.npmjs.org/wrangler/-/wrangler-4.82.2.tgz. Extracting by manifest.
1863 silly tarball no local data for whatwg-encoding@https://registry.npmjs.org/whatwg-encoding/-/whatwg-encoding-3.1.1.tgz. Extracting by manifest.
1864 silly tarball no local data for webpack-virtual-modules@https://registry.npmjs.org/webpack-virtual-modules/-/webpack-virtual-modules-0.6.2.tgz. Extracting by manifest.
1865 silly tarball no local data for which@https://registry.npmjs.org/which/-/which-2.0.2.tgz. Extracting by manifest.
1866 silly tarball no local data for vitefu@https://registry.npmjs.org/vitefu/-/vitefu-1.1.3.tgz. Extracting by manifest.
1867 silly tarball no local data for word-wrap@https://registry.npmjs.org/word-wrap/-/word-wrap-1.2.5.tgz. Extracting by manifest.
1868 silly tarball no local data for vaul@https://registry.npmjs.org/vaul/-/vaul-1.1.2.tgz. Extracting by manifest.
1869 silly tarball no local data for vite-tsconfig-paths@https://registry.npmjs.org/vite-tsconfig-paths/-/vite-tsconfig-paths-6.1.1.tgz. Extracting by manifest.
1870 silly tarball no local data for victory-vendor@https://registry.npmjs.org/victory-vendor/-/victory-vendor-36.9.2.tgz. Extracting by manifest.
1871 silly tarball no local data for vite@https://registry.npmjs.org/vite/-/vite-7.3.2.tgz. Extracting by manifest.
1872 silly tarball no local data for use-sync-external-store@https://registry.npmjs.org/use-sync-external-store/-/use-sync-external-store-1.6.0.tgz. Extracting by manifest.
1873 silly tarball no local data for update-browserslist-db@https://registry.npmjs.org/update-browserslist-db/-/update-browserslist-db-1.2.3.tgz. Extracting by manifest.
1874 silly tarball no local data for uri-js@https://registry.npmjs.org/uri-js/-/uri-js-4.4.1.tgz. Extracting by manifest.
1875 silly tarball no local data for use-sidecar@https://registry.npmjs.org/use-sidecar/-/use-sidecar-1.1.3.tgz. Extracting by manifest.
1876 silly tarball no local data for use-callback-ref@https://registry.npmjs.org/use-callback-ref/-/use-callback-ref-1.3.3.tgz. Extracting by manifest.
1877 silly tarball no local data for unenv@https://registry.npmjs.org/unenv/-/unenv-2.0.0-rc.24.tgz. Extracting by manifest.
1878 silly tarball no local data for unplugin@https://registry.npmjs.org/unplugin/-/unplugin-2.3.11.tgz. Extracting by manifest.
1879 silly tarball no local data for ufo@https://registry.npmjs.org/ufo/-/ufo-1.6.3.tgz. Extracting by manifest.
1880 silly tarball no local data for typescript-eslint@https://registry.npmjs.org/typescript-eslint/-/typescript-eslint-8.58.2.tgz. Extracting by manifest.
1881 silly tarball no local data for typescript@https://registry.npmjs.org/typescript/-/typescript-5.9.3.tgz. Extracting by manifest.
1882 silly tarball no local data for undici-types@https://registry.npmjs.org/undici-types/-/undici-types-6.21.0.tgz. Extracting by manifest.
1883 silly tarball no local data for type-check@https://registry.npmjs.org/type-check/-/type-check-0.4.0.tgz. Extracting by manifest.
1884 silly tarball no local data for tw-animate-css@https://registry.npmjs.org/tw-animate-css/-/tw-animate-css-1.4.0.tgz. Extracting by manifest.
1885 silly tarball no local data for tslib@https://registry.npmjs.org/tslib/-/tslib-2.8.1.tgz. Extracting by manifest.
1886 silly tarball no local data for ts-api-utils@https://registry.npmjs.org/ts-api-utils/-/ts-api-utils-2.5.0.tgz. Extracting by manifest.
1887 silly tarball no local data for tsconfck@https://registry.npmjs.org/tsconfck/-/tsconfck-3.1.6.tgz. Extracting by manifest.
1888 silly tarball no local data for tsx@https://registry.npmjs.org/tsx/-/tsx-4.21.0.tgz. Extracting by manifest.
1889 silly tarball no local data for tinyglobby@https://registry.npmjs.org/tinyglobby/-/tinyglobby-0.2.16.tgz. Extracting by manifest.
1890 silly tarball no local data for to-regex-range@https://registry.npmjs.org/to-regex-range/-/to-regex-range-5.0.1.tgz. Extracting by manifest.
1891 silly tarball no local data for supports-color@https://registry.npmjs.org/supports-color/-/supports-color-7.2.0.tgz. Extracting by manifest.
1892 silly tarball no local data for tiny-invariant@https://registry.npmjs.org/tiny-invariant/-/tiny-invariant-1.3.3.tgz. Extracting by manifest.
1893 silly tarball no local data for tapable@https://registry.npmjs.org/tapable/-/tapable-2.3.2.tgz. Extracting by manifest.
1894 silly tarball no local data for tailwind-merge@https://registry.npmjs.org/tailwind-merge/-/tailwind-merge-3.5.0.tgz. Extracting by manifest.
1895 silly tarball no local data for tailwindcss@https://registry.npmjs.org/tailwindcss/-/tailwindcss-4.2.2.tgz. Extracting by manifest.
1896 silly tarball no local data for synckit@https://registry.npmjs.org/synckit/-/synckit-0.11.12.tgz. Extracting by manifest.
1897 silly tarball no local data for strip-json-comments@https://registry.npmjs.org/strip-json-comments/-/strip-json-comments-3.1.1.tgz. Extracting by manifest.
1898 silly tarball no local data for source-map-js@https://registry.npmjs.org/source-map-js/-/source-map-js-1.2.1.tgz. Extracting by manifest.
1899 silly tarball no local data for source-map@https://registry.npmjs.org/source-map/-/source-map-0.7.6.tgz. Extracting by manifest.
1900 silly tarball no local data for srvx@https://registry.npmjs.org/srvx/-/srvx-0.11.15.tgz. Extracting by manifest.
1901 silly tarball no local data for sharp@https://registry.npmjs.org/sharp/-/sharp-0.34.5.tgz. Extracting by manifest.
1902 silly tarball no local data for sonner@https://registry.npmjs.org/sonner/-/sonner-2.0.7.tgz. Extracting by manifest.
1903 silly tarball no local data for shebang-command@https://registry.npmjs.org/shebang-command/-/shebang-command-2.0.0.tgz. Extracting by manifest.
1904 silly tarball no local data for seroval-plugins@https://registry.npmjs.org/seroval-plugins/-/seroval-plugins-1.5.2.tgz. Extracting by manifest.
1905 silly tarball no local data for rou3@https://registry.npmjs.org/rou3/-/rou3-0.8.1.tgz. Extracting by manifest.
1906 silly tarball no local data for semver@https://registry.npmjs.org/semver/-/semver-6.3.1.tgz. Extracting by manifest.
1907 silly tarball no local data for shebang-regex@https://registry.npmjs.org/shebang-regex/-/shebang-regex-3.0.0.tgz. Extracting by manifest.
1908 silly tarball no local data for seroval@https://registry.npmjs.org/seroval/-/seroval-1.5.2.tgz. Extracting by manifest.
1909 silly tarball no local data for safer-buffer@https://registry.npmjs.org/safer-buffer/-/safer-buffer-2.1.2.tgz. Extracting by manifest.
1910 silly tarball no local data for scheduler@https://registry.npmjs.org/scheduler/-/scheduler-0.27.0.tgz. Extracting by manifest.
1911 silly tarball no local data for recharts-scale@https://registry.npmjs.org/recharts-scale/-/recharts-scale-0.4.5.tgz. Extracting by manifest.
1912 silly tarball no local data for resolve-pkg-maps@https://registry.npmjs.org/resolve-pkg-maps/-/resolve-pkg-maps-1.0.0.tgz. Extracting by manifest.
1913 silly tarball no local data for recharts@https://registry.npmjs.org/recharts/-/recharts-2.15.4.tgz. Extracting by manifest.
1914 silly tarball no local data for resolve-from@https://registry.npmjs.org/resolve-from/-/resolve-from-4.0.0.tgz. Extracting by manifest.
1915 silly tarball no local data for react-transition-group@https://registry.npmjs.org/react-transition-group/-/react-transition-group-4.4.5.tgz. Extracting by manifest.
1916 silly tarball no local data for react-remove-scroll@https://registry.npmjs.org/react-remove-scroll/-/react-remove-scroll-2.7.2.tgz. Extracting by manifest.
1917 silly tarball no local data for react-smooth@https://registry.npmjs.org/react-smooth/-/react-smooth-4.0.4.tgz. Extracting by manifest.
1918 silly tarball no local data for react-style-singleton@https://registry.npmjs.org/react-style-singleton/-/react-style-singleton-2.2.3.tgz. Extracting by manifest.
1919 silly tarball no local data for react-resizable-panels@https://registry.npmjs.org/react-resizable-panels/-/react-resizable-panels-4.10.0.tgz. Extracting by manifest.
1920 silly tarball no local data for react-remove-scroll-bar@https://registry.npmjs.org/react-remove-scroll-bar/-/react-remove-scroll-bar-2.3.8.tgz. Extracting by manifest.
1921 silly tarball no local data for react-refresh@https://registry.npmjs.org/react-refresh/-/react-refresh-0.18.0.tgz. Extracting by manifest.
1922 silly tarball no local data for readdirp@https://registry.npmjs.org/readdirp/-/readdirp-3.6.0.tgz. Extracting by manifest.
1923 silly tarball no local data for react-dom@https://registry.npmjs.org/react-dom/-/react-dom-19.2.5.tgz. Extracting by manifest.
1924 silly tarball no local data for punycode@https://registry.npmjs.org/punycode/-/punycode-2.3.1.tgz. Extracting by manifest.
1925 silly tarball no local data for prop-types@https://registry.npmjs.org/prop-types/-/prop-types-15.8.1.tgz. Extracting by manifest.
1926 silly tarball no local data for react@https://registry.npmjs.org/react/-/react-19.2.5.tgz. Extracting by manifest.
1927 silly tarball no local data for react-is@https://registry.npmjs.org/react-is/-/react-is-18.3.1.tgz. Extracting by manifest.
1928 silly tarball no local data for react-hook-form@https://registry.npmjs.org/react-hook-form/-/react-hook-form-7.72.1.tgz. Extracting by manifest.
1929 silly tarball no local data for react-day-picker@https://registry.npmjs.org/react-day-picker/-/react-day-picker-9.14.0.tgz. Extracting by manifest.
1930 silly tarball no local data for prettier-linter-helpers@https://registry.npmjs.org/prettier-linter-helpers/-/prettier-linter-helpers-1.0.1.tgz. Extracting by manifest.
1931 silly tarball no local data for prelude-ls@https://registry.npmjs.org/prelude-ls/-/prelude-ls-1.2.1.tgz. Extracting by manifest.
1932 silly tarball no local data for prettier@https://registry.npmjs.org/prettier/-/prettier-3.8.2.tgz. Extracting by manifest.
1933 silly tarball no local data for pathe@https://registry.npmjs.org/pathe/-/pathe-2.0.3.tgz. Extracting by manifest.
1934 silly tarball no local data for path-to-regexp@https://registry.npmjs.org/path-to-regexp/-/path-to-regexp-6.3.0.tgz. Extracting by manifest.
1935 silly tarball no local data for postcss@https://registry.npmjs.org/postcss/-/postcss-8.5.9.tgz. Extracting by manifest.
1936 silly tarball no local data for picomatch@https://registry.npmjs.org/picomatch/-/picomatch-4.0.4.tgz. Extracting by manifest.
1937 silly tarball no local data for picocolors@https://registry.npmjs.org/picocolors/-/picocolors-1.1.1.tgz. Extracting by manifest.
1938 silly tarball no local data for path-key@https://registry.npmjs.org/path-key/-/path-key-3.1.1.tgz. Extracting by manifest.
1939 silly tarball no local data for path-exists@https://registry.npmjs.org/path-exists/-/path-exists-4.0.0.tgz. Extracting by manifest.
1940 silly tarball no local data for parse5-parser-stream@https://registry.npmjs.org/parse5-parser-stream/-/parse5-parser-stream-7.1.2.tgz. Extracting by manifest.
1941 silly tarball no local data for p-limit@https://registry.npmjs.org/p-limit/-/p-limit-3.1.0.tgz. Extracting by manifest.
1942 silly tarball no local data for parse5-htmlparser2-tree-adapter@https://registry.npmjs.org/parse5-htmlparser2-tree-adapter/-/parse5-htmlparser2-tree-adapter-7.1.0.tgz. Extracting by manifest.
1943 silly tarball no local data for object-assign@https://registry.npmjs.org/object-assign/-/object-assign-4.1.1.tgz. Extracting by manifest.
1944 silly tarball no local data for parent-module@https://registry.npmjs.org/parent-module/-/parent-module-1.0.1.tgz. Extracting by manifest.
1945 silly tarball no local data for nth-check@https://registry.npmjs.org/nth-check/-/nth-check-2.1.1.tgz. Extracting by manifest.
1946 silly tarball no local data for p-locate@https://registry.npmjs.org/p-locate/-/p-locate-5.0.0.tgz. Extracting by manifest.
1947 silly tarball no local data for parse5@https://registry.npmjs.org/parse5/-/parse5-7.3.0.tgz. Extracting by manifest.
1948 silly tarball no local data for optionator@https://registry.npmjs.org/optionator/-/optionator-0.9.4.tgz. Extracting by manifest.
1949 silly tarball no local data for normalize-path@https://registry.npmjs.org/normalize-path/-/normalize-path-3.0.0.tgz. Extracting by manifest.
1950 silly tarball no local data for ms@https://registry.npmjs.org/ms/-/ms-2.1.3.tgz. Extracting by manifest.
1951 silly tarball no local data for node-releases@https://registry.npmjs.org/node-releases/-/node-releases-2.0.37.tgz. Extracting by manifest.
1952 silly tarball no local data for natural-compare@https://registry.npmjs.org/natural-compare/-/natural-compare-1.4.0.tgz. Extracting by manifest.
1953 silly tarball no local data for nanoid@https://registry.npmjs.org/nanoid/-/nanoid-3.3.11.tgz. Extracting by manifest.
1954 silly tarball no local data for minimatch@https://registry.npmjs.org/minimatch/-/minimatch-3.1.5.tgz. Extracting by manifest.
1955 silly tarball no local data for miniflare@https://registry.npmjs.org/miniflare/-/miniflare-4.20260410.0.tgz. Extracting by manifest.
1956 silly tarball no local data for lucide-react@https://registry.npmjs.org/lucide-react/-/lucide-react-0.575.0.tgz. Extracting by manifest.
1957 silly tarball no local data for magic-string@https://registry.npmjs.org/magic-string/-/magic-string-0.30.21.tgz. Extracting by manifest.
1958 silly tarball no local data for lru-cache@https://registry.npmjs.org/lru-cache/-/lru-cache-5.1.1.tgz. Extracting by manifest.
1959 silly tarball no local data for lodash.merge@https://registry.npmjs.org/lodash.merge/-/lodash.merge-4.6.2.tgz. Extracting by manifest.
1960 silly tarball no local data for loose-envify@https://registry.npmjs.org/loose-envify/-/loose-envify-1.4.0.tgz. Extracting by manifest.
1961 silly tarball no local data for lodash@https://registry.npmjs.org/lodash/-/lodash-4.18.1.tgz. Extracting by manifest.
1962 silly tarball no local data for locate-path@https://registry.npmjs.org/locate-path/-/locate-path-6.0.0.tgz. Extracting by manifest.
1963 silly tarball no local data for lightningcss-android-arm64@https://registry.npmjs.org/lightningcss-android-arm64/-/lightningcss-android-arm64-1.32.0.tgz. Extracting by manifest.
1964 silly tarball no local data for levn@https://registry.npmjs.org/levn/-/levn-0.4.1.tgz. Extracting by manifest.
1965 silly tarball no local data for keyv@https://registry.npmjs.org/keyv/-/keyv-4.5.4.tgz. Extracting by manifest.
1966 silly tarball no local data for lightningcss@https://registry.npmjs.org/lightningcss/-/lightningcss-1.32.0.tgz. Extracting by manifest.
1967 silly tarball no local data for json5@https://registry.npmjs.org/json5/-/json5-2.2.3.tgz. Extracting by manifest.
1968 silly tarball no local data for json-stable-stringify-without-jsonify@https://registry.npmjs.org/json-stable-stringify-without-jsonify/-/json-stable-stringify-without-jsonify-1.0.1.tgz. Extracting by manifest.
1969 silly tarball no local data for json-schema-traverse@https://registry.npmjs.org/json-schema-traverse/-/json-schema-traverse-0.4.1.tgz. Extracting by manifest.
1970 silly tarball no local data for json-buffer@https://registry.npmjs.org/json-buffer/-/json-buffer-3.0.1.tgz. Extracting by manifest.
1971 silly tarball no local data for kleur@https://registry.npmjs.org/kleur/-/kleur-4.1.5.tgz. Extracting by manifest.
1972 silly tarball no local data for js-tokens@https://registry.npmjs.org/js-tokens/-/js-tokens-4.0.0.tgz. Extracting by manifest.
1973 silly tarball no local data for js-yaml@https://registry.npmjs.org/js-yaml/-/js-yaml-4.1.1.tgz. Extracting by manifest.
1974 silly tarball no local data for jsesc@https://registry.npmjs.org/jsesc/-/jsesc-3.1.0.tgz. Extracting by manifest.
1975 silly tarball no local data for isexe@https://registry.npmjs.org/isexe/-/isexe-2.0.0.tgz. Extracting by manifest.
1976 silly tarball no local data for isbot@https://registry.npmjs.org/isbot/-/isbot-5.1.38.tgz. Extracting by manifest.
1977 silly tarball no local data for is-number@https://registry.npmjs.org/is-number/-/is-number-7.0.0.tgz. Extracting by manifest.
1978 silly tarball no local data for is-extglob@https://registry.npmjs.org/is-extglob/-/is-extglob-2.1.1.tgz. Extracting by manifest.
1979 silly tarball no local data for is-binary-path@https://registry.npmjs.org/is-binary-path/-/is-binary-path-2.1.0.tgz. Extracting by manifest.
1980 silly tarball no local data for is-glob@https://registry.npmjs.org/is-glob/-/is-glob-4.0.3.tgz. Extracting by manifest.
1981 silly tarball no local data for input-otp@https://registry.npmjs.org/input-otp/-/input-otp-1.4.2.tgz. Extracting by manifest.
1982 silly tarball no local data for internmap@https://registry.npmjs.org/internmap/-/internmap-2.0.3.tgz. Extracting by manifest.
1983 silly tarball no local data for import-fresh@https://registry.npmjs.org/import-fresh/-/import-fresh-3.3.1.tgz. Extracting by manifest.
1984 silly tarball no local data for imurmurhash@https://registry.npmjs.org/imurmurhash/-/imurmurhash-0.1.4.tgz. Extracting by manifest.
1985 silly tarball no local data for ignore@https://registry.npmjs.org/ignore/-/ignore-5.3.2.tgz. Extracting by manifest.
1986 silly tarball no local data for iconv-lite@https://registry.npmjs.org/iconv-lite/-/iconv-lite-0.6.3.tgz. Extracting by manifest.
1987 silly tarball no local data for htmlparser2@https://registry.npmjs.org/htmlparser2/-/htmlparser2-10.1.0.tgz. Extracting by manifest.
1988 silly tarball no local data for globrex@https://registry.npmjs.org/globrex/-/globrex-0.1.2.tgz. Extracting by manifest.
1989 silly tarball no local data for h3-v2@https://registry.npmjs.org/h3/-/h3-2.0.1-rc.20.tgz. Extracting by manifest.
1990 silly tarball no local data for globals@https://registry.npmjs.org/globals/-/globals-15.15.0.tgz. Extracting by manifest.
1991 silly tarball no local data for has-flag@https://registry.npmjs.org/has-flag/-/has-flag-4.0.0.tgz. Extracting by manifest.
1992 silly tarball no local data for get-tsconfig@https://registry.npmjs.org/get-tsconfig/-/get-tsconfig-4.13.7.tgz. Extracting by manifest.
1993 silly tarball no local data for graceful-fs@https://registry.npmjs.org/graceful-fs/-/graceful-fs-4.2.11.tgz. Extracting by manifest.
1994 silly tarball no local data for gensync@https://registry.npmjs.org/gensync/-/gensync-1.0.0-beta.2.tgz. Extracting by manifest.
1995 silly tarball no local data for flatted@https://registry.npmjs.org/flatted/-/flatted-3.4.2.tgz. Extracting by manifest.
1996 silly tarball no local data for flat-cache@https://registry.npmjs.org/flat-cache/-/flat-cache-4.0.1.tgz. Extracting by manifest.
1997 silly tarball no local data for find-up@https://registry.npmjs.org/find-up/-/find-up-5.0.0.tgz. Extracting by manifest.
1998 silly tarball no local data for get-nonce@https://registry.npmjs.org/get-nonce/-/get-nonce-1.0.1.tgz. Extracting by manifest.
1999 silly tarball no local data for fill-range@https://registry.npmjs.org/fill-range/-/fill-range-7.1.1.tgz. Extracting by manifest.
2000 silly tarball no local data for glob-parent@https://registry.npmjs.org/glob-parent/-/glob-parent-5.1.2.tgz. Extracting by manifest.
2001 silly tarball no local data for fast-equals@https://registry.npmjs.org/fast-equals/-/fast-equals-5.4.0.tgz. Extracting by manifest.
2002 silly tarball no local data for fdir@https://registry.npmjs.org/fdir/-/fdir-6.5.0.tgz. Extracting by manifest.
2003 silly tarball no local data for file-entry-cache@https://registry.npmjs.org/file-entry-cache/-/file-entry-cache-8.0.0.tgz. Extracting by manifest.
2004 silly tarball no local data for eventemitter3@https://registry.npmjs.org/eventemitter3/-/eventemitter3-4.0.7.tgz. Extracting by manifest.
2005 silly tarball no local data for fast-json-stable-stringify@https://registry.npmjs.org/fast-json-stable-stringify/-/fast-json-stable-stringify-2.1.0.tgz. Extracting by manifest.
2006 silly tarball no local data for fast-diff@https://registry.npmjs.org/fast-diff/-/fast-diff-1.3.0.tgz. Extracting by manifest.
2007 silly tarball no local data for esutils@https://registry.npmjs.org/esutils/-/esutils-2.0.3.tgz. Extracting by manifest.
2008 silly tarball no local data for fast-deep-equal@https://registry.npmjs.org/fast-deep-equal/-/fast-deep-equal-3.1.3.tgz. Extracting by manifest.
2009 silly tarball no local data for estraverse@https://registry.npmjs.org/estraverse/-/estraverse-5.3.0.tgz. Extracting by manifest.
2010 silly tarball no local data for eslint-visitor-keys@https://registry.npmjs.org/eslint-visitor-keys/-/eslint-visitor-keys-4.2.1.tgz. Extracting by manifest.
2011 silly tarball no local data for eslint-scope@https://registry.npmjs.org/eslint-scope/-/eslint-scope-8.4.0.tgz. Extracting by manifest.
2012 silly tarball no local data for eslint-plugin-react-refresh@https://registry.npmjs.org/eslint-plugin-react-refresh/-/eslint-plugin-react-refresh-0.4.26.tgz. Extracting by manifest.
2013 silly tarball no local data for esquery@https://registry.npmjs.org/esquery/-/esquery-1.7.0.tgz. Extracting by manifest.
2014 silly tarball no local data for fast-levenshtein@https://registry.npmjs.org/fast-levenshtein/-/fast-levenshtein-2.0.6.tgz. Extracting by manifest.
2015 silly tarball no local data for esrecurse@https://registry.npmjs.org/esrecurse/-/esrecurse-4.3.0.tgz. Extracting by manifest.
2016 silly tarball no local data for eslint-plugin-react-hooks@https://registry.npmjs.org/eslint-plugin-react-hooks/-/eslint-plugin-react-hooks-5.2.0.tgz. Extracting by manifest.
2017 silly tarball no local data for eslint-plugin-prettier@https://registry.npmjs.org/eslint-plugin-prettier/-/eslint-plugin-prettier-5.5.5.tgz. Extracting by manifest.
2018 silly tarball no local data for espree@https://registry.npmjs.org/espree/-/espree-10.4.0.tgz. Extracting by manifest.
2019 silly tarball no local data for eslint-config-prettier@https://registry.npmjs.org/eslint-config-prettier/-/eslint-config-prettier-10.1.8.tgz. Extracting by manifest.
2020 silly tarball no local data for eslint@https://registry.npmjs.org/eslint/-/eslint-9.39.4.tgz. Extracting by manifest.
2021 silly tarball no local data for escape-string-regexp@https://registry.npmjs.org/escape-string-regexp/-/escape-string-regexp-4.0.0.tgz. Extracting by manifest.
2022 silly tarball no local data for escalade@https://registry.npmjs.org/escalade/-/escalade-3.2.0.tgz. Extracting by manifest.
2023 silly tarball no local data for error-stack-parser-es@https://registry.npmjs.org/error-stack-parser-es/-/error-stack-parser-es-1.0.5.tgz. Extracting by manifest.
2024 silly tarball no local data for encoding-sniffer@https://registry.npmjs.org/encoding-sniffer/-/encoding-sniffer-0.2.1.tgz. Extracting by manifest.
2025 silly tarball no local data for entities@https://registry.npmjs.org/entities/-/entities-4.5.0.tgz. Extracting by manifest.
2026 silly tarball no local data for enhanced-resolve@https://registry.npmjs.org/enhanced-resolve/-/enhanced-resolve-5.20.1.tgz. Extracting by manifest.
2027 silly tarball no local data for embla-carousel-reactive-utils@https://registry.npmjs.org/embla-carousel-reactive-utils/-/embla-carousel-reactive-utils-8.6.0.tgz. Extracting by manifest.
2028 silly tarball no local data for embla-carousel@https://registry.npmjs.org/embla-carousel/-/embla-carousel-8.6.0.tgz. Extracting by manifest.
2029 silly tarball no local data for embla-carousel-react@https://registry.npmjs.org/embla-carousel-react/-/embla-carousel-react-8.6.0.tgz. Extracting by manifest.
2030 silly tarball no local data for electron-to-chromium@https://registry.npmjs.org/electron-to-chromium/-/electron-to-chromium-1.5.336.tgz. Extracting by manifest.
2031 silly tarball no local data for domutils@https://registry.npmjs.org/domutils/-/domutils-3.2.2.tgz. Extracting by manifest.
2032 silly tarball no local data for dom-serializer@https://registry.npmjs.org/dom-serializer/-/dom-serializer-2.0.0.tgz. Extracting by manifest.
2033 silly tarball no local data for domelementtype@https://registry.npmjs.org/domelementtype/-/domelementtype-2.3.0.tgz. Extracting by manifest.
2034 silly tarball no local data for diff@https://registry.npmjs.org/diff/-/diff-8.0.4.tgz. Extracting by manifest.
2035 silly tarball no local data for dom-helpers@https://registry.npmjs.org/dom-helpers/-/dom-helpers-5.2.1.tgz. Extracting by manifest.
2036 silly tarball no local data for domhandler@https://registry.npmjs.org/domhandler/-/domhandler-5.0.3.tgz. Extracting by manifest.
2037 silly tarball no local data for detect-node-es@https://registry.npmjs.org/detect-node-es/-/detect-node-es-1.1.0.tgz. Extracting by manifest.
2038 silly tarball no local data for detect-libc@https://registry.npmjs.org/detect-libc/-/detect-libc-2.1.2.tgz. Extracting by manifest.
2039 silly tarball no local data for deep-is@https://registry.npmjs.org/deep-is/-/deep-is-0.1.4.tgz. Extracting by manifest.
2040 silly tarball no local data for debug@https://registry.npmjs.org/debug/-/debug-4.4.3.tgz. Extracting by manifest.
2041 silly tarball no local data for date-fns@https://registry.npmjs.org/date-fns/-/date-fns-4.1.0.tgz. Extracting by manifest.
2042 silly tarball no local data for date-fns-jalali@https://registry.npmjs.org/date-fns-jalali/-/date-fns-jalali-4.1.0-0.tgz. Extracting by manifest.
2043 silly tarball no local data for decimal.js-light@https://registry.npmjs.org/decimal.js-light/-/decimal.js-light-2.5.1.tgz. Extracting by manifest.
2044 silly tarball no local data for d3-timer@https://registry.npmjs.org/d3-timer/-/d3-timer-3.0.1.tgz. Extracting by manifest.
2045 silly tarball no local data for d3-time@https://registry.npmjs.org/d3-time/-/d3-time-3.1.0.tgz. Extracting by manifest.
2046 silly tarball no local data for d3-shape@https://registry.npmjs.org/d3-shape/-/d3-shape-3.2.0.tgz. Extracting by manifest.
2047 silly tarball no local data for d3-time-format@https://registry.npmjs.org/d3-time-format/-/d3-time-format-4.1.0.tgz. Extracting by manifest.
2048 silly tarball no local data for d3-path@https://registry.npmjs.org/d3-path/-/d3-path-3.1.0.tgz. Extracting by manifest.
2049 silly tarball no local data for d3-scale@https://registry.npmjs.org/d3-scale/-/d3-scale-4.0.2.tgz. Extracting by manifest.
2050 silly tarball no local data for d3-interpolate@https://registry.npmjs.org/d3-interpolate/-/d3-interpolate-3.0.1.tgz. Extracting by manifest.
2051 silly tarball no local data for d3-format@https://registry.npmjs.org/d3-format/-/d3-format-3.1.2.tgz. Extracting by manifest.
2052 silly tarball no local data for d3-color@https://registry.npmjs.org/d3-color/-/d3-color-3.1.0.tgz. Extracting by manifest.
2053 silly tarball no local data for csstype@https://registry.npmjs.org/csstype/-/csstype-3.2.3.tgz. Extracting by manifest.
2054 silly tarball no local data for d3-ease@https://registry.npmjs.org/d3-ease/-/d3-ease-3.0.1.tgz. Extracting by manifest.
2055 silly tarball no local data for cross-spawn@https://registry.npmjs.org/cross-spawn/-/cross-spawn-7.0.6.tgz. Extracting by manifest.
2056 silly tarball no local data for d3-array@https://registry.npmjs.org/d3-array/-/d3-array-3.2.4.tgz. Extracting by manifest.
2057 silly tarball no local data for css-select@https://registry.npmjs.org/css-select/-/css-select-5.2.2.tgz. Extracting by manifest.
2058 silly tarball no local data for cookie-es@https://registry.npmjs.org/cookie-es/-/cookie-es-3.1.1.tgz. Extracting by manifest.
2059 silly tarball no local data for cookie@https://registry.npmjs.org/cookie/-/cookie-1.1.1.tgz. Extracting by manifest.
2060 silly tarball no local data for css-what@https://registry.npmjs.org/css-what/-/css-what-6.2.2.tgz. Extracting by manifest.
2061 silly tarball no local data for color-name@https://registry.npmjs.org/color-name/-/color-name-1.1.4.tgz. Extracting by manifest.
2062 silly tarball no local data for convert-source-map@https://registry.npmjs.org/convert-source-map/-/convert-source-map-2.0.0.tgz. Extracting by manifest.
2063 silly tarball no local data for concat-map@https://registry.npmjs.org/concat-map/-/concat-map-0.0.1.tgz. Extracting by manifest.
2064 silly tarball no local data for color-convert@https://registry.npmjs.org/color-convert/-/color-convert-2.0.1.tgz. Extracting by manifest.
2065 silly tarball no local data for cmdk@https://registry.npmjs.org/cmdk/-/cmdk-1.1.1.tgz. Extracting by manifest.
2066 silly tarball no local data for clsx@https://registry.npmjs.org/clsx/-/clsx-2.1.1.tgz. Extracting by manifest.
2067 silly tarball no local data for chokidar@https://registry.npmjs.org/chokidar/-/chokidar-3.6.0.tgz. Extracting by manifest.
2068 silly tarball no local data for cheerio@https://registry.npmjs.org/cheerio/-/cheerio-1.2.0.tgz. Extracting by manifest.
2069 silly tarball no local data for chalk@https://registry.npmjs.org/chalk/-/chalk-4.1.2.tgz. Extracting by manifest.
2070 silly tarball no local data for class-variance-authority@https://registry.npmjs.org/class-variance-authority/-/class-variance-authority-0.7.1.tgz. Extracting by manifest.
2071 silly tarball no local data for callsites@https://registry.npmjs.org/callsites/-/callsites-3.1.0.tgz. Extracting by manifest.
2072 silly tarball no local data for caniuse-lite@https://registry.npmjs.org/caniuse-lite/-/caniuse-lite-1.0.30001788.tgz. Extracting by manifest.
2073 silly tarball no local data for cheerio-select@https://registry.npmjs.org/cheerio-select/-/cheerio-select-2.1.0.tgz. Extracting by manifest.
2074 silly tarball no local data for boolbase@https://registry.npmjs.org/boolbase/-/boolbase-1.0.0.tgz. Extracting by manifest.
2075 silly tarball no local data for aria-hidden@https://registry.npmjs.org/aria-hidden/-/aria-hidden-1.2.6.tgz. Extracting by manifest.
2076 silly tarball no local data for argparse@https://registry.npmjs.org/argparse/-/argparse-2.0.1.tgz. Extracting by manifest.
2077 silly tarball no local data for balanced-match@https://registry.npmjs.org/balanced-match/-/balanced-match-1.0.2.tgz. Extracting by manifest.
2078 silly tarball no local data for binary-extensions@https://registry.npmjs.org/binary-extensions/-/binary-extensions-2.3.0.tgz. Extracting by manifest.
2079 silly tarball no local data for blake3-wasm@https://registry.npmjs.org/blake3-wasm/-/blake3-wasm-2.1.5.tgz. Extracting by manifest.
2080 silly tarball no local data for brace-expansion@https://registry.npmjs.org/brace-expansion/-/brace-expansion-1.1.14.tgz. Extracting by manifest.
2081 silly tarball no local data for babel-dead-code-elimination@https://registry.npmjs.org/babel-dead-code-elimination/-/babel-dead-code-elimination-1.0.12.tgz. Extracting by manifest.
2082 silly tarball no local data for braces@https://registry.npmjs.org/braces/-/braces-3.0.3.tgz. Extracting by manifest.
2083 silly tarball no local data for browserslist@https://registry.npmjs.org/browserslist/-/browserslist-4.28.2.tgz. Extracting by manifest.
2084 silly tarball no local data for ansis@https://registry.npmjs.org/ansis/-/ansis-4.2.0.tgz. Extracting by manifest.
2085 silly tarball no local data for anymatch@https://registry.npmjs.org/anymatch/-/anymatch-3.1.3.tgz. Extracting by manifest.
2086 silly tarball no local data for ansi-styles@https://registry.npmjs.org/ansi-styles/-/ansi-styles-4.3.0.tgz. Extracting by manifest.
2087 silly tarball no local data for @typescript-eslint/utils@https://registry.npmjs.org/@typescript-eslint/utils/-/utils-8.58.2.tgz. Extracting by manifest.
2088 silly tarball no local data for acorn-jsx@https://registry.npmjs.org/acorn-jsx/-/acorn-jsx-5.3.2.tgz. Extracting by manifest.
2089 silly tarball no local data for @vitejs/plugin-react@https://registry.npmjs.org/@vitejs/plugin-react/-/plugin-react-5.2.0.tgz. Extracting by manifest.
2090 silly tarball no local data for @typescript-eslint/visitor-keys@https://registry.npmjs.org/@typescript-eslint/visitor-keys/-/visitor-keys-8.58.2.tgz. Extracting by manifest.
2091 silly tarball no local data for ajv@https://registry.npmjs.org/ajv/-/ajv-6.14.0.tgz. Extracting by manifest.
2092 silly tarball no local data for @typescript-eslint/types@https://registry.npmjs.org/@typescript-eslint/types/-/types-8.58.2.tgz. Extracting by manifest.
2093 silly tarball no local data for acorn@https://registry.npmjs.org/acorn/-/acorn-8.16.0.tgz. Extracting by manifest.
2094 silly tarball no local data for @typescript-eslint/tsconfig-utils@https://registry.npmjs.org/@typescript-eslint/tsconfig-utils/-/tsconfig-utils-8.58.2.tgz. Extracting by manifest.
2095 silly tarball no local data for @typescript-eslint/typescript-estree@https://registry.npmjs.org/@typescript-eslint/typescript-estree/-/typescript-estree-8.58.2.tgz. Extracting by manifest.
2096 silly tarball no local data for @typescript-eslint/scope-manager@https://registry.npmjs.org/@typescript-eslint/scope-manager/-/scope-manager-8.58.2.tgz. Extracting by manifest.
2097 silly tarball no local data for @typescript-eslint/project-service@https://registry.npmjs.org/@typescript-eslint/project-service/-/project-service-8.58.2.tgz. Extracting by manifest.
2098 silly tarball no local data for @types/react@https://registry.npmjs.org/@types/react/-/react-19.2.14.tgz. Extracting by manifest.
2099 silly tarball no local data for @typescript-eslint/parser@https://registry.npmjs.org/@typescript-eslint/parser/-/parser-8.58.2.tgz. Extracting by manifest.
2100 silly tarball no local data for @types/node@https://registry.npmjs.org/@types/node/-/node-22.19.17.tgz. Extracting by manifest.
2101 silly tarball no local data for @typescript-eslint/type-utils@https://registry.npmjs.org/@typescript-eslint/type-utils/-/type-utils-8.58.2.tgz. Extracting by manifest.
2102 silly tarball no local data for @typescript-eslint/eslint-plugin@https://registry.npmjs.org/@typescript-eslint/eslint-plugin/-/eslint-plugin-8.58.2.tgz. Extracting by manifest.
2103 silly tarball no local data for @types/d3-shape@https://registry.npmjs.org/@types/d3-shape/-/d3-shape-3.1.8.tgz. Extracting by manifest.
2104 silly tarball no local data for @types/d3-time@https://registry.npmjs.org/@types/d3-time/-/d3-time-3.0.4.tgz. Extracting by manifest.
2105 silly tarball no local data for @types/d3-timer@https://registry.npmjs.org/@types/d3-timer/-/d3-timer-3.0.2.tgz. Extracting by manifest.
2106 silly tarball no local data for @types/json-schema@https://registry.npmjs.org/@types/json-schema/-/json-schema-7.0.15.tgz. Extracting by manifest.
2107 silly tarball no local data for @types/d3-scale@https://registry.npmjs.org/@types/d3-scale/-/d3-scale-4.0.9.tgz. Extracting by manifest.
2108 silly tarball no local data for @types/d3-color@https://registry.npmjs.org/@types/d3-color/-/d3-color-3.1.3.tgz. Extracting by manifest.
2109 silly tarball no local data for @types/d3-path@https://registry.npmjs.org/@types/d3-path/-/d3-path-3.1.1.tgz. Extracting by manifest.
2110 silly tarball no local data for @types/d3-interpolate@https://registry.npmjs.org/@types/d3-interpolate/-/d3-interpolate-3.0.4.tgz. Extracting by manifest.
2111 silly tarball no local data for @types/react-dom@https://registry.npmjs.org/@types/react-dom/-/react-dom-19.2.3.tgz. Extracting by manifest.
2112 silly tarball no local data for @types/d3-ease@https://registry.npmjs.org/@types/d3-ease/-/d3-ease-3.0.2.tgz. Extracting by manifest.
2113 silly tarball no local data for @types/d3-array@https://registry.npmjs.org/@types/d3-array/-/d3-array-3.2.2.tgz. Extracting by manifest.
2114 silly tarball no local data for @types/babel__traverse@https://registry.npmjs.org/@types/babel__traverse/-/babel__traverse-7.28.0.tgz. Extracting by manifest.
2115 silly tarball no local data for @tanstack/virtual-file-routes@https://registry.npmjs.org/@tanstack/virtual-file-routes/-/virtual-file-routes-1.161.7.tgz. Extracting by manifest.
2116 silly tarball no local data for @tanstack/store@https://registry.npmjs.org/@tanstack/store/-/store-0.9.3.tgz. Extracting by manifest.
2117 silly tarball no local data for @types/babel__generator@https://registry.npmjs.org/@types/babel__generator/-/babel__generator-7.27.0.tgz. Extracting by manifest.
2118 silly tarball no local data for @tanstack/start-server-core@https://registry.npmjs.org/@tanstack/start-server-core/-/start-server-core-1.167.19.tgz. Extracting by manifest.
2119 silly tarball no local data for @types/babel__core@https://registry.npmjs.org/@types/babel__core/-/babel__core-7.20.5.tgz. Extracting by manifest.
2120 silly tarball no local data for @tanstack/start-storage-context@https://registry.npmjs.org/@tanstack/start-storage-context/-/start-storage-context-1.166.29.tgz. Extracting by manifest.
2121 silly tarball no local data for @types/babel__template@https://registry.npmjs.org/@types/babel__template/-/babel__template-7.4.4.tgz. Extracting by manifest.
2122 silly tarball no local data for @tanstack/start-client-core@https://registry.npmjs.org/@tanstack/start-client-core/-/start-client-core-1.167.17.tgz. Extracting by manifest.
2123 silly tarball no local data for @tanstack/start-fn-stubs@https://registry.npmjs.org/@tanstack/start-fn-stubs/-/start-fn-stubs-1.161.6.tgz. Extracting by manifest.
2124 silly tarball no local data for @tanstack/router-utils@https://registry.npmjs.org/@tanstack/router-utils/-/router-utils-1.161.6.tgz. Extracting by manifest.
2125 silly tarball no local data for @tanstack/router-plugin@https://registry.npmjs.org/@tanstack/router-plugin/-/router-plugin-1.167.22.tgz. Extracting by manifest.
2126 silly tarball no local data for @tanstack/start-plugin-core@https://registry.npmjs.org/@tanstack/start-plugin-core/-/start-plugin-core-1.167.34.tgz. Extracting by manifest.
2127 silly tarball no local data for @tanstack/router-generator@https://registry.npmjs.org/@tanstack/router-generator/-/router-generator-1.166.32.tgz. Extracting by manifest.
2128 silly tarball no local data for @tanstack/router-core@https://registry.npmjs.org/@tanstack/router-core/-/router-core-1.168.15.tgz. Extracting by manifest.
2129 silly tarball no local data for @tanstack/react-store@https://registry.npmjs.org/@tanstack/react-store/-/react-store-0.9.3.tgz. Extracting by manifest.
2130 silly tarball no local data for @tanstack/react-start-server@https://registry.npmjs.org/@tanstack/react-start-server/-/react-start-server-1.166.39.tgz. Extracting by manifest.
2131 silly tarball no local data for @tanstack/react-start-rsc@https://registry.npmjs.org/@tanstack/react-start-rsc/-/react-start-rsc-0.0.18.tgz. Extracting by manifest.
2132 silly tarball no local data for @tanstack/react-start@https://registry.npmjs.org/@tanstack/react-start/-/react-start-1.167.39.tgz. Extracting by manifest.
2133 silly tarball no local data for @tanstack/react-start-client@https://registry.npmjs.org/@tanstack/react-start-client/-/react-start-client-1.166.38.tgz. Extracting by manifest.
2134 silly tarball no local data for @tanstack/react-router@https://registry.npmjs.org/@tanstack/react-router/-/react-router-1.168.21.tgz. Extracting by manifest.
2135 silly tarball no local data for @tailwindcss/vite@https://registry.npmjs.org/@tailwindcss/vite/-/vite-4.2.2.tgz. Extracting by manifest.
2136 silly tarball no local data for @tanstack/react-query@https://registry.npmjs.org/@tanstack/react-query/-/react-query-5.99.0.tgz. Extracting by manifest.
2137 silly tarball no local data for @tailwindcss/oxide-android-arm64@https://registry.npmjs.org/@tailwindcss/oxide-android-arm64/-/oxide-android-arm64-4.2.2.tgz. Extracting by manifest.
2138 silly tarball no local data for @tanstack/query-core@https://registry.npmjs.org/@tanstack/query-core/-/query-core-5.99.0.tgz. Extracting by manifest.
2139 silly tarball no local data for @tailwindcss/node@https://registry.npmjs.org/@tailwindcss/node/-/node-4.2.2.tgz. Extracting by manifest.
2140 silly tarball no local data for @tailwindcss/oxide@https://registry.npmjs.org/@tailwindcss/oxide/-/oxide-4.2.2.tgz. Extracting by manifest.
2141 silly tarball no local data for @tabby_ai/hijri-converter@https://registry.npmjs.org/@tabby_ai/hijri-converter/-/hijri-converter-1.0.5.tgz. Extracting by manifest.
2142 silly tarball no local data for @sindresorhus/is@https://registry.npmjs.org/@sindresorhus/is/-/is-7.2.0.tgz. Extracting by manifest.
2143 silly tarball no local data for @rolldown/pluginutils@https://registry.npmjs.org/@rolldown/pluginutils/-/pluginutils-1.0.0-beta.40.tgz. Extracting by manifest.
2144 silly tarball no local data for @standard-schema/utils@https://registry.npmjs.org/@standard-schema/utils/-/utils-0.3.0.tgz. Extracting by manifest.
2145 silly tarball no local data for @speed-highlight/core@https://registry.npmjs.org/@speed-highlight/core/-/core-1.2.15.tgz. Extracting by manifest.
2146 silly tarball no local data for @radix-ui/rect@https://registry.npmjs.org/@radix-ui/rect/-/rect-1.1.1.tgz. Extracting by manifest.
2147 silly tarball no local data for @radix-ui/react-visually-hidden@https://registry.npmjs.org/@radix-ui/react-visually-hidden/-/react-visually-hidden-1.2.3.tgz. Extracting by manifest.
2148 silly tarball no local data for @radix-ui/react-use-size@https://registry.npmjs.org/@radix-ui/react-use-size/-/react-use-size-1.1.1.tgz. Extracting by manifest.
2149 silly tarball no local data for @radix-ui/react-use-previous@https://registry.npmjs.org/@radix-ui/react-use-previous/-/react-use-previous-1.1.1.tgz. Extracting by manifest.
2150 silly tarball no local data for @radix-ui/react-use-is-hydrated@https://registry.npmjs.org/@radix-ui/react-use-is-hydrated/-/react-use-is-hydrated-0.1.0.tgz. Extracting by manifest.
2151 silly tarball no local data for @radix-ui/react-use-rect@https://registry.npmjs.org/@radix-ui/react-use-rect/-/react-use-rect-1.1.1.tgz. Extracting by manifest.
2152 silly tarball no local data for @radix-ui/react-use-layout-effect@https://registry.npmjs.org/@radix-ui/react-use-layout-effect/-/react-use-layout-effect-1.1.1.tgz. Extracting by manifest.
2153 silly tarball no local data for @radix-ui/react-use-escape-keydown@https://registry.npmjs.org/@radix-ui/react-use-escape-keydown/-/react-use-escape-keydown-1.1.1.tgz. Extracting by manifest.
2154 silly tarball no local data for @radix-ui/react-use-callback-ref@https://registry.npmjs.org/@radix-ui/react-use-callback-ref/-/react-use-callback-ref-1.1.1.tgz. Extracting by manifest.
2155 silly tarball no local data for @radix-ui/react-use-effect-event@https://registry.npmjs.org/@radix-ui/react-use-effect-event/-/react-use-effect-event-0.0.2.tgz. Extracting by manifest.
2156 silly tarball no local data for @radix-ui/react-use-controllable-state@https://registry.npmjs.org/@radix-ui/react-use-controllable-state/-/react-use-controllable-state-1.2.2.tgz. Extracting by manifest.
2157 silly tarball no local data for @radix-ui/react-tabs@https://registry.npmjs.org/@radix-ui/react-tabs/-/react-tabs-1.1.13.tgz. Extracting by manifest.
2158 silly tarball no local data for @radix-ui/react-slot@https://registry.npmjs.org/@radix-ui/react-slot/-/react-slot-1.2.4.tgz. Extracting by manifest.
2159 silly tarball no local data for @radix-ui/react-toggle-group@https://registry.npmjs.org/@radix-ui/react-toggle-group/-/react-toggle-group-1.1.11.tgz. Extracting by manifest.
2160 silly tarball no local data for @radix-ui/react-tooltip@https://registry.npmjs.org/@radix-ui/react-tooltip/-/react-tooltip-1.2.8.tgz. Extracting by manifest.
2161 silly tarball no local data for @tanstack/history@https://registry.npmjs.org/@tanstack/history/-/history-1.161.6.tgz. Extracting by manifest.
2162 silly tarball no local data for @radix-ui/react-toggle@https://registry.npmjs.org/@radix-ui/react-toggle/-/react-toggle-1.1.10.tgz. Extracting by manifest.
2163 silly tarball no local data for @radix-ui/react-switch@https://registry.npmjs.org/@radix-ui/react-switch/-/react-switch-1.2.6.tgz. Extracting by manifest.
2164 silly tarball no local data for @radix-ui/react-slider@https://registry.npmjs.org/@radix-ui/react-slider/-/react-slider-1.3.6.tgz. Extracting by manifest.
2165 silly tarball no local data for @radix-ui/react-separator@https://registry.npmjs.org/@radix-ui/react-separator/-/react-separator-1.1.8.tgz. Extracting by manifest.
2166 silly tarball no local data for @radix-ui/react-select@https://registry.npmjs.org/@radix-ui/react-select/-/react-select-2.2.6.tgz. Extracting by manifest.
2167 silly tarball no local data for @radix-ui/react-roving-focus@https://registry.npmjs.org/@radix-ui/react-roving-focus/-/react-roving-focus-1.1.11.tgz. Extracting by manifest.
2168 silly tarball no local data for @radix-ui/react-scroll-area@https://registry.npmjs.org/@radix-ui/react-scroll-area/-/react-scroll-area-1.2.10.tgz. Extracting by manifest.
2169 silly tarball no local data for @radix-ui/react-radio-group@https://registry.npmjs.org/@radix-ui/react-radio-group/-/react-radio-group-1.3.8.tgz. Extracting by manifest.
2170 silly tarball no local data for @radix-ui/react-progress@https://registry.npmjs.org/@radix-ui/react-progress/-/react-progress-1.1.8.tgz. Extracting by manifest.
2171 silly tarball no local data for @radix-ui/react-presence@https://registry.npmjs.org/@radix-ui/react-presence/-/react-presence-1.1.5.tgz. Extracting by manifest.
2172 silly tarball no local data for @radix-ui/react-popover@https://registry.npmjs.org/@radix-ui/react-popover/-/react-popover-1.1.15.tgz. Extracting by manifest.
2173 silly tarball no local data for @radix-ui/react-primitive@https://registry.npmjs.org/@radix-ui/react-primitive/-/react-primitive-2.1.3.tgz. Extracting by manifest.
2174 silly tarball no local data for @radix-ui/react-popper@https://registry.npmjs.org/@radix-ui/react-popper/-/react-popper-1.2.8.tgz. Extracting by manifest.
2175 silly tarball no local data for @radix-ui/react-portal@https://registry.npmjs.org/@radix-ui/react-portal/-/react-portal-1.1.9.tgz. Extracting by manifest.
2176 silly tarball no local data for @radix-ui/react-navigation-menu@https://registry.npmjs.org/@radix-ui/react-navigation-menu/-/react-navigation-menu-1.2.14.tgz. Extracting by manifest.
2177 silly tarball no local data for @radix-ui/react-menubar@https://registry.npmjs.org/@radix-ui/react-menubar/-/react-menubar-1.1.16.tgz. Extracting by manifest.
2178 silly tarball no local data for @radix-ui/react-menu@https://registry.npmjs.org/@radix-ui/react-menu/-/react-menu-2.1.16.tgz. Extracting by manifest.
2179 silly tarball no local data for @radix-ui/react-label@https://registry.npmjs.org/@radix-ui/react-label/-/react-label-2.1.8.tgz. Extracting by manifest.
2180 silly tarball no local data for @radix-ui/react-id@https://registry.npmjs.org/@radix-ui/react-id/-/react-id-1.1.1.tgz. Extracting by manifest.
2181 silly tarball no local data for @radix-ui/react-hover-card@https://registry.npmjs.org/@radix-ui/react-hover-card/-/react-hover-card-1.1.15.tgz. Extracting by manifest.
2182 silly tarball no local data for @radix-ui/react-dropdown-menu@https://registry.npmjs.org/@radix-ui/react-dropdown-menu/-/react-dropdown-menu-2.1.16.tgz. Extracting by manifest.
2183 silly tarball no local data for @radix-ui/react-direction@https://registry.npmjs.org/@radix-ui/react-direction/-/react-direction-1.1.1.tgz. Extracting by manifest.
2184 silly tarball no local data for baseline-browser-mapping@https://registry.npmjs.org/baseline-browser-mapping/-/baseline-browser-mapping-2.10.18.tgz. Extracting by manifest.
2185 silly tarball no local data for @radix-ui/react-focus-guards@https://registry.npmjs.org/@radix-ui/react-focus-guards/-/react-focus-guards-1.1.3.tgz. Extracting by manifest.
2186 silly tarball no local data for @radix-ui/react-dismissable-layer@https://registry.npmjs.org/@radix-ui/react-dismissable-layer/-/react-dismissable-layer-1.1.11.tgz. Extracting by manifest.
2187 silly tarball no local data for @radix-ui/react-dialog@https://registry.npmjs.org/@radix-ui/react-dialog/-/react-dialog-1.1.15.tgz. Extracting by manifest.
2188 silly tarball no local data for @radix-ui/react-context-menu@https://registry.npmjs.org/@radix-ui/react-context-menu/-/react-context-menu-2.2.16.tgz. Extracting by manifest.
2189 silly tarball no local data for @radix-ui/react-compose-refs@https://registry.npmjs.org/@radix-ui/react-compose-refs/-/react-compose-refs-1.1.2.tgz. Extracting by manifest.
2190 silly tarball no local data for @radix-ui/react-collapsible@https://registry.npmjs.org/@radix-ui/react-collapsible/-/react-collapsible-1.1.12.tgz. Extracting by manifest.
2191 silly tarball no local data for @radix-ui/react-context@https://registry.npmjs.org/@radix-ui/react-context/-/react-context-1.1.2.tgz. Extracting by manifest.
2192 silly tarball no local data for @radix-ui/react-aspect-ratio@https://registry.npmjs.org/@radix-ui/react-aspect-ratio/-/react-aspect-ratio-1.1.8.tgz. Extracting by manifest.
2193 silly tarball no local data for @radix-ui/react-alert-dialog@https://registry.npmjs.org/@radix-ui/react-alert-dialog/-/react-alert-dialog-1.1.15.tgz. Extracting by manifest.
2194 silly tarball no local data for @radix-ui/react-collection@https://registry.npmjs.org/@radix-ui/react-collection/-/react-collection-1.1.7.tgz. Extracting by manifest.
2195 silly tarball no local data for @radix-ui/react-focus-scope@https://registry.npmjs.org/@radix-ui/react-focus-scope/-/react-focus-scope-1.1.7.tgz. Extracting by manifest.
2196 silly tarball no local data for @radix-ui/react-arrow@https://registry.npmjs.org/@radix-ui/react-arrow/-/react-arrow-1.1.7.tgz. Extracting by manifest.
2197 silly tarball no local data for @radix-ui/primitive@https://registry.npmjs.org/@radix-ui/primitive/-/primitive-1.1.3.tgz. Extracting by manifest.
2198 silly tarball no local data for @poppinss/exception@https://registry.npmjs.org/@poppinss/exception/-/exception-1.2.3.tgz. Extracting by manifest.
2199 silly tarball no local data for @radix-ui/react-avatar@https://registry.npmjs.org/@radix-ui/react-avatar/-/react-avatar-1.1.11.tgz. Extracting by manifest.
2200 silly tarball no local data for @radix-ui/react-accordion@https://registry.npmjs.org/@radix-ui/react-accordion/-/react-accordion-1.2.12.tgz. Extracting by manifest.
2201 silly tarball no local data for @poppinss/colors@https://registry.npmjs.org/@poppinss/colors/-/colors-4.1.6.tgz. Extracting by manifest.
2202 silly tarball no local data for @poppinss/dumper@https://registry.npmjs.org/@poppinss/dumper/-/dumper-0.6.5.tgz. Extracting by manifest.
2203 silly tarball no local data for @radix-ui/react-checkbox@https://registry.npmjs.org/@radix-ui/react-checkbox/-/react-checkbox-1.3.3.tgz. Extracting by manifest.
2204 silly tarball no local data for @oozcitak/util@https://registry.npmjs.org/@oozcitak/util/-/util-10.0.0.tgz. Extracting by manifest.
2205 silly tarball no local data for @radix-ui/number@https://registry.npmjs.org/@radix-ui/number/-/number-1.1.1.tgz. Extracting by manifest.
2206 silly tarball no local data for @pkgr/core@https://registry.npmjs.org/@pkgr/core/-/core-0.2.9.tgz. Extracting by manifest.
2207 silly tarball no local data for @oozcitak/url@https://registry.npmjs.org/@oozcitak/url/-/url-3.0.0.tgz. Extracting by manifest.
2208 silly tarball no local data for @oozcitak/infra@https://registry.npmjs.org/@oozcitak/infra/-/infra-2.0.2.tgz. Extracting by manifest.
2209 silly tarball no local data for @jridgewell/trace-mapping@https://registry.npmjs.org/@jridgewell/trace-mapping/-/trace-mapping-0.3.31.tgz. Extracting by manifest.
2210 silly tarball no local data for @oozcitak/dom@https://registry.npmjs.org/@oozcitak/dom/-/dom-2.0.2.tgz. Extracting by manifest.
2211 silly tarball no local data for @jridgewell/resolve-uri@https://registry.npmjs.org/@jridgewell/resolve-uri/-/resolve-uri-3.1.2.tgz. Extracting by manifest.
2212 silly tarball no local data for @jridgewell/sourcemap-codec@https://registry.npmjs.org/@jridgewell/sourcemap-codec/-/sourcemap-codec-1.5.5.tgz. Extracting by manifest.
2213 silly tarball no local data for @humanfs/node@https://registry.npmjs.org/@humanfs/node/-/node-0.16.7.tgz. Extracting by manifest.
2214 silly tarball no local data for @jridgewell/remapping@https://registry.npmjs.org/@jridgewell/remapping/-/remapping-2.3.5.tgz. Extracting by manifest.
2215 silly tarball no local data for @img/colour@https://registry.npmjs.org/@img/colour/-/colour-1.1.0.tgz. Extracting by manifest.
2216 silly tarball no local data for @jridgewell/gen-mapping@https://registry.npmjs.org/@jridgewell/gen-mapping/-/gen-mapping-0.3.13.tgz. Extracting by manifest.
2217 silly tarball no local data for @humanfs/core@https://registry.npmjs.org/@humanfs/core/-/core-0.19.1.tgz. Extracting by manifest.
2218 silly tarball no local data for @humanwhocodes/module-importer@https://registry.npmjs.org/@humanwhocodes/module-importer/-/module-importer-1.0.1.tgz. Extracting by manifest.
2219 silly tarball no local data for @floating-ui/utils@https://registry.npmjs.org/@floating-ui/utils/-/utils-0.2.11.tgz. Extracting by manifest.
2220 silly tarball no local data for @hookform/resolvers@https://registry.npmjs.org/@hookform/resolvers/-/resolvers-5.2.2.tgz. Extracting by manifest.
2221 silly tarball no local data for @humanwhocodes/retry@https://registry.npmjs.org/@humanwhocodes/retry/-/retry-0.4.3.tgz. Extracting by manifest.
2222 silly tarball no local data for @floating-ui/dom@https://registry.npmjs.org/@floating-ui/dom/-/dom-1.7.6.tgz. Extracting by manifest.
2223 silly tarball no local data for @eslint/object-schema@https://registry.npmjs.org/@eslint/object-schema/-/object-schema-2.1.7.tgz. Extracting by manifest.
2224 silly tarball no local data for @floating-ui/core@https://registry.npmjs.org/@floating-ui/core/-/core-1.7.5.tgz. Extracting by manifest.
2225 silly tarball no local data for @eslint/eslintrc@https://registry.npmjs.org/@eslint/eslintrc/-/eslintrc-3.3.5.tgz. Extracting by manifest.
2226 silly tarball no local data for @floating-ui/react-dom@https://registry.npmjs.org/@floating-ui/react-dom/-/react-dom-2.1.8.tgz. Extracting by manifest.
2227 silly tarball no local data for @eslint/plugin-kit@https://registry.npmjs.org/@eslint/plugin-kit/-/plugin-kit-0.4.1.tgz. Extracting by manifest.
2228 silly tarball no local data for @eslint/config-array@https://registry.npmjs.org/@eslint/config-array/-/config-array-0.21.2.tgz. Extracting by manifest.
2229 silly tarball no local data for @eslint-community/eslint-utils@https://registry.npmjs.org/@eslint-community/eslint-utils/-/eslint-utils-4.9.1.tgz. Extracting by manifest.
2230 silly tarball no local data for @eslint-community/regexpp@https://registry.npmjs.org/@eslint-community/regexpp/-/regexpp-4.12.2.tgz. Extracting by manifest.
2231 silly tarball no local data for @eslint/config-helpers@https://registry.npmjs.org/@eslint/config-helpers/-/config-helpers-0.4.2.tgz. Extracting by manifest.
2232 silly tarball no local data for @eslint/js@https://registry.npmjs.org/@eslint/js/-/js-9.39.4.tgz. Extracting by manifest.
2233 silly tarball no local data for @cspotcode/source-map-support@https://registry.npmjs.org/@cspotcode/source-map-support/-/source-map-support-0.8.1.tgz. Extracting by manifest.
2234 silly tarball no local data for @cloudflare/vite-plugin@https://registry.npmjs.org/@cloudflare/vite-plugin/-/vite-plugin-1.32.2.tgz. Extracting by manifest.
2235 silly tarball no local data for @eslint/core@https://registry.npmjs.org/@eslint/core/-/core-0.17.0.tgz. Extracting by manifest.
2236 silly tarball no local data for @date-fns/tz@https://registry.npmjs.org/@date-fns/tz/-/tz-1.4.1.tgz. Extracting by manifest.
2237 silly tarball no local data for @cloudflare/unenv-preset@https://registry.npmjs.org/@cloudflare/unenv-preset/-/unenv-preset-2.16.0.tgz. Extracting by manifest.
2238 silly tarball no local data for @babel/traverse@https://registry.npmjs.org/@babel/traverse/-/traverse-7.29.0.tgz. Extracting by manifest.
2239 silly tarball no local data for @cloudflare/kv-asset-handler@https://registry.npmjs.org/@cloudflare/kv-asset-handler/-/kv-asset-handler-0.4.2.tgz. Extracting by manifest.
2240 silly tarball no local data for @babel/plugin-transform-react-jsx-source@https://registry.npmjs.org/@babel/plugin-transform-react-jsx-source/-/plugin-transform-react-jsx-source-7.27.1.tgz. Extracting by manifest.
2241 silly tarball no local data for @babel/types@https://registry.npmjs.org/@babel/types/-/types-7.29.0.tgz. Extracting by manifest.
2242 silly tarball no local data for @babel/runtime@https://registry.npmjs.org/@babel/runtime/-/runtime-7.29.2.tgz. Extracting by manifest.
2243 silly tarball no local data for @babel/template@https://registry.npmjs.org/@babel/template/-/template-7.28.6.tgz. Extracting by manifest.
2244 silly tarball no local data for @babel/plugin-transform-react-jsx-self@https://registry.npmjs.org/@babel/plugin-transform-react-jsx-self/-/plugin-transform-react-jsx-self-7.27.1.tgz. Extracting by manifest.
2245 silly tarball no local data for @babel/plugin-syntax-jsx@https://registry.npmjs.org/@babel/plugin-syntax-jsx/-/plugin-syntax-jsx-7.28.6.tgz. Extracting by manifest.
2246 silly tarball no local data for @babel/parser@https://registry.npmjs.org/@babel/parser/-/parser-7.29.2.tgz. Extracting by manifest.
2247 silly tarball no local data for @babel/helpers@https://registry.npmjs.org/@babel/helpers/-/helpers-7.29.2.tgz. Extracting by manifest.
2248 silly tarball no local data for @babel/helper-validator-option@https://registry.npmjs.org/@babel/helper-validator-option/-/helper-validator-option-7.27.1.tgz. Extracting by manifest.
2249 silly tarball no local data for @babel/helper-string-parser@https://registry.npmjs.org/@babel/helper-string-parser/-/helper-string-parser-7.27.1.tgz. Extracting by manifest.
2250 silly tarball no local data for @babel/helper-validator-identifier@https://registry.npmjs.org/@babel/helper-validator-identifier/-/helper-validator-identifier-7.28.5.tgz. Extracting by manifest.
2251 silly tarball no local data for @babel/helper-module-imports@https://registry.npmjs.org/@babel/helper-module-imports/-/helper-module-imports-7.28.6.tgz. Extracting by manifest.
2252 silly tarball no local data for @babel/helper-module-transforms@https://registry.npmjs.org/@babel/helper-module-transforms/-/helper-module-transforms-7.28.6.tgz. Extracting by manifest.
2253 silly tarball no local data for @babel/helper-plugin-utils@https://registry.npmjs.org/@babel/helper-plugin-utils/-/helper-plugin-utils-7.28.6.tgz. Extracting by manifest.
2254 silly tarball no local data for @babel/helper-globals@https://registry.npmjs.org/@babel/helper-globals/-/helper-globals-7.28.0.tgz. Extracting by manifest.
2255 silly tarball no local data for @babel/core@https://registry.npmjs.org/@babel/core/-/core-7.29.0.tgz. Extracting by manifest.
2256 silly tarball no local data for @babel/helper-compilation-targets@https://registry.npmjs.org/@babel/helper-compilation-targets/-/helper-compilation-targets-7.28.6.tgz. Extracting by manifest.
2257 silly tarball no local data for @babel/generator@https://registry.npmjs.org/@babel/generator/-/generator-7.29.1.tgz. Extracting by manifest.
2258 silly tarball no local data for rou3@https://registry.npmjs.org/rou3/-/rou3-0.9.1.tgz. Extracting by manifest.
2259 silly tarball no local data for @rolldown/pluginutils@https://registry.npmjs.org/@rolldown/pluginutils/-/pluginutils-1.0.1.tgz. Extracting by manifest.
2260 silly tarball no local data for @babel/compat-data@https://registry.npmjs.org/@babel/compat-data/-/compat-data-7.29.0.tgz. Extracting by manifest.
2261 silly tarball no local data for srvx@https://registry.npmjs.org/srvx/-/srvx-0.12.4.tgz. Extracting by manifest.
2262 silly tarball no local data for chalk@https://registry.npmjs.org/chalk/-/chalk-5.6.2.tgz. Extracting by manifest.
2263 silly tarball no local data for ws@https://registry.npmjs.org/ws/-/ws-8.21.1.tgz. Extracting by manifest.
2264 silly tarball no local data for chalk@https://registry.npmjs.org/chalk/-/chalk-5.6.2.tgz. Extracting by manifest.
2265 silly tarball no local data for @babel/plugin-syntax-typescript@https://registry.npmjs.org/@babel/plugin-syntax-typescript/-/plugin-syntax-typescript-7.28.6.tgz. Extracting by manifest.
2266 silly tarball no local data for @babel/code-frame@https://registry.npmjs.org/@babel/code-frame/-/code-frame-7.29.0.tgz. Extracting by manifest.
2267 silly tarball no local data for env-runner@https://registry.npmjs.org/env-runner/-/env-runner-0.1.16.tgz. Extracting by manifest.
2268 silly tarball no local data for srvx@https://registry.npmjs.org/srvx/-/srvx-0.11.22.tgz. Extracting by manifest.
2269 silly tarball no local data for esbuild@https://registry.npmjs.org/esbuild/-/esbuild-0.27.7.tgz. Extracting by manifest.
2270 silly tarball no local data for @esbuild/android-arm64@https://registry.npmjs.org/@esbuild/android-arm64/-/android-arm64-0.27.3.tgz. Extracting by manifest.
2271 silly tarball no local data for esbuild@https://registry.npmjs.org/esbuild/-/esbuild-0.27.3.tgz. Extracting by manifest.
2272 silly tarball no local data for @esbuild/android-arm64@https://registry.npmjs.org/@esbuild/android-arm64/-/android-arm64-0.27.7.tgz. Extracting by manifest.
2273 silly tarball no local data for semver@https://registry.npmjs.org/semver/-/semver-7.7.4.tgz. Extracting by manifest.
2274 silly tarball no local data for picomatch@https://registry.npmjs.org/picomatch/-/picomatch-2.3.2.tgz. Extracting by manifest.
2275 silly tarball no local data for glob-parent@https://registry.npmjs.org/glob-parent/-/glob-parent-6.0.2.tgz. Extracting by manifest.
2276 silly tarball no local data for @esbuild/android-arm64@https://registry.npmjs.org/@esbuild/android-arm64/-/android-arm64-0.27.7.tgz. Extracting by manifest.
2277 silly tarball no local data for unstorage@https://registry.npmjs.org/unstorage/-/unstorage-2.0.0-alpha.7.tgz. Extracting by manifest.
2278 silly tarball no local data for eslint-visitor-keys@https://registry.npmjs.org/eslint-visitor-keys/-/eslint-visitor-keys-5.0.1.tgz. Extracting by manifest.
2279 silly tarball no local data for entities@https://registry.npmjs.org/entities/-/entities-6.0.1.tgz. Extracting by manifest.
2280 silly tarball no local data for picomatch@https://registry.npmjs.org/picomatch/-/picomatch-2.3.2.tgz. Extracting by manifest.
2281 silly tarball no local data for esbuild@https://registry.npmjs.org/esbuild/-/esbuild-0.27.7.tgz. Extracting by manifest.
2282 silly tarball no local data for @rolldown/pluginutils@https://registry.npmjs.org/@rolldown/pluginutils/-/pluginutils-1.0.0-rc.3.tgz. Extracting by manifest.
2283 silly tarball no local data for @oxc-project/types@https://registry.npmjs.org/@oxc-project/types/-/types-0.140.0.tgz. Extracting by manifest.
2284 silly tarball no local data for entities@https://registry.npmjs.org/entities/-/entities-7.0.1.tgz. Extracting by manifest.
2285 silly tarball no local data for semver@https://registry.npmjs.org/semver/-/semver-7.7.4.tgz. Extracting by manifest.
2286 silly tarball no local data for undici@https://registry.npmjs.org/undici/-/undici-7.24.4.tgz. Extracting by manifest.
2287 silly tarball no local data for react-is@https://registry.npmjs.org/react-is/-/react-is-16.13.1.tgz. Extracting by manifest.
2288 silly tarball no local data for minimatch@https://registry.npmjs.org/minimatch/-/minimatch-10.2.5.tgz. Extracting by manifest.
2289 silly tarball no local data for @babel/code-frame@https://registry.npmjs.org/@babel/code-frame/-/code-frame-7.27.1.tgz. Extracting by manifest.
2290 silly tarball no local data for @radix-ui/react-primitive@https://registry.npmjs.org/@radix-ui/react-primitive/-/react-primitive-2.1.4.tgz. Extracting by manifest.
2291 silly tarball no local data for ignore@https://registry.npmjs.org/ignore/-/ignore-7.0.5.tgz. Extracting by manifest.
2292 silly tarball no local data for brace-expansion@https://registry.npmjs.org/brace-expansion/-/brace-expansion-5.0.5.tgz. Extracting by manifest.
2293 silly tarball no local data for @radix-ui/react-context@https://registry.npmjs.org/@radix-ui/react-context/-/react-context-1.1.3.tgz. Extracting by manifest.
2294 silly tarball no local data for @radix-ui/react-slot@https://registry.npmjs.org/@radix-ui/react-slot/-/react-slot-1.2.3.tgz. Extracting by manifest.
2295 silly tarball no local data for @radix-ui/react-slot@https://registry.npmjs.org/@radix-ui/react-slot/-/react-slot-1.2.3.tgz. Extracting by manifest.
2296 silly tarball no local data for balanced-match@https://registry.npmjs.org/balanced-match/-/balanced-match-4.0.4.tgz. Extracting by manifest.
2297 silly tarball no local data for @radix-ui/react-slot@https://registry.npmjs.org/@radix-ui/react-slot/-/react-slot-1.2.3.tgz. Extracting by manifest.
2298 silly tarball no local data for @radix-ui/react-primitive@https://registry.npmjs.org/@radix-ui/react-primitive/-/react-primitive-2.1.4.tgz. Extracting by manifest.
2299 silly tarball no local data for @radix-ui/react-primitive@https://registry.npmjs.org/@radix-ui/react-primitive/-/react-primitive-2.1.4.tgz. Extracting by manifest.
2300 silly tarball no local data for @radix-ui/react-slot@https://registry.npmjs.org/@radix-ui/react-slot/-/react-slot-1.2.3.tgz. Extracting by manifest.
2301 silly tarball no local data for @radix-ui/react-context@https://registry.npmjs.org/@radix-ui/react-context/-/react-context-1.1.3.tgz. Extracting by manifest.
2302 silly tarball no local data for supports-color@https://registry.npmjs.org/supports-color/-/supports-color-10.2.2.tgz. Extracting by manifest.
2303 silly tarball no local data for @radix-ui/react-slot@https://registry.npmjs.org/@radix-ui/react-slot/-/react-slot-1.2.3.tgz. Extracting by manifest.
2304 silly tarball no local data for @radix-ui/react-slot@https://registry.npmjs.org/@radix-ui/react-slot/-/react-slot-1.2.3.tgz. Extracting by manifest.
2305 http cache @jridgewell/trace-mapping@https://registry.npmjs.org/@jridgewell/trace-mapping/-/trace-mapping-0.3.9.tgz 0ms (cache hit)
2306 silly tarball no local data for @radix-ui/react-primitive@https://registry.npmjs.org/@radix-ui/react-primitive/-/react-primitive-2.1.4.tgz. Extracting by manifest.
2307 silly tarball no local data for @radix-ui/react-primitive@https://registry.npmjs.org/@radix-ui/react-primitive/-/react-primitive-2.1.4.tgz. Extracting by manifest.
2308 silly tarball no local data for @radix-ui/react-slot@https://registry.npmjs.org/@radix-ui/react-slot/-/react-slot-1.2.3.tgz. Extracting by manifest.
2309 silly tarball no local data for globals@https://registry.npmjs.org/globals/-/globals-14.0.0.tgz. Extracting by manifest.
2310 silly tarball no local data for eslint-visitor-keys@https://registry.npmjs.org/eslint-visitor-keys/-/eslint-visitor-keys-3.4.3.tgz. Extracting by manifest.
2311 silly tarball no local data for @radix-ui/react-slot@https://registry.npmjs.org/@radix-ui/react-slot/-/react-slot-1.2.3.tgz. Extracting by manifest.
2312 silly tarball no local data for @jridgewell/trace-mapping@https://registry.npmjs.org/@jridgewell/trace-mapping/-/trace-mapping-0.3.9.tgz. Extracting by manifest.
2313 http fetch GET 200 https://registry.npmjs.org/@oxc-project/types/-/types-0.120.0.tgz 6103ms (cache miss)
2314 http fetch GET 200 https://registry.npmjs.org/@types/estree/-/estree-1.0.9.tgz 6109ms (cache miss)
2315 http fetch GET 200 https://registry.npmjs.org/exsolve/-/exsolve-1.1.1.tgz 6145ms (cache miss)
2316 http fetch GET 200 https://registry.npmjs.org/adler-32/-/adler-32-1.3.1.tgz 6133ms (cache miss)
2317 http fetch GET 200 https://registry.npmjs.org/ofetch/-/ofetch-2.0.0-alpha.3.tgz 6117ms (cache miss)
2318 http fetch GET 200 https://registry.npmjs.org/httpxy/-/httpxy-0.5.5.tgz 6180ms (cache miss)
2319 http fetch GET 200 https://registry.npmjs.org/js-yaml 6397ms (cache miss)
2320 silly packumentCache corgi:https://registry.npmjs.org/js-yaml set size:undefined disposed:false
2321 http fetch GET 200 https://registry.npmjs.org/brace-expansion 6431ms (cache miss)
2322 silly packumentCache corgi:https://registry.npmjs.org/brace-expansion set size:undefined disposed:false
2323 http fetch GET 200 https://registry.npmjs.org/seroval 6454ms (cache miss)
2324 silly packumentCache corgi:https://registry.npmjs.org/seroval set size:undefined disposed:false
2325 http fetch GET 200 https://registry.npmjs.org/hookable/-/hookable-6.1.1.tgz 6244ms (cache miss)
2326 http fetch GET 200 https://registry.npmjs.org/ocache/-/ocache-0.1.5.tgz 6327ms (cache miss)
2327 http fetch GET 200 https://registry.npmjs.org/word/-/word-0.3.0.tgz 6510ms (cache miss)
2328 http fetch GET 200 https://registry.npmjs.org/frac/-/frac-1.1.2.tgz 6562ms (cache miss)
2329 http fetch GET 200 https://registry.npmjs.org/crc-32/-/crc-32-1.2.2.tgz 6608ms (cache miss)
2330 http fetch GET 200 https://registry.npmjs.org/ssf/-/ssf-0.11.2.tgz 6701ms (cache miss)
2331 http fetch GET 200 https://registry.npmjs.org/@babel%2fcore 7060ms (cache miss)
2332 silly packumentCache corgi:https://registry.npmjs.org/@babel%2fcore set size:undefined disposed:false
2333 http fetch GET 200 https://registry.npmjs.org/@tanstack%2fstart-server-core 7258ms (cache miss)
2334 silly packumentCache corgi:https://registry.npmjs.org/@tanstack%2fstart-server-core set size:undefined disposed:false
2335 http fetch GET 200 https://registry.npmjs.org/shell-quote/-/shell-quote-1.10.0.tgz 7476ms (cache miss)
2336 http fetch GET 200 https://registry.npmjs.org/ohash/-/ohash-2.0.11.tgz 7734ms (cache miss)
2337 http fetch GET 200 https://registry.npmjs.org/wmf/-/wmf-1.0.2.tgz 8124ms (cache miss)
2338 http fetch GET 200 https://registry.npmjs.org/@tanstack/devtools-client/-/devtools-client-0.0.8.tgz 8282ms (cache miss)
2339 http fetch GET 200 https://registry.npmjs.org/launch-editor/-/launch-editor-2.14.1.tgz 8383ms (cache miss)
2340 http fetch GET 200 https://registry.npmjs.org/cfb/-/cfb-1.2.2.tgz 8682ms (cache miss)
2341 http fetch GET 200 https://registry.npmjs.org/iceberg-js/-/iceberg-js-0.8.1.tgz 9051ms (cache miss)
2342 http fetch GET 200 https://registry.npmjs.org/@lovable.dev/vite-plugin-hmr-gate/-/vite-plugin-hmr-gate-1.1.4.tgz 11181ms (cache miss)
2343 http fetch GET 200 https://registry.npmjs.org/@lovable.dev/vite-tanstack-config/-/vite-tanstack-config-2.7.7.tgz 12495ms (cache miss)
2344 http fetch GET 200 https://registry.npmjs.org/@tanstack/devtools-event-client/-/devtools-event-client-0.5.0.tgz 12928ms (cache miss)
2345 http fetch GET 200 https://registry.npmjs.org/@tanstack/devtools-vite/-/devtools-vite-0.8.3.tgz 13691ms (cache miss)
2346 http fetch GET 200 https://registry.npmjs.org/@lovable.dev/vite-plugin-dev-server-bridge/-/vite-plugin-dev-server-bridge-1.2.1.tgz 13858ms (cache miss)
2347 http fetch GET 200 https://registry.npmjs.org/yallist/-/yallist-3.1.1.tgz 14225ms (cache miss)
2348 http fetch GET 200 https://registry.npmjs.org/yocto-queue/-/yocto-queue-0.1.0.tgz 15533ms (cache miss)
2349 http fetch GET 200 https://registry.npmjs.org/youch-core/-/youch-core-0.3.3.tgz 17451ms (cache miss)
2350 http fetch GET 200 https://registry.npmjs.org/whatwg-encoding/-/whatwg-encoding-3.1.1.tgz 18047ms (cache miss)
2351 warn deprecated whatwg-encoding@3.1.1: Use @exodus/bytes instead for a more spec-conformant and faster implementation
2352 http fetch GET 200 https://registry.npmjs.org/which/-/which-2.0.2.tgz 18284ms (cache miss)
2353 http fetch GET 200 https://registry.npmjs.org/vitefu/-/vitefu-1.1.3.tgz 18307ms (cache miss)
2354 http fetch GET 200 https://registry.npmjs.org/whatwg-mimetype/-/whatwg-mimetype-4.0.0.tgz 18444ms (cache miss)
2355 http fetch GET 200 https://registry.npmjs.org/consola/-/consola-3.4.2.tgz 18536ms (cache miss)
2356 http fetch GET 200 https://registry.npmjs.org/word-wrap/-/word-wrap-1.2.5.tgz 18849ms (cache miss)
2357 http fetch GET 200 https://registry.npmjs.org/update-browserslist-db/-/update-browserslist-db-1.2.3.tgz 19257ms (cache miss)
2358 http fetch GET 200 https://registry.npmjs.org/webpack-virtual-modules/-/webpack-virtual-modules-0.6.2.tgz 19479ms (cache miss)
2359 http fetch GET 200 https://registry.npmjs.org/@rollup/rollup-android-arm64/-/rollup-android-arm64-4.62.3.tgz 19597ms (cache miss)
2360 http fetch GET 200 https://registry.npmjs.org/typescript-eslint/-/typescript-eslint-8.58.2.tgz 19513ms (cache miss)
2361 http fetch GET 200 https://registry.npmjs.org/vaul/-/vaul-1.1.2.tgz 19616ms (cache miss)
2362 http fetch GET 200 https://registry.npmjs.org/type-check/-/type-check-0.4.0.tgz 20031ms (cache miss)
2363 http fetch GET 200 https://registry.npmjs.org/rolldown/-/rolldown-1.2.0.tgz 20204ms (cache miss)
2364 http fetch GET 200 https://registry.npmjs.org/tw-animate-css/-/tw-animate-css-1.4.0.tgz 20244ms (cache miss)
2365 http fetch GET 200 https://registry.npmjs.org/ufo/-/ufo-1.6.3.tgz 20372ms (cache miss)
2366 http fetch GET 200 https://registry.npmjs.org/db0/-/db0-0.3.4.tgz 20538ms (cache miss)
2367 http fetch GET 200 https://registry.npmjs.org/ws/-/ws-8.18.0.tgz 20823ms (cache miss)
2368 http fetch GET 200 https://registry.npmjs.org/vite-tsconfig-paths/-/vite-tsconfig-paths-6.1.1.tgz 21124ms (cache miss)
2369 http fetch GET 200 https://registry.npmjs.org/use-sync-external-store/-/use-sync-external-store-1.6.0.tgz 21139ms (cache miss)
2370 http fetch GET 200 https://registry.npmjs.org/oxc-parser/-/oxc-parser-0.120.0.tgz 21913ms (cache miss)
2371 http fetch GET 200 https://registry.npmjs.org/tslib/-/tslib-2.8.1.tgz 21879ms (cache miss)
2372 http fetch GET 200 https://registry.npmjs.org/@tanstack/devtools-event-bus/-/devtools-event-bus-0.4.2.tgz 22512ms (cache miss)
2373 http fetch GET 200 https://registry.npmjs.org/undici-types/-/undici-types-6.21.0.tgz 22832ms (cache miss)
2374 http fetch GET 200 https://registry.npmjs.org/@supabase/postgrest-js/-/postgrest-js-2.110.9.tgz 23480ms (cache miss)
2375 http fetch GET 200 https://registry.npmjs.org/to-regex-range/-/to-regex-range-5.0.1.tgz 23573ms (cache miss)
2376 http fetch GET 200 https://registry.npmjs.org/ts-api-utils/-/ts-api-utils-2.5.0.tgz 23598ms (cache miss)
2377 http fetch GET 200 https://registry.npmjs.org/tsconfck/-/tsconfck-3.1.6.tgz 23803ms (cache miss)
2378 http fetch GET 200 https://registry.npmjs.org/tinyglobby/-/tinyglobby-0.2.16.tgz 24063ms (cache miss)
2379 http fetch GET 200 https://registry.npmjs.org/@supabase/supabase-js/-/supabase-js-2.110.9.tgz 24269ms (cache miss)
2380 http fetch GET 200 https://registry.npmjs.org/@supabase/storage-js/-/storage-js-2.110.9.tgz 24540ms (cache miss)
2381 http fetch GET 200 https://registry.npmjs.org/tapable/-/tapable-2.3.2.tgz 24955ms (cache miss)
2382 http fetch GET 200 https://registry.npmjs.org/jiti/-/jiti-2.7.0.tgz 25093ms (cache miss)
2383 http fetch GET 200 https://registry.npmjs.org/tiny-invariant/-/tiny-invariant-1.3.3.tgz 25108ms (cache miss)
2384 http fetch GET 200 https://registry.npmjs.org/supports-color/-/supports-color-7.2.0.tgz 25263ms (cache miss)
2385 http fetch GET 200 https://registry.npmjs.org/@oxc-parser/binding-android-arm64/-/binding-android-arm64-0.120.0.tgz 25454ms (cache miss)
2386 http fetch GET 200 https://registry.npmjs.org/strip-json-comments/-/strip-json-comments-3.1.1.tgz 26905ms (cache miss)
2387 http fetch GET 200 https://registry.npmjs.org/shebang-command/-/shebang-command-2.0.0.tgz 26941ms (cache miss)
2388 http fetch GET 200 https://registry.npmjs.org/crossws/-/crossws-0.4.10.tgz 27338ms (cache miss)
2389 http fetch GET 200 https://registry.npmjs.org/h3/-/h3-2.0.1-rc.26.tgz 27634ms (cache miss)
2390 http fetch GET 200 https://registry.npmjs.org/unplugin/-/unplugin-2.3.11.tgz 27725ms (cache miss)
2391 http fetch GET 200 https://registry.npmjs.org/sonner/-/sonner-2.0.7.tgz 27960ms (cache miss)
2392 http fetch GET 200 https://registry.npmjs.org/rou3/-/rou3-0.8.1.tgz 28290ms (cache miss)
2393 http fetch GET 200 https://registry.npmjs.org/@supabase/functions-js/-/functions-js-2.110.9.tgz 28733ms (cache miss)
2394 http fetch GET 200 https://registry.npmjs.org/synckit/-/synckit-0.11.12.tgz 28648ms (cache miss)
2395 http fetch GET 200 https://registry.npmjs.org/source-map-js/-/source-map-js-1.2.1.tgz 29246ms (cache miss)
2396 http fetch GET 200 https://registry.npmjs.org/youch/-/youch-4.1.0-beta.10.tgz 29396ms (cache miss)
2397 http fetch GET 200 https://registry.npmjs.org/source-map/-/source-map-0.7.6.tgz 29509ms (cache miss)
2398 http fetch GET 200 https://registry.npmjs.org/shebang-regex/-/shebang-regex-3.0.0.tgz 29579ms (cache miss)
2399 http fetch GET 200 https://registry.npmjs.org/safer-buffer/-/safer-buffer-2.1.2.tgz 29724ms (cache miss)
2400 http fetch GET 200 https://registry.npmjs.org/scheduler/-/scheduler-0.27.0.tgz 29844ms (cache miss)
2401 http fetch GET 200 https://registry.npmjs.org/resolve-pkg-maps/-/resolve-pkg-maps-1.0.0.tgz 30591ms (cache miss)
2402 http fetch GET 200 https://registry.npmjs.org/resolve-from/-/resolve-from-4.0.0.tgz 31010ms (cache miss)
2403 http fetch GET 200 https://registry.npmjs.org/semver/-/semver-6.3.1.tgz 31566ms (cache miss)
2404 http fetch GET 200 https://registry.npmjs.org/react-style-singleton/-/react-style-singleton-2.2.3.tgz 33254ms (cache miss)
2405 http fetch GET 200 https://registry.npmjs.org/tsx/-/tsx-4.21.0.tgz 33594ms (cache miss)
2406 http fetch GET 200 https://registry.npmjs.org/@supabase/phoenix/-/phoenix-0.4.5.tgz 34105ms (cache miss)
2407 http fetch GET 200 https://registry.npmjs.org/tailwindcss/-/tailwindcss-4.2.2.tgz 34578ms (cache miss)
2408 http fetch GET 200 https://registry.npmjs.org/use-sidecar/-/use-sidecar-1.1.3.tgz 34698ms (cache miss)
2409 http fetch GET 200 https://registry.npmjs.org/@tanstack/devtools-bundler-core/-/devtools-bundler-core-0.1.1.tgz 35039ms (cache miss)
2410 http fetch GET 200 https://registry.npmjs.org/sharp/-/sharp-0.34.5.tgz 34950ms (cache miss)
2411 http fetch GET 200 https://registry.npmjs.org/recharts-scale/-/recharts-scale-0.4.5.tgz 35035ms (cache miss)
2412 http fetch GET 200 https://registry.npmjs.org/readdirp/-/readdirp-3.6.0.tgz 35231ms (cache miss)
2413 http fetch GET 200 https://registry.npmjs.org/react-remove-scroll-bar/-/react-remove-scroll-bar-2.3.8.tgz 35490ms (cache miss)
2414 http fetch GET 200 https://registry.npmjs.org/srvx/-/srvx-0.11.15.tgz 35597ms (cache miss)
2415 http fetch GET 200 https://registry.npmjs.org/use-callback-ref/-/use-callback-ref-1.3.3.tgz 35753ms (cache miss)
2416 http fetch GET 200 https://registry.npmjs.org/uri-js/-/uri-js-4.4.1.tgz 35804ms (cache miss)
2417 http fetch GET 200 https://registry.npmjs.org/punycode/-/punycode-2.3.1.tgz 35743ms (cache miss)
2418 http fetch GET 200 https://registry.npmjs.org/react-resizable-panels/-/react-resizable-panels-4.10.0.tgz 36539ms (cache miss)
2419 http fetch GET 200 https://registry.npmjs.org/tailwind-merge/-/tailwind-merge-3.5.0.tgz 36665ms (cache miss)
2420 http fetch GET 200 https://registry.npmjs.org/react-refresh/-/react-refresh-0.18.0.tgz 37367ms (cache miss)
2421 http fetch GET 200 https://registry.npmjs.org/vite/-/vite-7.3.2.tgz 37712ms (cache miss)
2422 http fetch GET 200 https://registry.npmjs.org/prettier-linter-helpers/-/prettier-linter-helpers-1.0.1.tgz 37536ms (cache miss)
2423 http fetch GET 200 https://registry.npmjs.org/react-is/-/react-is-18.3.1.tgz 37562ms (cache miss)
2424 http fetch GET 200 https://registry.npmjs.org/prop-types/-/prop-types-15.8.1.tgz 38006ms (cache miss)
2425 http fetch GET 200 https://registry.npmjs.org/prelude-ls/-/prelude-ls-1.2.1.tgz 38094ms (cache miss)
2426 http fetch GET 200 https://registry.npmjs.org/pathe/-/pathe-2.0.3.tgz 38277ms (cache miss)
2427 http fetch GET 200 https://registry.npmjs.org/picocolors/-/picocolors-1.1.1.tgz 39076ms (cache miss)
2428 http fetch GET 200 https://registry.npmjs.org/path-to-regexp/-/path-to-regexp-6.3.0.tgz 39237ms (cache miss)
2429 http fetch GET 200 https://registry.npmjs.org/react-smooth/-/react-smooth-4.0.4.tgz 39423ms (cache miss)
2430 http fetch GET 200 https://registry.npmjs.org/react-transition-group/-/react-transition-group-4.4.5.tgz 39518ms (cache miss)
2431 http fetch GET 200 https://registry.npmjs.org/path-key/-/path-key-3.1.1.tgz 39545ms (cache miss)
2432 http fetch GET 200 https://registry.npmjs.org/path-exists/-/path-exists-4.0.0.tgz 40004ms (cache miss)
2433 http fetch GET 200 https://registry.npmjs.org/react/-/react-19.2.5.tgz 40455ms (cache miss)
2434 http fetch GET 200 https://registry.npmjs.org/picomatch/-/picomatch-4.0.4.tgz 41094ms (cache miss)
2435 http fetch GET 200 https://registry.npmjs.org/parse5-parser-stream/-/parse5-parser-stream-7.1.2.tgz 41500ms (cache miss)
2436 http fetch GET 200 https://registry.npmjs.org/object-assign/-/object-assign-4.1.1.tgz 41508ms (cache miss)
2437 http fetch GET 200 https://registry.npmjs.org/p-limit/-/p-limit-3.1.0.tgz 41593ms (cache miss)
2438 http fetch GET 200 https://registry.npmjs.org/xmlbuilder2/-/xmlbuilder2-4.0.3.tgz 42017ms (cache miss)
2439 http fetch GET 200 https://registry.npmjs.org/parse5-htmlparser2-tree-adapter/-/parse5-htmlparser2-tree-adapter-7.1.0.tgz 41863ms (cache miss)
2440 http fetch GET 200 https://registry.npmjs.org/p-locate/-/p-locate-5.0.0.tgz 41885ms (cache miss)
2441 http fetch GET 200 https://registry.npmjs.org/parent-module/-/parent-module-1.0.1.tgz 41983ms (cache miss)
2442 http fetch GET 200 https://registry.npmjs.org/normalize-path/-/normalize-path-3.0.0.tgz 42240ms (cache miss)
2443 http fetch GET 200 https://registry.npmjs.org/node-releases/-/node-releases-2.0.37.tgz 42317ms (cache miss)
2444 http fetch GET 200 https://registry.npmjs.org/seroval-plugins/-/seroval-plugins-1.5.2.tgz 42789ms (cache miss)
2445 http fetch GET 200 https://registry.npmjs.org/natural-compare/-/natural-compare-1.4.0.tgz 42934ms (cache miss)
2446 http fetch GET 200 https://registry.npmjs.org/minimatch/-/minimatch-3.1.5.tgz 43632ms (cache miss)
2447 http fetch GET 200 https://registry.npmjs.org/ms/-/ms-2.1.3.tgz 43862ms (cache miss)
2448 http fetch GET 200 https://registry.npmjs.org/nth-check/-/nth-check-2.1.1.tgz 45150ms (cache miss)
2449 http fetch GET 200 https://registry.npmjs.org/postcss/-/postcss-8.5.9.tgz 46228ms (cache miss)
2450 http fetch GET 200 https://registry.npmjs.org/lru-cache/-/lru-cache-5.1.1.tgz 46191ms (cache miss)
2451 http fetch GET 200 https://registry.npmjs.org/rollup/-/rollup-4.62.3.tgz 46537ms (cache miss)
2452 http fetch GET 200 https://registry.npmjs.org/loose-envify/-/loose-envify-1.4.0.tgz 46632ms (cache miss)
2453 http fetch GET 200 https://registry.npmjs.org/lodash.merge/-/lodash.merge-4.6.2.tgz 46682ms (cache miss)
2454 http fetch GET 200 https://registry.npmjs.org/react-remove-scroll/-/react-remove-scroll-2.7.2.tgz 46985ms (cache miss)
2455 http fetch GET 200 https://registry.npmjs.org/locate-path/-/locate-path-6.0.0.tgz 47512ms (cache miss)
2456 http fetch GET 200 https://registry.npmjs.org/nanoid/-/nanoid-3.3.11.tgz 47879ms (cache miss)
2457 http fetch GET 200 https://registry.npmjs.org/levn/-/levn-0.4.1.tgz 49091ms (cache miss)
2458 http fetch GET 200 https://registry.npmjs.org/keyv/-/keyv-4.5.4.tgz 49566ms (cache miss)
2459 http fetch GET 200 https://registry.npmjs.org/magic-string/-/magic-string-0.30.21.tgz 52703ms (cache miss)
2460 http fetch GET 200 https://registry.npmjs.org/codepage/-/codepage-1.15.0.tgz 54633ms (cache miss)
2461 http fetch GET 200 https://registry.npmjs.org/@supabase/realtime-js/-/realtime-js-2.110.9.tgz 54836ms (cache miss)
2462 http fetch GET 200 https://registry.npmjs.org/lightningcss/-/lightningcss-1.32.0.tgz 55186ms (cache miss)
2463 http fetch GET 200 https://registry.npmjs.org/json-stable-stringify-without-jsonify/-/json-stable-stringify-without-jsonify-1.0.1.tgz 55660ms (cache miss)
2464 http fetch GET 200 https://registry.npmjs.org/json-schema-traverse/-/json-schema-traverse-0.4.1.tgz 56001ms (cache miss)
2465 http fetch GET 200 https://registry.npmjs.org/json-buffer/-/json-buffer-3.0.1.tgz 56102ms (cache miss)
2466 http fetch GET 200 https://registry.npmjs.org/kleur/-/kleur-4.1.5.tgz 56341ms (cache miss)
2467 http fetch GET 200 https://registry.npmjs.org/parse5/-/parse5-7.3.0.tgz 56656ms (cache miss)
2468 http fetch GET 200 https://registry.npmjs.org/js-tokens/-/js-tokens-4.0.0.tgz 56977ms (cache miss)
2469 http fetch GET 200 https://registry.npmjs.org/json5/-/json5-2.2.3.tgz 57263ms (cache miss)
2470 http fetch GET 200 https://registry.npmjs.org/isexe/-/isexe-2.0.0.tgz 57749ms (cache miss)
2471 http fetch GET 200 https://registry.npmjs.org/jsesc/-/jsesc-3.1.0.tgz 58021ms (cache miss)
2472 http fetch GET 200 https://registry.npmjs.org/is-extglob/-/is-extglob-2.1.1.tgz 58218ms (cache miss)
2473 http fetch GET 200 https://registry.npmjs.org/isbot/-/isbot-5.1.38.tgz 58259ms (cache miss)
2474 http fetch GET 200 https://registry.npmjs.org/is-number/-/is-number-7.0.0.tgz 58357ms (cache miss)
2475 http fetch GET 200 https://registry.npmjs.org/react-dom/-/react-dom-19.2.5.tgz 59094ms (cache miss)
2476 http fetch GET 200 https://registry.npmjs.org/is-glob/-/is-glob-4.0.3.tgz 58954ms (cache miss)
2477 http fetch GET 200 https://registry.npmjs.org/is-binary-path/-/is-binary-path-2.1.0.tgz 60341ms (cache miss)
2478 http fetch GET 200 https://registry.npmjs.org/internmap/-/internmap-2.0.3.tgz 60355ms (cache miss)
2479 http fetch GET 200 https://registry.npmjs.org/import-fresh/-/import-fresh-3.3.1.tgz 60489ms (cache miss)
2480 http fetch GET 200 https://registry.npmjs.org/ignore/-/ignore-5.3.2.tgz 60518ms (cache miss)
2481 http fetch GET 200 https://registry.npmjs.org/imurmurhash/-/imurmurhash-0.1.4.tgz 60637ms (cache miss)
2482 http fetch GET 200 https://registry.npmjs.org/optionator/-/optionator-0.9.4.tgz 61109ms (cache miss)
2483 http fetch GET 200 https://registry.npmjs.org/globrex/-/globrex-0.1.2.tgz 61406ms (cache miss)
2484 http fetch GET 200 https://registry.npmjs.org/seroval/-/seroval-1.5.2.tgz 61719ms (cache miss)
2485 http fetch GET 200 https://registry.npmjs.org/input-otp/-/input-otp-1.4.2.tgz 62350ms (cache miss)
2486 http fetch GET 200 https://registry.npmjs.org/js-yaml/-/js-yaml-4.1.1.tgz 62540ms (cache miss)
2487 http fetch GET 200 https://registry.npmjs.org/has-flag/-/has-flag-4.0.0.tgz 62537ms (cache miss)
2488 http fetch GET 200 https://registry.npmjs.org/globals/-/globals-15.15.0.tgz 63646ms (cache miss)
2489 http fetch GET 200 https://registry.npmjs.org/workerd/-/workerd-1.20260410.1.tgz 64016ms (cache miss)
2490 http fetch GET 200 https://registry.npmjs.org/undici/-/undici-7.28.0.tgz 64510ms (cache miss)
2491 http fetch GET 200 https://registry.npmjs.org/flatted/-/flatted-3.4.2.tgz 64305ms (cache miss)
2492 http fetch GET 200 https://registry.npmjs.org/gensync/-/gensync-1.0.0-beta.2.tgz 64590ms (cache miss)
2493 http fetch GET 200 https://registry.npmjs.org/find-up/-/find-up-5.0.0.tgz 64640ms (cache miss)
2494 http fetch GET 200 https://registry.npmjs.org/graceful-fs/-/graceful-fs-4.2.11.tgz 64660ms (cache miss)
2495 http fetch GET 200 https://registry.npmjs.org/get-nonce/-/get-nonce-1.0.1.tgz 64797ms (cache miss)
2496 http fetch GET 200 https://registry.npmjs.org/fill-range/-/fill-range-7.1.1.tgz 64898ms (cache miss)
2497 http fetch GET 200 https://registry.npmjs.org/flat-cache/-/flat-cache-4.0.1.tgz 65524ms (cache miss)
2498 http fetch GET 200 https://registry.npmjs.org/get-tsconfig/-/get-tsconfig-4.13.7.tgz 65670ms (cache miss)
2499 http fetch GET 200 https://registry.npmjs.org/glob-parent/-/glob-parent-5.1.2.tgz 65985ms (cache miss)
2500 http fetch GET 200 https://registry.npmjs.org/fast-json-stable-stringify/-/fast-json-stable-stringify-2.1.0.tgz 65994ms (cache miss)
2501 http fetch GET 200 https://registry.npmjs.org/file-entry-cache/-/file-entry-cache-8.0.0.tgz 66082ms (cache miss)
2502 http fetch GET 200 https://registry.npmjs.org/iconv-lite/-/iconv-lite-0.6.3.tgz 66206ms (cache miss)
2503 http fetch GET 200 https://registry.npmjs.org/esutils/-/esutils-2.0.3.tgz 66508ms (cache miss)
2504 http fetch GET 200 https://registry.npmjs.org/fast-deep-equal/-/fast-deep-equal-3.1.3.tgz 66536ms (cache miss)
2505 http fetch GET 200 https://registry.npmjs.org/fdir/-/fdir-6.5.0.tgz 66836ms (cache miss)
2506 http fetch GET 200 https://registry.npmjs.org/estraverse/-/estraverse-5.3.0.tgz 66956ms (cache miss)
2507 http fetch GET 200 https://registry.npmjs.org/wrangler/-/wrangler-4.82.2.tgz 67613ms (cache miss)
2508 http fetch GET 200 https://registry.npmjs.org/fast-diff/-/fast-diff-1.3.0.tgz 67747ms (cache miss)
2509 http fetch GET 200 https://registry.npmjs.org/eslint-plugin-react-refresh/-/eslint-plugin-react-refresh-0.4.26.tgz 68407ms (cache miss)
2510 http fetch GET 200 https://registry.npmjs.org/eslint-visitor-keys/-/eslint-visitor-keys-4.2.1.tgz 68461ms (cache miss)
2511 http fetch GET 200 https://registry.npmjs.org/eventemitter3/-/eventemitter3-4.0.7.tgz 68803ms (cache miss)
2512 http fetch GET 200 https://registry.npmjs.org/fast-levenshtein/-/fast-levenshtein-2.0.6.tgz 68818ms (cache miss)
2513 http fetch GET 200 https://registry.npmjs.org/eslint-plugin-prettier/-/eslint-plugin-prettier-5.5.5.tgz 68925ms (cache miss)
2514 http fetch GET 200 https://registry.npmjs.org/esrecurse/-/esrecurse-4.3.0.tgz 68944ms (cache miss)
2515 http fetch GET 200 https://registry.npmjs.org/escape-string-regexp/-/escape-string-regexp-4.0.0.tgz 68999ms (cache miss)
2516 http fetch GET 200 https://registry.npmjs.org/escalade/-/escalade-3.2.0.tgz 69120ms (cache miss)
2517 http fetch GET 200 https://registry.npmjs.org/error-stack-parser-es/-/error-stack-parser-es-1.0.5.tgz 69162ms (cache miss)
2518 http fetch GET 200 https://registry.npmjs.org/nf3/-/nf3-0.3.23.tgz 69957ms (cache miss)
2519 http fetch GET 200 https://registry.npmjs.org/htmlparser2/-/htmlparser2-10.1.0.tgz 70074ms (cache miss)
2520 http fetch GET 200 https://registry.npmjs.org/eslint-scope/-/eslint-scope-8.4.0.tgz 70152ms (cache miss)
2521 http fetch GET 200 https://registry.npmjs.org/eslint-config-prettier/-/eslint-config-prettier-10.1.8.tgz 70268ms (cache miss)
2522 http fetch GET 200 https://registry.npmjs.org/embla-carousel-reactive-utils/-/embla-carousel-reactive-utils-8.6.0.tgz 70266ms (cache miss)
2523 http fetch GET 200 https://registry.npmjs.org/espree/-/espree-10.4.0.tgz 70505ms (cache miss)
2524 http fetch GET 200 https://registry.npmjs.org/fast-equals/-/fast-equals-5.4.0.tgz 71290ms (cache miss)
2525 http fetch GET 200 https://registry.npmjs.org/eslint-plugin-react-hooks/-/eslint-plugin-react-hooks-5.2.0.tgz 71373ms (cache miss)
2526 http fetch GET 200 https://registry.npmjs.org/embla-carousel-react/-/embla-carousel-react-8.6.0.tgz 72282ms (cache miss)
2527 http fetch GET 200 https://registry.npmjs.org/dom-serializer/-/dom-serializer-2.0.0.tgz 72441ms (cache miss)
2528 http fetch GET 200 https://registry.npmjs.org/domelementtype/-/domelementtype-2.3.0.tgz 72684ms (cache miss)
2529 http fetch GET 200 https://registry.npmjs.org/electron-to-chromium/-/electron-to-chromium-1.5.336.tgz 72741ms (cache miss)
2530 http fetch GET 200 https://registry.npmjs.org/encoding-sniffer/-/encoding-sniffer-0.2.1.tgz 72773ms (cache miss)
2531 http fetch GET 200 https://registry.npmjs.org/detect-node-es/-/detect-node-es-1.1.0.tgz 74060ms (cache miss)
2532 http fetch GET 200 https://registry.npmjs.org/@supabase/auth-js/-/auth-js-2.110.9.tgz 75473ms (cache miss)
2533 http fetch GET 200 https://registry.npmjs.org/h3/-/h3-2.0.1-rc.20.tgz 75361ms (cache miss)
2534 http fetch GET 200 https://registry.npmjs.org/domhandler/-/domhandler-5.0.3.tgz 75548ms (cache miss)
2535 http fetch GET 200 https://registry.npmjs.org/detect-libc/-/detect-libc-2.1.2.tgz 75824ms (cache miss)
2536 http fetch GET 200 https://registry.npmjs.org/deep-is/-/deep-is-0.1.4.tgz 75879ms (cache miss)
2537 http fetch GET 200 https://registry.npmjs.org/debug/-/debug-4.4.3.tgz 76585ms (cache miss)
2538 http fetch GET 200 https://registry.npmjs.org/d3-timer/-/d3-timer-3.0.1.tgz 76775ms (cache miss)
2539 http fetch GET 200 https://registry.npmjs.org/enhanced-resolve/-/enhanced-resolve-5.20.1.tgz 77108ms (cache miss)
2540 http fetch GET 200 https://registry.npmjs.org/esquery/-/esquery-1.7.0.tgz 78538ms (cache miss)
2541 http fetch GET 200 https://registry.npmjs.org/d3-path/-/d3-path-3.1.0.tgz 78538ms (cache miss)
2542 http fetch GET 200 https://registry.npmjs.org/d3-time/-/d3-time-3.1.0.tgz 79046ms (cache miss)
2543 http fetch GET 200 https://registry.npmjs.org/d3-format/-/d3-format-3.1.2.tgz 79582ms (cache miss)
2544 http fetch GET 200 https://registry.npmjs.org/d3-ease/-/d3-ease-3.0.1.tgz 80229ms (cache miss)
2545 http fetch GET 200 https://registry.npmjs.org/cross-spawn/-/cross-spawn-7.0.6.tgz 80478ms (cache miss)
2546 http fetch GET 200 https://registry.npmjs.org/cookie-es/-/cookie-es-3.1.1.tgz 81525ms (cache miss)
2547 http fetch GET 200 https://registry.npmjs.org/d3-color/-/d3-color-3.1.0.tgz 81589ms (cache miss)
2548 http fetch GET 200 https://registry.npmjs.org/decimal.js-light/-/decimal.js-light-2.5.1.tgz 81966ms (cache miss)
2549 http fetch GET 200 https://registry.npmjs.org/cookie/-/cookie-1.1.1.tgz 82059ms (cache miss)
2550 http fetch GET 200 https://registry.npmjs.org/color-name/-/color-name-1.1.4.tgz 82292ms (cache miss)
2551 http fetch GET 200 https://registry.npmjs.org/concat-map/-/concat-map-0.0.1.tgz 82322ms (cache miss)
2552 http fetch GET 200 https://registry.npmjs.org/convert-source-map/-/convert-source-map-2.0.0.tgz 82378ms (cache miss)
2553 http fetch GET 200 https://registry.npmjs.org/clsx/-/clsx-2.1.1.tgz 82818ms (cache miss)
2554 http fetch GET 200 https://registry.npmjs.org/color-convert/-/color-convert-2.0.1.tgz 82893ms (cache miss)
2555 http fetch GET 200 https://registry.npmjs.org/css-what/-/css-what-6.2.2.tgz 83172ms (cache miss)
2556 http fetch GET 200 https://registry.npmjs.org/d3-scale/-/d3-scale-4.0.2.tgz 83425ms (cache miss)
2557 http fetch GET 200 https://registry.npmjs.org/domutils/-/domutils-3.2.2.tgz 84419ms (cache miss)
2558 http fetch GET 200 https://registry.npmjs.org/chalk/-/chalk-4.1.2.tgz 84508ms (cache miss)
2559 http fetch GET 200 https://registry.npmjs.org/class-variance-authority/-/class-variance-authority-0.7.1.tgz 84972ms (cache miss)
2560 http fetch GET 200 https://registry.npmjs.org/callsites/-/callsites-3.1.0.tgz 85750ms (cache miss)
2561 http fetch GET 200 https://registry.npmjs.org/d3-time-format/-/d3-time-format-4.1.0.tgz 85861ms (cache miss)
2562 http fetch GET 200 https://registry.npmjs.org/cheerio-select/-/cheerio-select-2.1.0.tgz 85871ms (cache miss)
2563 http fetch GET 200 https://registry.npmjs.org/d3-interpolate/-/d3-interpolate-3.0.1.tgz 86028ms (cache miss)
2564 http fetch GET 200 https://registry.npmjs.org/aria-hidden/-/aria-hidden-1.2.6.tgz 86029ms (cache miss)
2565 http fetch GET 200 https://registry.npmjs.org/boolbase/-/boolbase-1.0.0.tgz 86033ms (cache miss)
2566 http fetch GET 200 https://registry.npmjs.org/balanced-match/-/balanced-match-1.0.2.tgz 86049ms (cache miss)
2567 http fetch GET 200 https://registry.npmjs.org/chokidar/-/chokidar-3.6.0.tgz 86107ms (cache miss)
2568 http fetch GET 200 https://registry.npmjs.org/binary-extensions/-/binary-extensions-2.3.0.tgz 86086ms (cache miss)
2569 http fetch GET 200 https://registry.npmjs.org/babel-dead-code-elimination/-/babel-dead-code-elimination-1.0.12.tgz 86187ms (cache miss)
2570 http fetch GET 200 https://registry.npmjs.org/brace-expansion/-/brace-expansion-1.1.14.tgz 86195ms (cache miss)
2571 http fetch GET 200 https://registry.npmjs.org/cmdk/-/cmdk-1.1.1.tgz 86557ms (cache miss)
2572 http fetch GET 200 https://registry.npmjs.org/argparse/-/argparse-2.0.1.tgz 86662ms (cache miss)
2573 http fetch GET 200 https://registry.npmjs.org/csstype/-/csstype-3.2.3.tgz 86739ms (cache miss)
2574 http fetch GET 200 https://registry.npmjs.org/ansis/-/ansis-4.2.0.tgz 87065ms (cache miss)
2575 http fetch GET 200 https://registry.npmjs.org/anymatch/-/anymatch-3.1.3.tgz 87461ms (cache miss)
2576 http fetch GET 200 https://registry.npmjs.org/braces/-/braces-3.0.3.tgz 87471ms (cache miss)
2577 http fetch GET 200 https://registry.npmjs.org/ansi-styles/-/ansi-styles-4.3.0.tgz 88056ms (cache miss)
2578 http fetch GET 200 https://registry.npmjs.org/acorn-jsx/-/acorn-jsx-5.3.2.tgz 88101ms (cache miss)
2579 http fetch GET 200 https://registry.npmjs.org/@typescript-eslint/visitor-keys/-/visitor-keys-8.58.2.tgz 88255ms (cache miss)
2580 http fetch GET 200 https://registry.npmjs.org/browserslist/-/browserslist-4.28.2.tgz 88475ms (cache miss)
2581 http fetch GET 200 https://registry.npmjs.org/@vitejs/plugin-react/-/plugin-react-5.2.0.tgz 88758ms (cache miss)
2582 http fetch GET 200 https://registry.npmjs.org/@typescript-eslint/tsconfig-utils/-/tsconfig-utils-8.58.2.tgz 89200ms (cache miss)
2583 http fetch GET 200 https://registry.npmjs.org/entities/-/entities-4.5.0.tgz 90323ms (cache miss)
2584 http fetch GET 200 https://registry.npmjs.org/@typescript-eslint/types/-/types-8.58.2.tgz 91410ms (cache miss)
2585 http fetch GET 200 https://registry.npmjs.org/@typescript-eslint/project-service/-/project-service-8.58.2.tgz 92182ms (cache miss)
2586 http fetch GET 200 https://registry.npmjs.org/@typescript-eslint/parser/-/parser-8.58.2.tgz 92922ms (cache miss)
2587 http fetch GET 200 https://registry.npmjs.org/d3-array/-/d3-array-3.2.4.tgz 94795ms (cache miss)
2588 http fetch GET 200 https://registry.npmjs.org/acorn/-/acorn-8.16.0.tgz 94719ms (cache miss)
2589 http fetch GET 200 https://registry.npmjs.org/@types/d3-timer/-/d3-timer-3.0.2.tgz 95026ms (cache miss)
2590 http fetch GET 200 https://registry.npmjs.org/d3-shape/-/d3-shape-3.2.0.tgz 95419ms (cache miss)
2591 http fetch GET 200 https://registry.npmjs.org/@types/d3-time/-/d3-time-3.0.4.tgz 95256ms (cache miss)
2592 http fetch GET 200 https://registry.npmjs.org/@types/react/-/react-19.2.14.tgz 95700ms (cache miss)
2593 http fetch GET 200 https://registry.npmjs.org/@types/d3-shape/-/d3-shape-3.1.8.tgz 95755ms (cache miss)
2594 http fetch GET 200 https://registry.npmjs.org/@types/json-schema/-/json-schema-7.0.15.tgz 95824ms (cache miss)
2595 http fetch GET 200 https://registry.npmjs.org/@types/d3-color/-/d3-color-3.1.3.tgz 95970ms (cache miss)
2596 http fetch GET 200 https://registry.npmjs.org/@types/d3-path/-/d3-path-3.1.1.tgz 96470ms (cache miss)
2597 http fetch GET 200 https://registry.npmjs.org/@types/react-dom/-/react-dom-19.2.3.tgz 97021ms (cache miss)
2598 http fetch GET 200 https://registry.npmjs.org/@types/d3-scale/-/d3-scale-4.0.9.tgz 97281ms (cache miss)
2599 http fetch GET 200 https://registry.npmjs.org/@types/d3-ease/-/d3-ease-3.0.2.tgz 97270ms (cache miss)
2600 http fetch GET 200 https://registry.npmjs.org/@types/d3-array/-/d3-array-3.2.2.tgz 97453ms (cache miss)
2601 http fetch GET 200 https://registry.npmjs.org/@types/d3-interpolate/-/d3-interpolate-3.0.4.tgz 97685ms (cache miss)
2602 http fetch GET 200 https://registry.npmjs.org/@types/babel__traverse/-/babel__traverse-7.28.0.tgz 98083ms (cache miss)
2603 http fetch GET 200 https://registry.npmjs.org/@types/babel__generator/-/babel__generator-7.27.0.tgz 98117ms (cache miss)
2604 http fetch GET 200 https://registry.npmjs.org/@tanstack/virtual-file-routes/-/virtual-file-routes-1.161.7.tgz 98306ms (cache miss)
2605 http fetch GET 200 https://registry.npmjs.org/@types/babel__core/-/babel__core-7.20.5.tgz 98416ms (cache miss)
2606 http fetch GET 200 https://registry.npmjs.org/@types/babel__template/-/babel__template-7.4.4.tgz 98508ms (cache miss)
2607 http fetch GET 200 https://registry.npmjs.org/@tanstack/start-storage-context/-/start-storage-context-1.166.29.tgz 98583ms (cache miss)
2608 http fetch GET 200 https://registry.npmjs.org/@tanstack/start-fn-stubs/-/start-fn-stubs-1.161.6.tgz 99396ms (cache miss)
2609 http fetch GET 200 https://registry.npmjs.org/@tanstack/router-utils/-/router-utils-1.161.6.tgz 100278ms (cache miss)
2610 http fetch GET 200 https://registry.npmjs.org/embla-carousel/-/embla-carousel-8.6.0.tgz 100732ms (cache miss)
2611 http fetch GET 200 https://registry.npmjs.org/@typescript-eslint/type-utils/-/type-utils-8.58.2.tgz 103625ms (cache miss)
2612 http fetch GET 200 https://registry.npmjs.org/@tanstack/store/-/store-0.9.3.tgz 107049ms (cache miss)
2613 http fetch GET 200 https://registry.npmjs.org/victory-vendor/-/victory-vendor-36.9.2.tgz 108329ms (cache miss)
2614 http fetch GET 200 https://registry.npmjs.org/@tanstack/react-store/-/react-store-0.9.3.tgz 107814ms (cache miss)
2615 http fetch GET 200 https://registry.npmjs.org/@tanstack/react-start-client/-/react-start-client-1.166.38.tgz 110419ms (cache miss)
2616 http fetch GET 200 https://registry.npmjs.org/@tailwindcss/vite/-/vite-4.2.2.tgz 111139ms (cache miss)
2617 http fetch GET 200 https://registry.npmjs.org/diff/-/diff-8.0.4.tgz 112301ms (cache miss)
2618 http fetch GET 200 https://registry.npmjs.org/@typescript-eslint/typescript-estree/-/typescript-estree-8.58.2.tgz 112428ms (cache miss)
2619 http fetch GET 200 https://registry.npmjs.org/@typescript-eslint/utils/-/utils-8.58.2.tgz 113243ms (cache miss)
2620 http fetch GET 200 https://registry.npmjs.org/@tanstack/start-server-core/-/start-server-core-1.167.19.tgz 115340ms (cache miss)
2621 http fetch GET 200 https://registry.npmjs.org/recharts/-/recharts-2.15.4.tgz 117607ms (cache miss)
2622 http fetch GET 200 https://registry.npmjs.org/ajv/-/ajv-6.14.0.tgz 117308ms (cache miss)
2623 http fetch GET 200 https://registry.npmjs.org/@tailwindcss/oxide/-/oxide-4.2.2.tgz 117129ms (cache miss)
2624 http fetch GET 200 https://registry.npmjs.org/css-select/-/css-select-5.2.2.tgz 118398ms (cache miss)
2625 http fetch GET 200 https://registry.npmjs.org/dom-helpers/-/dom-helpers-5.2.1.tgz 118518ms (cache miss)
2626 http fetch GET 200 https://registry.npmjs.org/@tailwindcss/node/-/node-4.2.2.tgz 118921ms (cache miss)
2627 http fetch GET 200 https://registry.npmjs.org/@tanstack/react-start-server/-/react-start-server-1.166.39.tgz 119821ms (cache miss)
2628 http fetch GET 200 https://registry.npmjs.org/@sindresorhus/is/-/is-7.2.0.tgz 119777ms (cache miss)
2629 http fetch GET 200 https://registry.npmjs.org/@rolldown/pluginutils/-/pluginutils-1.0.0-beta.40.tgz 120644ms (cache miss)
2630 http fetch GET 200 https://registry.npmjs.org/@radix-ui/rect/-/rect-1.1.1.tgz 120902ms (cache miss)
2631 http fetch GET 200 https://registry.npmjs.org/@radix-ui/react-use-size/-/react-use-size-1.1.1.tgz 121143ms (cache miss)
2632 http fetch GET 200 https://registry.npmjs.org/@types/node/-/node-22.19.17.tgz 122269ms (cache miss)
2633 http fetch GET 200 https://registry.npmjs.org/@radix-ui/react-use-previous/-/react-use-previous-1.1.1.tgz 122422ms (cache miss)
2634 http fetch GET 200 https://registry.npmjs.org/@radix-ui/react-use-rect/-/react-use-rect-1.1.1.tgz 122871ms (cache miss)
2635 http fetch GET 200 https://registry.npmjs.org/@radix-ui/react-visually-hidden/-/react-visually-hidden-1.2.3.tgz 123221ms (cache miss)
2636 http fetch GET 200 https://registry.npmjs.org/@radix-ui/react-use-callback-ref/-/react-use-callback-ref-1.1.1.tgz 123434ms (cache miss)
2637 http fetch GET 200 https://registry.npmjs.org/@radix-ui/react-use-layout-effect/-/react-use-layout-effect-1.1.1.tgz 123543ms (cache miss)
2638 http fetch GET 200 https://registry.npmjs.org/@radix-ui/react-use-controllable-state/-/react-use-controllable-state-1.2.2.tgz 123748ms (cache miss)
2639 http fetch GET 200 https://registry.npmjs.org/@radix-ui/react-use-effect-event/-/react-use-effect-event-0.0.2.tgz 123807ms (cache miss)
2640 http fetch GET 200 https://registry.npmjs.org/@tabby_ai/hijri-converter/-/hijri-converter-1.0.5.tgz 124253ms (cache miss)
2641 http fetch GET 200 https://registry.npmjs.org/@radix-ui/react-slot/-/react-slot-1.2.4.tgz 124302ms (cache miss)
2642 http fetch GET 200 https://registry.npmjs.org/@radix-ui/react-tabs/-/react-tabs-1.1.13.tgz 124319ms (cache miss)
2643 http fetch GET 200 https://registry.npmjs.org/@radix-ui/react-toggle-group/-/react-toggle-group-1.1.11.tgz 124622ms (cache miss)
2644 http fetch GET 200 https://registry.npmjs.org/@radix-ui/react-toggle/-/react-toggle-1.1.10.tgz 125851ms (cache miss)
2645 http fetch GET 200 https://registry.npmjs.org/@radix-ui/react-tooltip/-/react-tooltip-1.2.8.tgz 125928ms (cache miss)
2646 http fetch GET 200 https://registry.npmjs.org/@radix-ui/react-use-escape-keydown/-/react-use-escape-keydown-1.1.1.tgz 126097ms (cache miss)
2647 http fetch GET 200 https://registry.npmjs.org/@radix-ui/react-switch/-/react-switch-1.2.6.tgz 126159ms (cache miss)
2648 http fetch GET 200 https://registry.npmjs.org/@radix-ui/react-separator/-/react-separator-1.1.8.tgz 126500ms (cache miss)
2649 http fetch GET 200 https://registry.npmjs.org/@radix-ui/react-use-is-hydrated/-/react-use-is-hydrated-0.1.0.tgz 126637ms (cache miss)
2650 http fetch GET 200 https://registry.npmjs.org/@tanstack/history/-/history-1.161.6.tgz 127019ms (cache miss)
2651 http fetch GET 200 https://registry.npmjs.org/@radix-ui/react-roving-focus/-/react-roving-focus-1.1.11.tgz 127278ms (cache miss)
2652 http fetch GET 200 https://registry.npmjs.org/@radix-ui/react-slider/-/react-slider-1.3.6.tgz 128399ms (cache miss)
2653 http fetch GET 200 https://registry.npmjs.org/@radix-ui/react-progress/-/react-progress-1.1.8.tgz 128778ms (cache miss)
2654 http fetch GET 200 https://registry.npmjs.org/@radix-ui/react-radio-group/-/react-radio-group-1.3.8.tgz 129527ms (cache miss)
2655 http fetch GET 200 https://registry.npmjs.org/@radix-ui/react-scroll-area/-/react-scroll-area-1.2.10.tgz 129869ms (cache miss)
2656 http fetch GET 200 https://registry.npmjs.org/@radix-ui/react-primitive/-/react-primitive-2.1.3.tgz 130056ms (cache miss)
2657 http fetch GET 200 https://registry.npmjs.org/@radix-ui/react-presence/-/react-presence-1.1.5.tgz 131179ms (cache miss)
2658 http fetch GET 200 https://registry.npmjs.org/@radix-ui/react-portal/-/react-portal-1.1.9.tgz 131365ms (cache miss)
2659 http fetch GET 200 https://registry.npmjs.org/@radix-ui/react-popover/-/react-popover-1.1.15.tgz 131883ms (cache miss)
2660 http fetch GET 200 https://registry.npmjs.org/@standard-schema/utils/-/utils-0.3.0.tgz 131948ms (cache miss)
2661 http fetch GET 200 https://registry.npmjs.org/@radix-ui/react-label/-/react-label-2.1.8.tgz 132297ms (cache miss)
2662 http fetch GET 200 https://registry.npmjs.org/@tanstack/start-client-core/-/start-client-core-1.167.17.tgz 132655ms (cache miss)
2663 http fetch GET 200 https://registry.npmjs.org/@radix-ui/react-select/-/react-select-2.2.6.tgz 132533ms (cache miss)
2664 http fetch GET 200 https://registry.npmjs.org/@radix-ui/react-hover-card/-/react-hover-card-1.1.15.tgz 132583ms (cache miss)
2665 http fetch GET 200 https://registry.npmjs.org/@radix-ui/react-direction/-/react-direction-1.1.1.tgz 133000ms (cache miss)
2666 http fetch GET 200 https://registry.npmjs.org/@radix-ui/react-popper/-/react-popper-1.2.8.tgz 133101ms (cache miss)
2667 http fetch GET 200 https://registry.npmjs.org/@radix-ui/react-menubar/-/react-menubar-1.1.16.tgz 133319ms (cache miss)
2668 http fetch GET 200 https://registry.npmjs.org/@radix-ui/react-focus-guards/-/react-focus-guards-1.1.3.tgz 133401ms (cache miss)
2669 http fetch GET 200 https://registry.npmjs.org/@radix-ui/react-dialog/-/react-dialog-1.1.15.tgz 133432ms (cache miss)
2670 http fetch GET 200 https://registry.npmjs.org/@radix-ui/react-compose-refs/-/react-compose-refs-1.1.2.tgz 133635ms (cache miss)
2671 http fetch GET 200 https://registry.npmjs.org/@radix-ui/react-dropdown-menu/-/react-dropdown-menu-2.1.16.tgz 133757ms (cache miss)
2672 http fetch GET 200 https://registry.npmjs.org/@radix-ui/react-dismissable-layer/-/react-dismissable-layer-1.1.11.tgz 134012ms (cache miss)
2673 http fetch GET 200 https://registry.npmjs.org/@radix-ui/react-context/-/react-context-1.1.2.tgz 134392ms (cache miss)
2674 http fetch GET 200 https://registry.npmjs.org/@radix-ui/react-aspect-ratio/-/react-aspect-ratio-1.1.8.tgz 134394ms (cache miss)
2675 http fetch GET 200 https://registry.npmjs.org/@radix-ui/react-menu/-/react-menu-2.1.16.tgz 134504ms (cache miss)
2676 http fetch GET 200 https://registry.npmjs.org/@radix-ui/react-context-menu/-/react-context-menu-2.2.16.tgz 134877ms (cache miss)
2677 http fetch GET 200 https://registry.npmjs.org/@radix-ui/react-focus-scope/-/react-focus-scope-1.1.7.tgz 135035ms (cache miss)
2678 http fetch GET 200 https://registry.npmjs.org/@radix-ui/react-navigation-menu/-/react-navigation-menu-1.2.14.tgz 135122ms (cache miss)
2679 http fetch GET 200 https://registry.npmjs.org/@radix-ui/react-arrow/-/react-arrow-1.1.7.tgz 135580ms (cache miss)
2680 http fetch GET 200 https://registry.npmjs.org/@radix-ui/primitive/-/primitive-1.1.3.tgz 136077ms (cache miss)
2681 http fetch GET 200 https://registry.npmjs.org/@radix-ui/react-accordion/-/react-accordion-1.2.12.tgz 136544ms (cache miss)
2682 http fetch GET 200 https://registry.npmjs.org/@poppinss/colors/-/colors-4.1.6.tgz 136599ms (cache miss)
2683 http fetch GET 200 https://registry.npmjs.org/@radix-ui/react-collapsible/-/react-collapsible-1.1.12.tgz 137078ms (cache miss)
2684 http fetch GET 200 https://registry.npmjs.org/@radix-ui/number/-/number-1.1.1.tgz 137392ms (cache miss)
2685 http fetch GET 200 https://registry.npmjs.org/@radix-ui/react-collection/-/react-collection-1.1.7.tgz 137535ms (cache miss)
2686 http fetch GET 200 https://registry.npmjs.org/@pkgr/core/-/core-0.2.9.tgz 137534ms (cache miss)
2687 http fetch GET 200 https://registry.npmjs.org/@oozcitak/util/-/util-10.0.0.tgz 137566ms (cache miss)
2688 http fetch GET 200 https://registry.npmjs.org/baseline-browser-mapping/-/baseline-browser-mapping-2.10.18.tgz 138412ms (cache miss)
2689 http fetch GET 200 https://registry.npmjs.org/@radix-ui/react-alert-dialog/-/react-alert-dialog-1.1.15.tgz 138423ms (cache miss)
2690 http fetch GET 200 https://registry.npmjs.org/@humanfs/node/-/node-0.16.7.tgz 138431ms (cache miss)
2691 http fetch GET 200 https://registry.npmjs.org/@jridgewell/resolve-uri/-/resolve-uri-3.1.2.tgz 138692ms (cache miss)
2692 http fetch GET 200 https://registry.npmjs.org/@radix-ui/react-checkbox/-/react-checkbox-1.3.3.tgz 138934ms (cache miss)
2693 http fetch GET 200 https://registry.npmjs.org/@radix-ui/react-id/-/react-id-1.1.1.tgz 139199ms (cache miss)
2694 http fetch GET 200 https://registry.npmjs.org/@jridgewell/remapping/-/remapping-2.3.5.tgz 139310ms (cache miss)
2695 http fetch GET 200 https://registry.npmjs.org/@img/colour/-/colour-1.1.0.tgz 140430ms (cache miss)
2696 http fetch GET 200 https://registry.npmjs.org/@poppinss/exception/-/exception-1.2.3.tgz 140592ms (cache miss)
2697 http fetch GET 200 https://registry.npmjs.org/@humanwhocodes/module-importer/-/module-importer-1.0.1.tgz 140812ms (cache miss)
2698 http fetch GET 200 https://registry.npmjs.org/@radix-ui/react-avatar/-/react-avatar-1.1.11.tgz 140855ms (cache miss)
2699 http fetch GET 200 https://registry.npmjs.org/@oozcitak/url/-/url-3.0.0.tgz 142131ms (cache miss)
2700 http fetch GET 200 https://registry.npmjs.org/@humanwhocodes/retry/-/retry-0.4.3.tgz 142780ms (cache miss)
2701 http fetch GET 200 https://registry.npmjs.org/@eslint/object-schema/-/object-schema-2.1.7.tgz 142851ms (cache miss)
2702 http fetch GET 200 https://registry.npmjs.org/@humanfs/core/-/core-0.19.1.tgz 142925ms (cache miss)
2703 http fetch GET 200 https://registry.npmjs.org/@floating-ui/react-dom/-/react-dom-2.1.8.tgz 144134ms (cache miss)
2704 http fetch GET 200 https://registry.npmjs.org/@floating-ui/dom/-/dom-1.7.6.tgz 144460ms (cache miss)
2705 http fetch GET 200 https://registry.npmjs.org/@eslint/js/-/js-9.39.4.tgz 145090ms (cache miss)
2706 http fetch GET 200 https://registry.npmjs.org/@tanstack/react-start-rsc/-/react-start-rsc-0.0.18.tgz 145423ms (cache miss)
2707 http fetch GET 200 https://registry.npmjs.org/@floating-ui/utils/-/utils-0.2.11.tgz 145317ms (cache miss)
2708 http fetch GET 200 https://registry.npmjs.org/@jridgewell/sourcemap-codec/-/sourcemap-codec-1.5.5.tgz 145426ms (cache miss)
2709 http fetch GET 200 https://registry.npmjs.org/@cspotcode/source-map-support/-/source-map-support-0.8.1.tgz 145916ms (cache miss)
2710 http fetch GET 200 https://registry.npmjs.org/@eslint/config-helpers/-/config-helpers-0.4.2.tgz 146379ms (cache miss)
2711 http fetch GET 200 https://registry.npmjs.org/@eslint/plugin-kit/-/plugin-kit-0.4.1.tgz 146884ms (cache miss)
2712 http fetch GET 200 https://registry.npmjs.org/@eslint/core/-/core-0.17.0.tgz 147151ms (cache miss)
2713 http fetch GET 200 https://registry.npmjs.org/@cloudflare/unenv-preset/-/unenv-preset-2.16.0.tgz 147214ms (cache miss)
2714 http fetch GET 200 https://registry.npmjs.org/@eslint-community/regexpp/-/regexpp-4.12.2.tgz 147343ms (cache miss)
2715 http fetch GET 200 https://registry.npmjs.org/@oozcitak/infra/-/infra-2.0.2.tgz 147515ms (cache miss)
2716 http fetch GET 200 https://registry.npmjs.org/@jridgewell/gen-mapping/-/gen-mapping-0.3.13.tgz 147768ms (cache miss)
2717 http fetch GET 200 https://registry.npmjs.org/@tanstack/react-start/-/react-start-1.167.39.tgz 148591ms (cache miss)
2718 http fetch GET 200 https://registry.npmjs.org/@poppinss/dumper/-/dumper-0.6.5.tgz 150376ms (cache miss)
2719 http fetch GET 200 https://registry.npmjs.org/blake3-wasm/-/blake3-wasm-2.1.5.tgz 150936ms (cache miss)
2720 http fetch GET 200 https://registry.npmjs.org/@tanstack/router-generator/-/router-generator-1.166.32.tgz 151128ms (cache miss)
2721 http fetch GET 200 https://registry.npmjs.org/@jridgewell/trace-mapping/-/trace-mapping-0.3.31.tgz 150929ms (cache miss)
2722 http fetch GET 200 https://registry.npmjs.org/@eslint/config-array/-/config-array-0.21.2.tgz 151221ms (cache miss)
2723 http fetch GET 200 https://registry.npmjs.org/xlsx/-/xlsx-0.18.5.tgz 152710ms (cache miss)
2724 http fetch GET 200 https://registry.npmjs.org/@eslint-community/eslint-utils/-/eslint-utils-4.9.1.tgz 151741ms (cache miss)
2725 http fetch GET 200 https://registry.npmjs.org/@date-fns/tz/-/tz-1.4.1.tgz 153656ms (cache miss)
2726 http fetch GET 200 https://registry.npmjs.org/@babel/plugin-transform-react-jsx-self/-/plugin-transform-react-jsx-self-7.27.1.tgz 153791ms (cache miss)
2727 http fetch GET 200 https://registry.npmjs.org/@eslint/eslintrc/-/eslintrc-3.3.5.tgz 154134ms (cache miss)
2728 http fetch GET 200 https://registry.npmjs.org/@babel/plugin-transform-react-jsx-source/-/plugin-transform-react-jsx-source-7.27.1.tgz 154651ms (cache miss)
2729 http fetch GET 200 https://registry.npmjs.org/@babel/template/-/template-7.28.6.tgz 154720ms (cache miss)
2730 http fetch GET 200 https://registry.npmjs.org/@babel/plugin-syntax-jsx/-/plugin-syntax-jsx-7.28.6.tgz 154754ms (cache miss)
2731 http fetch GET 200 https://registry.npmjs.org/@floating-ui/core/-/core-1.7.5.tgz 155267ms (cache miss)
2732 http fetch GET 200 https://registry.npmjs.org/@babel/helper-string-parser/-/helper-string-parser-7.27.1.tgz 155799ms (cache miss)
2733 http fetch GET 200 https://registry.npmjs.org/@babel/helper-validator-option/-/helper-validator-option-7.27.1.tgz 156171ms (cache miss)
2734 http fetch GET 200 https://registry.npmjs.org/@babel/helper-validator-identifier/-/helper-validator-identifier-7.28.5.tgz 157259ms (cache miss)
2735 http fetch GET 200 https://registry.npmjs.org/@babel/helper-plugin-utils/-/helper-plugin-utils-7.28.6.tgz 157647ms (cache miss)
2736 http fetch GET 200 https://registry.npmjs.org/@babel/helper-compilation-targets/-/helper-compilation-targets-7.28.6.tgz 158544ms (cache miss)
2737 http fetch GET 200 https://registry.npmjs.org/@babel/helper-module-imports/-/helper-module-imports-7.28.6.tgz 158999ms (cache miss)
2738 http fetch GET 200 https://registry.npmjs.org/@babel/helper-globals/-/helper-globals-7.28.0.tgz 159156ms (cache miss)
2739 http fetch GET 200 https://registry.npmjs.org/rou3/-/rou3-0.9.1.tgz 159776ms (cache miss)
2740 http fetch GET 200 https://registry.npmjs.org/@babel/compat-data/-/compat-data-7.29.0.tgz 159905ms (cache miss)
2741 http fetch GET 200 https://registry.npmjs.org/@rolldown/pluginutils/-/pluginutils-1.0.1.tgz 160336ms (cache miss)
2742 http fetch GET 200 https://registry.npmjs.org/chalk/-/chalk-5.6.2.tgz 161497ms (cache miss)
2743 http fetch GET 200 https://registry.npmjs.org/@babel/helper-module-transforms/-/helper-module-transforms-7.28.6.tgz 161621ms (cache miss)
2744 http fetch GET 200 https://registry.npmjs.org/@babel/code-frame/-/code-frame-7.29.0.tgz 162413ms (cache miss)
2745 http fetch GET 200 https://registry.npmjs.org/@babel/plugin-syntax-typescript/-/plugin-syntax-typescript-7.28.6.tgz 162986ms (cache miss)
2746 http fetch GET 200 https://registry.npmjs.org/@cloudflare/kv-asset-handler/-/kv-asset-handler-0.4.2.tgz 163620ms (cache miss)
2747 http fetch GET 200 https://registry.npmjs.org/lodash/-/lodash-4.18.1.tgz 164549ms (cache miss)
2748 http fetch GET 200 https://registry.npmjs.org/ws/-/ws-8.21.1.tgz 164579ms (cache miss)
2749 http fetch GET 200 https://registry.npmjs.org/esbuild/-/esbuild-0.27.3.tgz 165142ms (cache miss)
2750 http fetch GET 200 https://registry.npmjs.org/@cloudflare/vite-plugin/-/vite-plugin-1.32.2.tgz 165615ms (cache miss)
2751 http fetch GET 200 https://registry.npmjs.org/glob-parent/-/glob-parent-6.0.2.tgz 166492ms (cache miss)
2752 http fetch GET 200 https://registry.npmjs.org/picomatch/-/picomatch-2.3.2.tgz 166592ms (cache miss)
2753 http fetch GET 200 https://registry.npmjs.org/react-hook-form/-/react-hook-form-7.72.1.tgz 169736ms (cache miss)
2754 http fetch GET 200 https://registry.npmjs.org/@babel/traverse/-/traverse-7.29.0.tgz 169438ms (cache miss)
2755 http fetch GET 200 https://registry.npmjs.org/cheerio/-/cheerio-1.2.0.tgz 171486ms (cache miss)
2756 http fetch GET 200 https://registry.npmjs.org/esbuild/-/esbuild-0.27.7.tgz 171488ms (cache miss)
2757 http fetch GET 200 https://registry.npmjs.org/@rolldown/pluginutils/-/pluginutils-1.0.0-rc.3.tgz 171693ms (cache miss)
2758 http fetch GET 200 https://registry.npmjs.org/@oxc-project/types/-/types-0.140.0.tgz 171873ms (cache miss)
2759 http fetch GET 200 https://registry.npmjs.org/nitro/-/nitro-3.0.260603-beta.tgz 173752ms (cache miss)
2760 http fetch GET 200 https://registry.npmjs.org/esbuild/-/esbuild-0.27.7.tgz 172724ms (cache miss)
2761 http fetch GET 200 https://registry.npmjs.org/srvx/-/srvx-0.11.22.tgz 173199ms (cache miss)
2762 http fetch GET 200 https://registry.npmjs.org/picomatch/-/picomatch-2.3.2.tgz 173216ms (cache miss)
2763 http fetch GET 200 https://registry.npmjs.org/@babel/generator/-/generator-7.29.1.tgz 173451ms (cache miss)
2764 http fetch GET 200 https://registry.npmjs.org/react-is/-/react-is-16.13.1.tgz 173578ms (cache miss)
2765 http fetch GET 200 https://registry.npmjs.org/@babel/code-frame/-/code-frame-7.27.1.tgz 173600ms (cache miss)
2766 http fetch GET 200 https://registry.npmjs.org/eslint-visitor-keys/-/eslint-visitor-keys-5.0.1.tgz 173818ms (cache miss)
2767 http fetch GET 200 https://registry.npmjs.org/@radix-ui/react-primitive/-/react-primitive-2.1.4.tgz 174230ms (cache miss)
2768 http fetch GET 200 https://registry.npmjs.org/semver/-/semver-7.7.4.tgz 174299ms (cache miss)
2769 http fetch GET 200 https://registry.npmjs.org/ignore/-/ignore-7.0.5.tgz 175210ms (cache miss)
2770 http fetch GET 200 https://registry.npmjs.org/brace-expansion/-/brace-expansion-5.0.5.tgz 176060ms (cache miss)
2771 http fetch GET 200 https://registry.npmjs.org/@radix-ui/react-context/-/react-context-1.1.3.tgz 176280ms (cache miss)
2772 http fetch GET 200 https://registry.npmjs.org/balanced-match/-/balanced-match-4.0.4.tgz 176887ms (cache miss)
2773 http fetch GET 200 https://registry.npmjs.org/@radix-ui/react-slot/-/react-slot-1.2.3.tgz 177522ms (cache miss)
2774 http fetch GET 200 https://registry.npmjs.org/@radix-ui/react-primitive/-/react-primitive-2.1.4.tgz 178006ms (cache miss)
2775 http fetch GET 200 https://registry.npmjs.org/@radix-ui/react-primitive/-/react-primitive-2.1.4.tgz 178009ms (cache miss)
2776 http fetch GET 200 https://registry.npmjs.org/@tanstack/router-plugin/-/router-plugin-1.167.22.tgz 178512ms (cache miss)
2777 http fetch GET 200 https://registry.npmjs.org/@babel/parser/-/parser-7.29.2.tgz 178236ms (cache miss)
2778 http fetch GET 200 https://registry.npmjs.org/@radix-ui/react-slot/-/react-slot-1.2.3.tgz 178391ms (cache miss)
2779 http fetch GET 200 https://registry.npmjs.org/@radix-ui/react-slot/-/react-slot-1.2.3.tgz 178390ms (cache miss)
2780 http fetch GET 200 https://registry.npmjs.org/@radix-ui/react-slot/-/react-slot-1.2.3.tgz 178718ms (cache miss)
2781 http fetch GET 200 https://registry.npmjs.org/@radix-ui/react-slot/-/react-slot-1.2.3.tgz 179170ms (cache miss)
2782 http fetch GET 200 https://registry.npmjs.org/@radix-ui/react-context/-/react-context-1.1.3.tgz 179243ms (cache miss)
2783 http fetch GET 200 https://registry.npmjs.org/unenv/-/unenv-2.0.0-rc.24.tgz 180478ms (cache miss)
2784 http fetch GET 200 https://registry.npmjs.org/supports-color/-/supports-color-10.2.2.tgz 179652ms (cache miss)
2785 http fetch GET 200 https://registry.npmjs.org/@radix-ui/react-slot/-/react-slot-1.2.3.tgz 179782ms (cache miss)
2786 http fetch GET 200 https://registry.npmjs.org/@radix-ui/react-primitive/-/react-primitive-2.1.4.tgz 180062ms (cache miss)
2787 http fetch GET 200 https://registry.npmjs.org/@radix-ui/react-slot/-/react-slot-1.2.3.tgz 180435ms (cache miss)
2788 http fetch GET 200 https://registry.npmjs.org/@radix-ui/react-primitive/-/react-primitive-2.1.4.tgz 180617ms (cache miss)
2789 http fetch GET 200 https://registry.npmjs.org/globals/-/globals-14.0.0.tgz 180865ms (cache miss)
2790 http fetch GET 200 https://registry.npmjs.org/eslint-visitor-keys/-/eslint-visitor-keys-3.4.3.tgz 180913ms (cache miss)
2791 http fetch GET 200 https://registry.npmjs.org/@radix-ui/react-slot/-/react-slot-1.2.3.tgz 181038ms (cache miss)
2792 http fetch GET 200 https://registry.npmjs.org/chalk/-/chalk-5.6.2.tgz 181326ms (cache miss)
2793 http fetch GET 200 https://registry.npmjs.org/srvx/-/srvx-0.12.4.tgz 181508ms (cache miss)
2794 http fetch GET 200 https://registry.npmjs.org/semver/-/semver-7.7.4.tgz 183379ms (cache miss)
2795 http fetch GET 200 https://registry.npmjs.org/@jridgewell/trace-mapping/-/trace-mapping-0.3.9.tgz 182293ms (cache miss)
2796 http fetch GET 200 https://registry.npmjs.org/xlsx 186503ms (cache miss)
2797 silly packumentCache corgi:https://registry.npmjs.org/xlsx set size:undefined disposed:false
2798 http fetch GET 200 https://registry.npmjs.org/env-runner/-/env-runner-0.1.16.tgz 185358ms (cache miss)
2799 http fetch GET 200 https://registry.npmjs.org/ws 188904ms (cache miss)
2800 silly packumentCache corgi:https://registry.npmjs.org/ws set size:undefined disposed:false
2801 http fetch GET 200 https://registry.npmjs.org/postcss 189302ms (cache miss)
2802 silly packumentCache corgi:https://registry.npmjs.org/postcss set size:undefined disposed:false
2803 http fetch GET 200 https://registry.npmjs.org/sharp 190964ms (cache miss)
2804 silly packumentCache corgi:https://registry.npmjs.org/sharp set size:undefined disposed:false
2805 http fetch GET 200 https://registry.npmjs.org/minimatch/-/minimatch-10.2.5.tgz 190536ms (cache miss)
2806 http fetch GET 200 https://registry.npmjs.org/undici 192102ms (cache miss)
2807 silly packumentCache corgi:https://registry.npmjs.org/undici set size:undefined disposed:false
2808 http fetch GET 200 https://registry.npmjs.org/esbuild 192721ms (cache miss)
2809 silly packumentCache corgi:https://registry.npmjs.org/esbuild set size:undefined disposed:false
2810 http fetch GET 200 https://registry.npmjs.org/prettier/-/prettier-3.8.2.tgz 192793ms (cache miss)
2811 http fetch GET 200 https://registry.npmjs.org/unstorage/-/unstorage-2.0.0-alpha.7.tgz 194003ms (cache miss)
2812 http fetch GET 200 https://registry.npmjs.org/entities/-/entities-6.0.1.tgz 196303ms (cache miss)
2813 http fetch GET 200 https://registry.npmjs.org/vite 198262ms (cache miss)
2814 silly packumentCache corgi:https://registry.npmjs.org/vite set size:undefined disposed:false
2815 silly packumentCache corgi:https://registry.npmjs.org/@babel%2fhelper-module-transforms cache-miss
2816 silly packumentCache corgi:https://registry.npmjs.org/@babel%2fplugin-syntax-jsx cache-miss
2817 silly packumentCache corgi:https://registry.npmjs.org/@babel%2fplugin-syntax-typescript cache-miss
2818 silly packumentCache corgi:https://registry.npmjs.org/@babel%2fplugin-transform-react-jsx-self cache-miss
2819 silly packumentCache corgi:https://registry.npmjs.org/@babel%2fplugin-transform-react-jsx-source cache-miss
2820 silly packumentCache corgi:https://registry.npmjs.org/@tanstack%2frouter-plugin cache-miss
2821 silly packumentCache corgi:https://registry.npmjs.org/@tanstack%2frouter-utils cache-miss
2822 silly packumentCache corgi:https://registry.npmjs.org/@tanstack%2fstart-plugin-core cache-miss
2823 silly packumentCache corgi:https://registry.npmjs.org/@vitejs%2fplugin-react cache-miss
2824 silly packumentCache corgi:https://registry.npmjs.org/babel-dead-code-elimination cache-miss
2825 http fetch GET 200 https://registry.npmjs.org/miniflare/-/miniflare-4.20260410.0.tgz 200298ms (cache miss)
2826 http fetch GET 200 https://registry.npmjs.org/@babel%2fplugin-transform-react-jsx-source 1706ms (cache miss)
2827 silly packumentCache corgi:https://registry.npmjs.org/@babel%2fplugin-transform-react-jsx-source set size:undefined disposed:false
2828 http fetch GET 200 https://registry.npmjs.org/@tanstack%2frouter-utils 1926ms (cache miss)
2829 silly packumentCache corgi:https://registry.npmjs.org/@tanstack%2frouter-utils set size:undefined disposed:false
2830 http fetch GET 200 https://registry.npmjs.org/@typescript-eslint/scope-manager/-/scope-manager-8.58.2.tgz 200470ms (cache miss)
2831 http fetch GET 200 https://registry.npmjs.org/babel-dead-code-elimination 2184ms (cache miss)
2832 silly packumentCache corgi:https://registry.npmjs.org/babel-dead-code-elimination set size:undefined disposed:false
2833 http fetch GET 200 https://registry.npmjs.org/typescript/-/typescript-5.9.3.tgz 201343ms (cache miss)
2834 http fetch GET 200 https://registry.npmjs.org/@babel%2fplugin-syntax-typescript 2555ms (cache miss)
2835 silly packumentCache corgi:https://registry.npmjs.org/@babel%2fplugin-syntax-typescript set size:undefined disposed:false
2836 http fetch GET 200 https://registry.npmjs.org/@babel%2fplugin-syntax-jsx 2702ms (cache miss)
2837 silly packumentCache corgi:https://registry.npmjs.org/@babel%2fplugin-syntax-jsx set size:undefined disposed:false
2838 http fetch GET 200 https://registry.npmjs.org/@vitejs%2fplugin-react 3557ms (cache miss)
2839 silly packumentCache corgi:https://registry.npmjs.org/@vitejs%2fplugin-react set size:undefined disposed:false
2840 http fetch GET 200 https://registry.npmjs.org/@babel%2fplugin-transform-react-jsx-self 3806ms (cache miss)
2841 silly packumentCache corgi:https://registry.npmjs.org/@babel%2fplugin-transform-react-jsx-self set size:undefined disposed:false
2842 http fetch GET 200 https://registry.npmjs.org/@babel%2fhelper-module-transforms 4106ms (cache miss)
2843 silly packumentCache corgi:https://registry.npmjs.org/@babel%2fhelper-module-transforms set size:undefined disposed:false
2844 http fetch GET 200 https://registry.npmjs.org/@babel/core/-/core-7.29.0.tgz 202606ms (cache miss)
2845 http fetch GET 200 https://registry.npmjs.org/@tanstack%2fstart-plugin-core 4814ms (cache miss)
2846 silly packumentCache corgi:https://registry.npmjs.org/@tanstack%2fstart-plugin-core set size:undefined disposed:false
2847 http fetch GET 200 https://registry.npmjs.org/@tanstack/start-plugin-core/-/start-plugin-core-1.167.34.tgz 204874ms (cache miss)
2848 http fetch GET 200 https://registry.npmjs.org/@babel/runtime/-/runtime-7.29.2.tgz 204797ms (cache miss)
2849 http fetch GET 200 https://registry.npmjs.org/@babel/types/-/types-7.29.0.tgz 206680ms (cache miss)
2850 http fetch GET 200 https://registry.npmjs.org/entities/-/entities-7.0.1.tgz 207496ms (cache miss)
2851 http fetch GET 200 https://registry.npmjs.org/@tanstack%2frouter-plugin 9888ms (cache miss)
2852 silly packumentCache corgi:https://registry.npmjs.org/@tanstack%2frouter-plugin set size:undefined disposed:false
2853 silly packumentCache corgi:https://registry.npmjs.org/@tanstack%2freact-start cache-miss
2854 silly packumentCache corgi:https://registry.npmjs.org/@tanstack%2freact-start-rsc cache-miss
2855 silly packumentCache corgi:https://registry.npmjs.org/@tanstack%2freact-start-server cache-miss
2856 http fetch GET 200 https://registry.npmjs.org/@tailwindcss/oxide-android-arm64/-/oxide-android-arm64-4.2.2.tgz 212167ms (cache miss)
2857 http fetch GET 200 https://registry.npmjs.org/@speed-highlight/core/-/core-1.2.15.tgz 212258ms (cache miss)
2858 http fetch GET 200 https://registry.npmjs.org/@tanstack%2freact-start-rsc 3340ms (cache miss)
2859 silly packumentCache corgi:https://registry.npmjs.org/@tanstack%2freact-start-rsc set size:undefined disposed:false
2860 http fetch GET 200 https://registry.npmjs.org/eslint/-/eslint-9.39.4.tgz 213775ms (cache miss)
2861 http fetch GET 200 https://registry.npmjs.org/@tanstack%2freact-start-server 5813ms (cache miss)
2862 silly packumentCache corgi:https://registry.npmjs.org/@tanstack%2freact-start-server set size:undefined disposed:false
2863 http fetch GET 200 https://registry.npmjs.org/@tanstack/react-query/-/react-query-5.99.0.tgz 215903ms (cache miss)
2864 http fetch GET 200 https://registry.npmjs.org/@oozcitak/dom/-/dom-2.0.2.tgz 217296ms (cache miss)
2865 http fetch GET 200 https://registry.npmjs.org/zod/-/zod-3.25.76.tgz 218278ms (cache miss)
2866 http fetch GET 200 https://registry.npmjs.org/@tanstack%2freact-start 8210ms (cache miss)
2867 silly packumentCache corgi:https://registry.npmjs.org/@tanstack%2freact-start set size:undefined disposed:false
2868 http fetch GET 200 https://registry.npmjs.org/@tanstack/query-core/-/query-core-5.99.0.tgz 217988ms (cache miss)
2869 silly packumentCache corgi:https://registry.npmjs.org/minimatch cache-miss
2870 http fetch GET 200 https://registry.npmjs.org/@babel/helpers/-/helpers-7.29.2.tgz 220670ms (cache miss)
2871 http fetch GET 200 https://registry.npmjs.org/minimatch 4736ms (cache miss)
2872 silly packumentCache corgi:https://registry.npmjs.org/minimatch set size:undefined disposed:false
2873 silly packumentCache corgi:https://registry.npmjs.org/tsx cache-miss
2874 silly packumentCache corgi:https://registry.npmjs.org/wrangler cache-miss
2875 http fetch GET 200 https://registry.npmjs.org/tsx 2234ms (cache miss)
2876 silly packumentCache corgi:https://registry.npmjs.org/tsx set size:undefined disposed:false
2877 http fetch GET 200 https://registry.npmjs.org/undici/-/undici-7.24.4.tgz 226162ms (cache miss)
2878 http fetch GET 200 https://registry.npmjs.org/@tanstack/react-router/-/react-router-1.168.21.tgz 227754ms (cache miss)
2879 http fetch GET 200 https://registry.npmjs.org/@tanstack/router-core/-/router-core-1.168.15.tgz 227813ms (cache miss)
2880 http fetch GET 200 https://registry.npmjs.org/@typescript-eslint/eslint-plugin/-/eslint-plugin-8.58.2.tgz 229652ms (cache miss)
2881 http fetch GET 200 https://registry.npmjs.org/@hookform/resolvers/-/resolvers-5.2.2.tgz 232254ms (cache miss)
2882 http fetch GET 200 https://registry.npmjs.org/lightningcss-android-arm64/-/lightningcss-android-arm64-1.32.0.tgz 238690ms (cache miss)
2883 http fetch GET 200 https://registry.npmjs.org/caniuse-lite/-/caniuse-lite-1.0.30001788.tgz 245697ms (cache miss)
2884 http fetch GET 200 https://registry.npmjs.org/@esbuild/android-arm64/-/android-arm64-0.27.3.tgz 254398ms (cache miss)
2885 http fetch GET 200 https://registry.npmjs.org/react-day-picker/-/react-day-picker-9.14.0.tgz 270576ms (cache miss)
2886 http fetch GET 200 https://registry.npmjs.org/wrangler 56121ms (cache miss)
2887 silly packumentCache corgi:https://registry.npmjs.org/wrangler set size:undefined disposed:false
2888 silly packumentCache corgi:https://registry.npmjs.org/@eslint%2feslintrc cache-miss
2889 silly packumentCache corgi:https://registry.npmjs.org/xmlbuilder2 cache-miss
2890 http fetch GET 200 https://registry.npmjs.org/@eslint%2feslintrc 1811ms (cache miss)
2891 silly packumentCache corgi:https://registry.npmjs.org/@eslint%2feslintrc set size:undefined disposed:false
2892 http fetch GET 200 https://registry.npmjs.org/xmlbuilder2 2980ms (cache miss)
2893 silly packumentCache corgi:https://registry.npmjs.org/xmlbuilder2 set size:undefined disposed:false
2894 silly packumentCache corgi:https://registry.npmjs.org/miniflare cache-miss
2895 http fetch GET 200 https://registry.npmjs.org/date-fns-jalali/-/date-fns-jalali-4.1.0-0.tgz 287278ms (cache miss)
2896 http fetch GET 200 https://registry.npmjs.org/@rolldown/binding-android-arm64/-/binding-android-arm64-1.2.0.tgz 297316ms (cache miss)
2897 http fetch GET 200 https://registry.npmjs.org/miniflare 17474ms (cache miss)
2898 silly packumentCache corgi:https://registry.npmjs.org/miniflare set size:undefined disposed:false
2899 silly packumentCache corgi:https://registry.npmjs.org/@tanstack%2frouter-core cache-miss
2900 silly packumentCache corgi:https://registry.npmjs.org/@tanstack%2fstart-client-core cache-miss
2901 silly packumentCache corgi:https://registry.npmjs.org/seroval-plugins cache-miss
2902 http fetch GET 200 https://registry.npmjs.org/seroval-plugins 565ms (cache miss)
2903 silly packumentCache corgi:https://registry.npmjs.org/seroval-plugins set size:undefined disposed:false
2904 http fetch GET 200 https://registry.npmjs.org/@esbuild/android-arm64/-/android-arm64-0.27.7.tgz 304497ms (cache miss)
2905 http fetch GET 200 https://registry.npmjs.org/@tanstack%2fstart-client-core 2887ms (cache miss)
2906 silly packumentCache corgi:https://registry.npmjs.org/@tanstack%2fstart-client-core set size:undefined disposed:false
2907 http fetch GET 200 https://registry.npmjs.org/@tanstack%2frouter-core 4408ms (cache miss)
2908 silly packumentCache corgi:https://registry.npmjs.org/@tanstack%2frouter-core set size:undefined disposed:false
2909 silly packumentCache corgi:https://registry.npmjs.org/@cloudflare%2fvite-plugin cache-miss
2910 silly packumentCache corgi:https://registry.npmjs.org/@tailwindcss%2fvite cache-miss
2911 silly packumentCache corgi:https://registry.npmjs.org/vite-tsconfig-paths cache-miss
2912 silly packumentCache corgi:https://registry.npmjs.org/vitefu cache-miss
2913 silly packumentCache corgi:https://registry.npmjs.org/@lovable.dev%2fvite-tanstack-config cache-miss
2914 silly packumentCache corgi:https://registry.npmjs.org/nitro cache-miss
2915 silly packumentCache corgi:https://registry.npmjs.org/@lovable.dev%2fvite-plugin-dev-server-bridge cache-miss
2916 silly packumentCache corgi:https://registry.npmjs.org/@lovable.dev%2fvite-plugin-hmr-gate cache-miss
2917 silly packumentCache corgi:https://registry.npmjs.org/@tanstack%2fdevtools-vite cache-miss
2918 http fetch GET 200 https://registry.npmjs.org/@lovable.dev%2fvite-plugin-hmr-gate 1023ms (cache miss)
2919 silly packumentCache corgi:https://registry.npmjs.org/@lovable.dev%2fvite-plugin-hmr-gate set size:undefined disposed:false
2920 http fetch GET 200 https://registry.npmjs.org/vitefu 1094ms (cache miss)
2921 silly packumentCache corgi:https://registry.npmjs.org/vitefu set size:undefined disposed:false
2922 http fetch GET 200 https://registry.npmjs.org/@lovable.dev%2fvite-plugin-dev-server-bridge 1339ms (cache miss)
2923 silly packumentCache corgi:https://registry.npmjs.org/@lovable.dev%2fvite-plugin-dev-server-bridge set size:undefined disposed:false
2924 http fetch GET 200 https://registry.npmjs.org/@tanstack%2fdevtools-vite 1343ms (cache miss)
2925 silly packumentCache corgi:https://registry.npmjs.org/@tanstack%2fdevtools-vite set size:undefined disposed:false
2926 http fetch GET 200 https://registry.npmjs.org/vite-tsconfig-paths 1477ms (cache miss)
2927 silly packumentCache corgi:https://registry.npmjs.org/vite-tsconfig-paths set size:undefined disposed:false
2928 http fetch GET 200 https://registry.npmjs.org/@lovable.dev%2fvite-tanstack-config 2799ms (cache miss)
2929 silly packumentCache corgi:https://registry.npmjs.org/@lovable.dev%2fvite-tanstack-config set size:undefined disposed:false
2930 http fetch GET 200 https://registry.npmjs.org/@cloudflare%2fvite-plugin 3084ms (cache miss)
2931 silly packumentCache corgi:https://registry.npmjs.org/@cloudflare%2fvite-plugin set size:undefined disposed:false
2932 http fetch GET 200 https://registry.npmjs.org/nitro 3411ms (cache miss)
2933 silly packumentCache corgi:https://registry.npmjs.org/nitro set size:undefined disposed:false
2934 http fetch GET 200 https://registry.npmjs.org/@tailwindcss%2fvite 3852ms (cache miss)
2935 silly packumentCache corgi:https://registry.npmjs.org/@tailwindcss%2fvite set size:undefined disposed:false
2936 silly packumentCache corgi:https://registry.npmjs.org/env-runner cache-miss
2937 http fetch GET 200 https://registry.npmjs.org/env-runner 12201ms (cache miss)
2938 silly packumentCache corgi:https://registry.npmjs.org/env-runner set size:undefined disposed:false
2939 http fetch GET 200 https://registry.npmjs.org/@esbuild/android-arm64/-/android-arm64-0.27.7.tgz 365010ms (cache miss)
2940 http fetch GET 200 https://registry.npmjs.org/date-fns/-/date-fns-4.1.0.tgz 368433ms (cache miss)
2941 http fetch GET 200 https://registry.npmjs.org/lucide-react/-/lucide-react-0.575.0.tgz 370216ms (cache miss)
2942 verbose stack Error: EACCES: permission denied, symlink '../@babel/parser/bin/babel-parser.js' -> '/storage/emulated/0/Download/markzinmaanow-main/node_modules/.bin/parser'
2942 verbose stack     at async symlink (node:internal/fs/promises:1763:10)
2942 verbose stack     at async Promise.all (index 0)
2942 verbose stack     at async Promise.all (index 0)
2942 verbose stack     at async RetryOperation.<anonymous> (/data/data/com.termux/files/usr/lib/node_modules/npm/node_modules/@gar/promise-retry/lib/index.js:46:24)
2943 error code EACCES
2944 error syscall symlink
2945 error path ../@babel/parser/bin/babel-parser.js
2946 error dest /storage/emulated/0/Download/markzinmaanow-main/node_modules/.bin/parser
2947 error errno -13
2948 error Error: EACCES: permission denied, symlink '../@babel/parser/bin/babel-parser.js' -> '/storage/emulated/0/Download/markzinmaanow-main/node_modules/.bin/parser'
2948 error     at async symlink (node:internal/fs/promises:1763:10)
2948 error     at async Promise.all (index 0)
2948 error     at async Promise.all (index 0)
2948 error     at async RetryOperation.<anonymous> (/data/data/com.termux/files/usr/lib/node_modules/npm/node_modules/@gar/promise-retry/lib/index.js:46:24) {
2948 error   errno: -13,
2948 error   code: 'EACCES',
2948 error   syscall: 'symlink',
2948 error   path: '../@babel/parser/bin/babel-parser.js',
2948 error   dest: '/storage/emulated/0/Download/markzinmaanow-main/node_modules/.bin/parser'
2948 error }
2949 error
2949 error The operation was rejected by your operating system.
2949 error It is likely you do not have the permissions to access this file as the current user
2949 error
2949 error If you believe this might be a permissions issue, please double-check the permissions of the file and its containing directories, or try running the command again as root/Administrator.
2950 silly unfinished npm timer reify 1785181662138
2951 silly unfinished npm timer reify:build 1785183348070
2952 silly unfinished npm timer build 1785183348079
2953 silly unfinished npm timer build:deps 1785183348081
2954 silly unfinished npm timer build:link 1785183348366
2955 silly unfinished npm timer build:link:node_modules/@babel/parser 1785183348367
2956 silly unfinished npm timer build:link:node_modules/@tanstack/devtools-event-client 1785183348375
2957 silly unfinished npm timer build:link:node_modules/acorn 1785183348380
2958 silly unfinished npm timer build:link:node_modules/baseline-browser-mapping 1785183348381
2959 silly unfinished npm timer build:link:node_modules/browserslist 1785183348382
2960 silly unfinished npm timer build:link:node_modules/crc-32 1785183348383
2961 silly unfinished npm timer build:link:node_modules/eslint 1785183348383
2962 silly unfinished npm timer build:link:node_modules/eslint-config-prettier 1785183348384
2963 silly unfinished npm timer build:link:node_modules/h3 1785183348384
2964 silly unfinished npm timer build:link:node_modules/jiti 1785183348385
2965 silly unfinished npm timer build:link:node_modules/js-yaml 1785183348386
2966 silly unfinished npm timer build:link:node_modules/jsesc 1785183348386
2967 silly unfinished npm timer build:link:node_modules/json5 1785183348386
2968 silly unfinished npm timer build:link:node_modules/loose-envify 1785183348387
2969 silly unfinished npm timer build:link:node_modules/miniflare 1785183348387
2970 silly unfinished npm timer build:link:node_modules/nanoid 1785183348388
2971 silly unfinished npm timer build:link:node_modules/nitro 1785183348388
2972 silly unfinished npm timer build:link:node_modules/prettier 1785183348388
2973 silly unfinished npm timer build:link:node_modules/rolldown 1785183348389
2974 silly unfinished npm timer build:link:node_modules/rollup 1785183348389
2975 silly unfinished npm timer build:link:node_modules/semver 1785183348389
2976 silly unfinished npm timer build:link:node_modules/srvx 1785183348390
2977 silly unfinished npm timer build:link:node_modules/tsconfck 1785183348390
2978 silly unfinished npm timer build:link:node_modules/tsx 1785183348390
2979 silly unfinished npm timer build:link:node_modules/typescript 1785183348391
2980 silly unfinished npm timer build:link:node_modules/update-browserslist-db 1785183348391
2981 silly unfinished npm timer build:link:node_modules/vite 1785183348392
2982 silly unfinished npm timer build:link:node_modules/which 1785183348392
2983 silly unfinished npm timer build:link:node_modules/workerd 1785183348393
2984 silly unfinished npm timer build:link:node_modules/wrangler 1785183348393
2985 silly unfinished npm timer build:link:node_modules/xlsx 1785183348394
2986 silly unfinished npm timer build:link:node_modules/@typescript-eslint/typescript-estree/node_modules/semver 1785183348394
2987 silly unfinished npm timer build:link:node_modules/h3/node_modules/srvx 1785183348395
2988 silly unfinished npm timer build:link:node_modules/nitro/node_modules/env-runner 1785183348395
2989 silly unfinished npm timer build:link:node_modules/nitro/node_modules/srvx 1785183348395
2990 silly unfinished npm timer build:link:node_modules/sharp/node_modules/semver 1785183348396
2991 silly unfinished npm timer build:link:node_modules/tsx/node_modules/esbuild 1785183348396
2992 silly unfinished npm timer build:link:node_modules/vite/node_modules/esbuild 1785183348396
2993 silly unfinished npm timer build:link:node_modules/wrangler/node_modules/esbuild 1785183348397
2994 verbose cwd /storage/emulated/0/Download/markzinmaanow-main
2995 verbose os Linux 6.1.128-android14-11-32532371-abX218USQSCEZF3
2996 verbose node v26.4.0
2997 verbose npm  v11.18.0
2998 notice
2998 notice New [31mmajor[39m version of npm available! [31m11.18.0[39m -> [34m12.0.1[39m
2998 notice Changelog: [34mhttps://github.com/npm/cli/releases/tag/v12.0.1[39m
2998 notice To update run: [4mnpm install -g npm@12.0.1[24m
2998 notice  { force: true, Symbol(proc-log.meta): true }
2999 verbose exit -13
3000 verbose code -13
3001 error A complete log of this run can be found in: /data/data/com.termux/files/home/.npm/_logs/2026-07-27T19_47_39_694Z-debug-0.log
